offset	cap	kind	jp	ko
36	5	text	幽州	유주
53	5	text	冀州	기주
70	5	text	青州	청주
87	5	text	州	병주
104	5	text	徐州	서주
121	5	text	州	연주
138	5	text	豫州	예주
155	5	text	司隷	사예
172	5	text	雍州	옹주
189	5	text	涼州	양주
206	5	text	益州	익주
223	5	text	南中	남중
240	5	text	荊北	형북
257	5	text	荊南	형남
274	5	text	淮南	회남
291	5	text	揚州	양주
308	7	text	楽浪	낙랑
317	7	text	楽浪	낙랑
326	7	text	楽浪	낙랑
335	7	text	襄平	양평
344	7	text	白狼山	백랑산
353	7	text	北平	북평
362	7	text	易京	역경
371	7	text	易京	역경
380	7	text	薊	계
389	7	text	薊	계
398	7	text	薊	계
407	7	text	南皮	남피
416	7	text	南皮	남피
425	7	text	南皮	남피
434	7	text	南皮	남피
443	7	text	南皮	남피
452	7	text	界橋	계교
461	7	text	界橋	계교
497	7	text	平原	평원
506	7	text	平原	평원
515	7	text	平原	평원
524	7	text	北海	북해
533	7	text	北海	북해
542	7	text	北海	북해
551	7	text	北海	북해
560	7	text	城陽	성양
569	7	text	城陽	성양
578	7	text	城陽	성양
587	7	text	城陽	성양
596	7	text	晋陽	진양
605	7	text	晋陽	진양
614	7	text	晋陽	진양
623	7	text	上党	상당
632	7	text	壺関	호관
641	7	text	下	하비
650	7	text	下	하비
659	7	text	下	하비
668	7	text	淮陰	회음
677	7	text	小沛	소패
686	7	text	小沛	소패
695	7	text	小沛	소패
704	7	text	小沛	소패
713	7	text	白馬	백마
722	7	text	濮陽	복양
731	7	text	定陶	정도
740	7	text	定陶	정도
749	7	text	官渡	관도
758	7	text	陳留	진류
767	7	text	陳留	진류
776	7	text	陳留	진류
785	7	text	陳留	진류
794	7	text	許昌	허창
803	7	text	許昌	허창
812	7	text	許昌	허창
821	7	text	許昌	허창
830	7	text	許昌	허창
875	7	text	汝南	여남
884	7	text	汝南	여남
893	7	text	汝南	여남
902	7	text	汝南	여남
911	7	text	河内	하내
920	7	text	河内	하내
929	7	text	虎牢関	호뢰관
938	7	text	虎牢関	호뢰관
947	7	text	虎牢関	호뢰관
956	7	text	函谷関	함곡관
965	7	text	虎牢関	호뢰관
974	7	text	弘農	홍농
983	7	text	弘農	홍농
992	7	text	潼関	동관
1001	7	text	長安	장안
1010	7	text	五丈原	오장원
1019	7	text	武関	무관
1028	7	text	天水	천수
1037	7	text	天水	천수
1046	7	text	祁山	기산
1055	7	text	安定	안정
1064	7	text	街亭	가정
1073	7	text	安定	안정
1082	7	text	武威	무위
1091	7	text	武威	무위
1100	7	text	狄道	적도
1109	7	text	西平	서평
1118	7	text	武都	무도
1127	7	text	武都	무도
1136	7	text	武都	무도
1145	7	text	斜谷関	사곡관
1154	7	text	陽平関	양평관
1163	7	text	陽平関	양평관
1172	7	text	漢中	한중
1181	7	text	剣閣	검각
1190	7	text	剣閣	검각
1199	7	text	綿竹関	면죽관
1208	7	text	梓潼	재동
1217	7	text	成都	성도
1226	7	text	成都	성도
1235	7	text	成都	성도
1244	7	text	江州	강주
1253	7	text	江州	강주
1262	7	text	江州	강주
1271	7	text	江州	강주
1280	7	text	永安	영안
1289	7	text	永安	영안
1298	7	text	永安	영안
1307	7	text	建寧	건녕
1316	7	text	建寧	건녕
1325	7	text	雲南	운남
1334	7	text	雲南	운남
1343	7	text	雲南	운남
1352	7	text	雲南	운남
1361	7	text	永昌	영창
1370	7	text	宛	완
1379	7	text	宛	완
1388	7	text	宛	완
1397	7	text	宛	완
1406	7	text	博望	박망
1415	7	text	博望	박망
1424	7	text	新野	신야
1433	7	text	新野	신야
1442	7	text	襄陽	양양
1451	7	text	襄陽	양양
1460	7	text	襄陽	양양
1469	7	text	襄陽	양양
1478	7	text	江夏	강하
1487	7	text	江夏	강하
1496	7	text	江夏	강하
1505	7	text	西塞山	서새산
1514	7	text	西塞山	서새산
1523	7	text	上庸	상용
1532	7	text	上庸	상용
1541	7	text	夷陵	이릉
1550	7	text	長坂坡	장판파
1559	7	text	江陵	강릉
1568	7	text	江陵	강릉
1577	7	text	夷陵	이릉
1586	7	text	江陵	강릉
1595	7	text	長沙	장사
1604	7	text	長沙	장사
1613	7	text	長沙	장사
1622	7	text	長沙	장사
1631	7	text	零陵	영릉
1640	7	text	零陵	영릉
1649	7	text	武陵	무릉
1658	7	text	武陵	무릉
1667	7	text	武陵	무릉
1676	7	text	武陵	무릉
1685	7	text	桂陽	계양
1694	7	text	桂陽	계양
1703	7	text	桂陽	계양
1712	7	text	寿春	수춘
1721	7	text	寿春	수춘
1730	7	text	寿春	수춘
1739	7	text	合肥	합비
1748	7	text	合肥	합비
1757	7	text	廬江	여강
1766	7	text	廬江	여강
1775	7	text	廬江	여강
1784	7	text	廬江	여강
1793	7	text	建業	건업
1802	7	text	濡須	유수
1811	7	text	濡須	유수
1820	7	text	建業	건업
1829	7	text	建業	건업
1838	7	text	呉	오
1847	7	text	呉	오
1856	7	text	呉	오
1865	7	text	呉	오
1874	7	text	会稽	회계
1883	7	text	会稽	회계
1892	7	text	会稽	회계
1901	8	text	赤壁	적벽
1910	8	text	赤壁	적벽
1919	7	text	柴桑	시상
1928	7	text	柴桑	시상
1937	7	text	柴桑	시상
1946	7	text	柴桑	시상
1955	7	text	建安	건안
1964	7	text	建安	건안
1973	7	text	建安	건안
1982	7	text	南海	남해
1991	7	text	南海	남해
2000	7	text	南海	남해
2009	7	text	南海	남해
2018	7	text	交趾	교지
2027	9	text	なし	없음
2036	5	text	遼東	요동
2041	8	yomi	ﾘｮｳﾄｳ	<빈칸>
2052	5	text	北平	북평
2057	8	yomi	ﾎｸﾍｲ	<빈칸>
2068	5	text	薊	계
2073	8	yomi	ｹｲ	<빈칸>
2084	5	text	渤海	발해
2089	7	yomi	ﾎﾞｯｶｲ	<빈칸>
2100	5	text	平原	평원
2105	7	yomi	ﾍｲｹﾞﾝ	<빈칸>
2119	9	yomi	  ｷﾞｮｳ	<빈칸>
2137	7	yomi	ｼﾝﾖｳ	<빈칸>
2148	5	text	上党	상당
2153	7	yomi	ｼﾞｮｳﾄｳ	<빈칸>
2166	3	text	南	남
2169	7	yomi	ｾｲﾅﾝ	<빈칸>
2185	7	yomi	ﾎｯｶｲ	<빈칸>
2201	7	yomi	ﾎﾞｸﾖｳ	<빈칸>
2217	7	yomi	ﾁﾝﾘｭｳ	<빈칸>
2233	7	yomi	ｶﾋ	<빈칸>
2249	7	yomi	ｼｮｳﾊｲ	<빈칸>
2265	7	yomi	ｼｮｳ	<빈칸>
2281	7	yomi	ｷｮｼｮｳ	<빈칸>
2297	7	yomi	ｼﾞｮﾅﾝ	<빈칸>
2313	7	yomi	ﾗｸﾖｳ	<빈칸>
2329	7	yomi	ｺｳﾉｳ	<빈칸>
2345	7	yomi	ﾁｮｳｱﾝ	<빈칸>
2361	7	yomi	ﾃﾝｽｲ	<빈칸>
2377	7	yomi	ｾｲﾍｲ	<빈칸>
2393	7	yomi	ｾｲﾘｮｳ	<빈칸>
2409	7	yomi	ｺｳﾘｮｳ	<빈칸>
2420	5	text	寿春	수춘
2425	7	yomi	ｼﾞｭｼｭﾝ	<빈칸>
2438	3	text	江	강
2441	7	yomi	ﾛｺｳ	<빈칸>
2457	7	yomi	ﾏﾂﾘｮｳ	<빈칸>
2472	8	yomi	 ｺﾞ	<빈칸>
2489	7	yomi	ｶｲｹｲ	<빈칸>
2505	7	yomi	ﾊﾖｳ	<빈칸>
2521	7	yomi	ｻｲｿｳ	<빈칸>
2537	7	yomi	ｴﾝ	<빈칸>
2553	7	yomi	ｼﾝﾔ	<빈칸>
2569	7	yomi	ｼﾞｮｳﾖｳ	<빈칸>
2580	5	text	上庸	상용
2585	7	yomi	ｼﾞｮｳﾖｳ	<빈칸>
2598	3	text	夏	하
2601	7	yomi	ｺｳｶ	<빈칸>
2617	7	yomi	ｺｳﾘｮｳ	<빈칸>
2633	7	yomi	ﾁｮｳｻ	<빈칸>
2649	7	yomi	ﾌﾞﾘｮｳ	<빈칸>
2665	7	yomi	ｹｲﾖｳ	<빈칸>
2681	7	yomi	ﾚｲﾘｮｳ	<빈칸>
2697	7	yomi	ｶﾝﾁｭｳ	<빈칸>
2713	7	yomi	ﾌﾞﾄ	<빈칸>
2729	7	yomi	ｴｲｱﾝ	<빈칸>
2756	5	text	巴	파
2772	5	text	成都	성도
2788	5	text	建寧	건녕
2804	5	text	永昌	영창
2820	5	text	三江	삼강
2836	16	text	なし	없음
3454	11	text	皇帝	황제
3466	11	text	魏王	위왕
3478	11	text	呉王	오왕
3490	11	text	蜀王	촉왕
3502	11	text	燕王	연왕
3514	11	text	趙王	조왕
3526	11	text	斉王	제왕
3538	11	text	宋王	송왕
3550	11	text	楚王	초왕
3562	11	text	韓王	한왕
3574	11	text	秦王	진왕
3586	11	text	越王	월왕
3598	11	text	涼王	양왕
3610	11	text	南蛮王	남만왕
3622	11	text	漢中王	한중왕
3634	11	text	魏公	위공
3646	11	text	呉公	오공
3658	11	text	蜀公	촉공
3670	11	text	燕公	연공
3682	11	text	趙公	조공
3694	11	text	斉公	제공
3706	11	text	宋公	송공
3718	11	text	楚公	초공
3730	11	text	韓公	한공
3742	11	text	秦公	진공
3754	11	text	越公	월공
3766	11	text	涼公	양공
3778	11	text	南蛮公	남만공
3790	11	text	丞相	승상
3802	11	text	大将軍	대장군
3814	11	text	州牧	주목
3826	12	text	なし	없음
3838	12	text	赤兎馬	적토마
3859	14	text	的盧	적로
3880	14	text	爪黄飛電	조황비전
3901	14	text	絶影	절영
3922	14	text	大宛馬	대완마
3943	14	text	大宛馬	대완마
3964	14	text	大宛馬	대완마
3985	14	text	大宛馬	대완마
4006	14	text	大宛馬	대완마
4027	13	text	七星宝刀	칠성보도
4048	13	text	倚天の剣	의천검
4069	13	text	青釭の剣	청강검
4090	13	text	方天画戟	방천화극
4111	13	text	方天画戟	방천화극
4132	13	text	方天画戟	방천화극
4153	13	text	方天画戟	방천화극
4174	13	text	青龍偃月刀	청룡언월도
4195	13	text	蛇矛	사모
4216	13	text	鉄脊蛇矛	철척사모
4237	13	text	雌雄一対の剣	자웅일대검
4258	13	text	古錠刀	고정도
4279	13	text	三尖刀	삼첨도
4300	13	text	双鉄戟	쌍철극
4321	13	text	大斧	대부
4342	13	text	大斧	대부
4363	13	text	大斧	대부
4384	13	text	大斧	대부
4405	13	text	鉄鞭	철편
4426	13	text	鉄鞭	철편
4447	13	text	鉄鞭	철편
4468	13	text	鉄鞭	철편
4489	13	text	鉄藜骨朶	철려골타
4510	13	text	流星鎚	유성추
4531	13	text	流星鎚	유성추
4552	13	text	流星鎚	유성추
4573	13	text	流星鎚	유성추
4594	13	text	短戟	단극
4615	13	text	短戟	단극
4636	13	text	短戟	단극
4657	13	text	短戟	단극
4678	13	text	飛刀	비도
4699	13	text	飛刀	비도
4720	13	text	飛刀	비도
4741	13	text	飛刀	비도
4762	13	text	手戟	수극
4783	13	text	手戟	수극
4804	13	text	手戟	수극
4825	13	text	手戟	수극
4846	13	text	手戟	수극
4867	13	text	眉尖刀	미첨도
4888	13	text	眉尖刀	미첨도
4909	13	text	眉尖刀	미첨도
4930	13	text	眉尖刀	미첨도
4951	13	text	眉尖刀	미첨도
4972	13	text	銅鎚	동추
4993	13	text	銅鎚	동추
5014	13	text	銅鎚	동추
5035	13	text	銅鎚	동추
5056	13	text	銅鎚	동추
5077	13	text	鉄鎖	철쇄
5098	13	text	鉄鎖	철쇄
5119	13	text	鉄鎖	철쇄
5140	13	text	鉄鎖	철쇄
5161	13	text	鉄鎖	철쇄
5182	13	text	袖箭	수전
5203	13	text	西蜀地形図	서촉지형도
5224	13	text	平蛮指掌図	평만지장도
5245	13	text	太平清領道	태평청령도
5266	13	text	青嚢書	청낭서
5287	13	text	傷寒雑病論	상한잡병론
5308	13	text	遁甲天書	둔갑천서
5329	13	text	太平要術の書	태평요술서
5350	13	text	孫子の兵法書	손자병법서
5371	13	text	孫子の兵法書	손자병법서
5392	13	text	孫子の兵法書	손자병법서
5413	13	text	孫子の兵法書	손자병법서
5434	13	text	孫子の兵法書	손자병법서
5455	13	text	兵法二十四編	병법이십사편
5476	13	text	六韜	육도
5497	13	text	六韜	육도
5518	13	text	六韜	육도
5539	13	text	六韜	육도
5560	13	text	六韜	육도
5581	13	text	孟徳新書	맹덕신서
5602	13	text	墨子	묵자
5623	13	text	墨子	묵자
5644	13	text	墨子	묵자
5665	13	text	墨子	묵자
5686	13	text	墨子	묵자
5707	13	text	論語	논어
5728	13	text	論語	논어
5749	13	text	論語	논어
5770	13	text	論語	논어
5791	13	text	老子	노자
5812	13	text	老子	노자
5833	13	text	老子	노자
5854	13	text	老子	노자
5875	13	text	荘子	장자
5896	13	text	荘子	장자
5917	13	text	荘子	장자
5938	13	text	荘子	장자
5959	13	text	詩経	시경
5980	13	text	詩経	시경
6001	13	text	詩経	시경
6022	13	text	詩経	시경
6043	13	text	書経	서경
6064	13	text	書経	서경
6085	13	text	書経	서경
6106	13	text	書経	서경
6127	13	text	礼記	예기
6148	13	text	礼記	예기
6169	13	text	礼記	예기
6190	13	text	礼記	예기
6211	13	text	易経	역경
6232	13	text	易経	역경
6253	13	text	易経	역경
6274	13	text	易経	역경
6295	13	text	春秋左氏伝	춘추좌씨전
6316	13	text	春秋左氏伝	춘추좌씨전
6337	13	text	春秋左氏伝	춘추좌씨전
6358	13	text	春秋左氏伝	춘추좌씨전
6379	13	text	春秋左氏伝	춘추좌씨전
6400	13	text	史記	사기
6421	13	text	史記	사기
6442	13	text	史記	사기
6463	13	text	史記	사기
6484	13	text	史記	사기
6505	13	text	漢書	한서
6526	13	text	漢書	한서
6547	13	text	漢書	한서
6568	13	text	漢書	한서
6589	13	text	漢書	한서
6610	13	text	漢書	한서
6631	13	text	戦国策	전국책
6652	13	text	戦国策	전국책
6673	13	text	戦国策	전국책
6694	13	text	戦国策	전국책
6715	13	text	戦国策	전국책
6736	13	text	戦国策	전국책
6757	13	text	論語集解	논어집해
6778	13	text	典論	전론
6799	13	text	博奕論	박혁론
6820	13	text	時要論	시요론
6841	13	text	治論	치론
6862	13	text	弁道論	변도론
6883	13	text	乾象暦注	건상력주
6904	13	text	孝経伝	효경전
6925	13	text	仇国論	구국론
6946	13	text	玉璽	옥새
6967	13	text	九錫	구석
6988	13	text	銅雀	동작
7009	13	text	羽扇	우선
7030	13	text	長信宮燈	장신궁등
7051	13	text	長信宮燈	장신궁등
7072	13	text	長信宮燈	장신궁등
7093	13	text	長信宮燈	장신궁등
7114	13	text	長信宮燈	장신궁등
7135	13	text	博山炉	박산로
7156	13	text	博山炉	박산로
7177	13	text	博山炉	박산로
7198	13	text	博山炉	박산로
7219	13	text	博山炉	박산로
7240	13	text	龍の方壷	용무늬 방호
7261	13	text	龍の方壷	용무늬 방호
7282	13	text	龍の方壷	용무늬 방호
7303	13	text	龍の方壷	용무늬 방호
7324	13	text	龍の方壷	용무늬 방호
7345	13	text	漆塗りの鼎	옻칠한 정
7366	13	text	漆塗りの鼎	옻칠한 정
7387	13	text	漆塗りの鼎	옻칠한 정
7408	13	text	漆塗りの鼎	옻칠한 정
7429	13	text	漆塗りの鼎	옻칠한 정
7450	13	text	金象嵌の壷	금상감 호
7471	13	text	金象嵌の壷	금상감 호
7492	13	text	金象嵌の壷	금상감 호
7513	13	text	金象嵌の壷	금상감 호
7534	13	text	金象嵌の壷	금상감 호
7555	13	text	和氏の璧	화씨지벽
7576	13	text	牛灯	우등
7597	13	text	牛灯	우등
7618	13	text	牛灯	우등
7639	13	text	牛灯	우등
7660	13	text	牛灯	우등
7681	13	text	神獣の硯	신수 벼루
7702	13	text	神獣の硯	신수 벼루
7723	13	text	神獣の硯	신수 벼루
7744	13	text	神獣の硯	신수 벼루
7765	13	text	神獣の硯	신수 벼루
7786	13	text	玉龍紋璧	옥룡문벽
7807	13	text	玉龍紋璧	옥룡문벽
7828	13	text	玉龍紋璧	옥룡문벽
7849	13	text	玉龍紋璧	옥룡문벽
7870	13	text	玉龍紋璧	옥룡문벽
7891	13	text	呂氏鏡	여씨경
7912	13	text	呂氏鏡	여씨경
7933	13	text	呂氏鏡	여씨경
7954	13	text	呂氏鏡	여씨경
7975	13	text	呂氏鏡	여씨경
7996	13	text	青釉穀倉罐	청유곡창관
8017	13	text	青釉穀倉罐	청유곡창관
8038	13	text	青釉穀倉罐	청유곡창관
8059	13	text	青釉穀倉罐	청유곡창관
8080	13	text	青釉穀倉罐	청유곡창관
8101	13	text	酒盃	술잔
8122	13	text	酒盃	술잔
8143	13	text	酒盃	술잔
8164	13	text	酒盃	술잔
8185	13	text	酒盃	술잔
8206	13	text	酒盃	술잔
8227	13	text	酒盃	술잔
8248	13	text	酒盃	술잔
8269	13	text	酒盃	술잔
8290	13	text	酒盃	술잔
8311	13	text	算盤	주판
8332	13	text	算盤	주판
8353	13	text	算盤	주판
8374	13	text	算盤	주판
8395	13	text	算盤	주판
8416	13	text	算盤	주판
8437	13	text	算盤	주판
8458	13	text	算盤	주판
8479	13	text	算盤	주판
8500	13	text	算盤	주판
8521	13	text	茶	차
8542	13	text	茶	차
8563	13	text	茶	차
8584	13	text	茶	차
8605	13	text	茶	차
8626	13	text	茶	차
8647	13	text	茶	차
8668	13	text	茶	차
8689	13	text	琴	거문고
8710	13	text	古い琴	낡은 거문고
8731	13	text	琴	거문고
8752	13	text	琴	거문고
8773	13	text	琴	거문고
8794	13	text	琴	거문고
8815	13	text	琴	거문고
8836	13	text	琴	거문고
8857	13	text	金耳墜	금귀걸이
8878	13	text	金耳墜	금귀걸이
8899	13	text	金耳墜	금귀걸이
8920	13	text	金耳墜	금귀걸이
8941	13	text	金耳墜	금귀걸이
8962	13	text	金耳墜	금귀걸이
8983	13	text	金耳墜	금귀걸이
9004	13	text	金耳墜	금귀걸이
9025	13	text	羅綺香嚢	비단 향낭
9046	13	text	羅綺香嚢	비단 향낭
9067	13	text	羅綺香嚢	비단 향낭
9088	13	text	羅綺香嚢	비단 향낭
9109	13	text	羅綺香嚢	비단 향낭
9130	13	text	羅綺香嚢	비단 향낭
9151	13	text	羅綺香嚢	비단 향낭
9172	13	text	羅綺香嚢	비단 향낭
