offset	cap	jp	ko
4661360	31	数を入力してください	수를 입력해 주십시오
5113888	8	攻撃	공격
5113896	8	守備	수비
5171064	20	囮劔劔ｹ?囮劔劔ｹ?	
5176616	8	番号	번호
5176624	8	州	주
5176632	8	ﾙﾋﾞ	읽기
5176640	8	都市	도시
5176648	8	象兵	상병
5176656	8	山騎	산기
5176664	8	楼船	누선
5176672	8	台風	태풍
5176680	8	大雪	대설
5176688	8	金	금
5176696	8	兵糧	병량
5176704	8	兵士	병사
5176712	8	武将	무장
5176720	8	放浪軍	방랑군
5176728	8	ﾃﾞｰﾀ	데이터
5176800	16	、	,
5177312	8	番号	번호
5177320	8	都市	도시
5177328	8	ﾙﾋﾞ	읽기
5177336	8	勢力	세력
5177344	8	軍団	군단
5177352	8	規模	규모
5177360	8	特徴	특징
5177368	8	都督	도독
5177376	8	太守	태수
5177384	8	軍師	군사
5177392	8	身分	신분
5177400	8	武将	무장
5177408	8	在野	재야
5177416	8	放浪軍	방랑군
5177424	8	賊	적
5177432	8	洪水	홍수
5177440	8	台風	태풍
5177448	8	豊作	풍작
5177456	8	大雪	대설
5177464	8	いなご	메뚜기
5177472	8	疫病	역병
5177480	16	常駐商人	상주상인
5177496	8	州	주
5177504	16	隣接都市	인접도시
5177520	16	隣接種類	인접종류
5177536	8	前線	전선
5177544	8	攻略	공략
5177552	16	諜報残月	첩보잔월
5177568	8	農村	농촌
5177576	8	市場	시장
5177584	8	屯所	둔소
5177592	8	工房	공방
5177600	8	城門	성문
5177608	8	兵舎	병영
5177616	8	金	금
5177624	8	兵糧	병량
5177632	8	金収支	금수지
5177640	16	兵糧収支	병량수지
5177656	8	金収入	금수입
5177664	16	兵糧収入	병량수입
5177680	8	金支出	금지출
5177688	16	兵糧支出	병량지출
5177704	8	人口	인구
5177712	8	兵士	병사
5177720	8	開発	개발
5177728	16	開発上限	개발상한
5177744	16	開発／開発上限	개발/개발상한
5177760	8	商業	상업
5177768	16	商業上限	상업상한
5177784	16	商業／商業上限	상업/상업상한
5177800	8	防御	방어
5177808	16	防御上限	방어상한
5177824	16	防御／防御上限	방어/방어상한
5177840	8	技術	기술
5177848	16	技術上限	기술상한
5177864	16	技術／技術上限	기술/기술상한
5177880	8	治安	치안
5177888	16	治安／治安上限	치안/치안상한
5177904	8	技術Lv	기술Lv
5177912	8	ｱｲﾃﾑ	아이템
5177920	8	商人	상인
5177928	8	方針	방침
5177936	16	方針残月	방침잔월
5177952	16	開発目標	개발목표
5177968	16	商業目標	상업목표
5177984	16	技術目標	기술목표
5178000	16	防御目標	방어목표
5178016	8	攻込先	공격처
5178024	8	輸送先	수송처
5178032	8	輸送金	수송금
5178040	8	目標	목표
5178048	16	目標残量	목표잔량
5178064	8	隣接	인접
5178072	8	友好	우호
5178080	16	内通武将	내통무장
5178096	16	埋伏武将	매복무장
5178112	8	委任	위임
5178120	16	戦争重視	전쟁중시
5178136	16	内政重視	내정중시
5178152	16	輸送重視	수송중시
5178168	8	農耕	농경
5178176	8	城塞	성새
5178184	8	放牧	방목
5178192	8	通常	통상
5178200	8	山岳	산악
5178208	8	河川	하천
5178216	8	海上	해상
5178224	8	桟道	잔도
5178232	8	小	소
5178240	8	中	중
5178248	8	大	대
5178256	8	建業	건업
5178264	8	ｹﾝｷﾞｮｳ	건업
5179128	8	所属	소속
5179136	8	状態	상태
5179144	8	経済	경제
5179152	8	内政	내정
5179160	8	方針	방침
5179168	8	災害	재해
5179176	8	個人	개인
5179184	16	都市選択	도시선택
5179200	16	地図	지도
5179336	16	都市一覧	도시일람
5179400	8	実行	실행
5179408	21	中止	중지
5179512	16	第一軍団	제1군단
5179528	16	第二軍団	제2군단
5179544	16	第三軍団	제3군단
5179560	16	第四軍団	제4군단
5179576	16	第五軍団	제5군단
5179592	16	第六軍団	제6군단
5179608	16	第七軍団	제7군단
5179624	16	第八軍団	제8군단
5179640	8	第一	제1
5179648	8	第二	제2
5179656	8	第三	제3
5179664	8	第四	제4
5179672	8	第五	제5
5179680	8	第六	제6
5179688	8	第七	제7
5179696	8	第八	제8
5179704	8	委任	위임
5179712	8	州制覇	주제패
5179720	16	勢力打倒	세력타도
5179736	8	番号	번호
5179744	8	軍団	군단
5179752	8	勢力	세력
5179760	8	都督	도독
5179768	8	軍師	군사
5179776	8	本拠	본거
5179784	8	都市	도시
5179792	8	方針	방침
5179800	8	目標	목표
5179808	8	武将	무장
5179816	8	金	금
5179824	8	兵糧	병량
5179832	8	兵士	병사
5179840	8	人口	인구
5179848	8	残都市	잔도시
5180088	8	状態	상태
5180096	8	資源	자원
5180104	8	方針	방침
5180112	16	軍団選択	군단선택
5180128	16	地図	지도
5180200	24	軍団一覧	군단일람
5180256	8	未知	미지
5180264	8	無視	무시
5180272	8	知己	지기
5180280	8	好意	호의
5180288	8	信頼	신뢰
5180296	8	敬愛	경애
5180432	32	%sの太守を選択して下さい	%s의 태수를 선택하십시오
5180464	32	%sの都督を選択して下さい	%s의 도독을 선택하십시오
5180496	16	%s%s%s所在の%s	%s%s%s 소재 %s
5180512	32	%s%s%s所在の%s%s%s軍・%s	%s%s%s 소재 %s%s%s군・%s
5180544	32	%s%s%s所在の%s%s%s軍配下	%s%s%s 소재 %s%s%s군 휘하
5180576	24	%s%s%s所在の放浪軍%s	%s%s%s 소재 방랑군%s
5180600	24	%s%s%s所在の	%s%s%s 소재
5180624	32	その後の展開を見守りますか？	이후 전개를 지켜보시겠습니까?
5182360	8	魏	위
5182368	8	呉	오
5182376	8	蜀	촉
5182384	8	燕	연
5182392	8	趙	조
5182400	8	斉	제
5182408	8	宋	송
5182416	8	楚	초
5182424	8	韓	한
5182432	8	秦	진
5182440	8	越	월
5182448	8	涼	양
5182456	8	大越	대월
5182464	8	成	성
5182472	8	周	주
5182480	8	魯	노
5182488	8	巴	파
5182496	8	隋	수
5182504	8	陳	진
5182512	8	沛	패
5182520	8	黄	황
5182528	8	商	상
5182536	8	陽	양
5182544	8	夏	하
5182552	8	遼	요
5182560	8	梁	양
5182568	8	殷	은
5182576	8	新	신
5182584	8	金	금
5182592	8	鮮	선
5182600	8	麗	여
5182608	8	北魏	북위
5182616	8	東魏	동위
5182624	8	西魏	서위
5182632	8	東呉	동오
5182640	8	西蜀	서촉
5182648	8	北燕	북연
5182656	8	東燕	동연
5182664	8	北趙	북조
5182672	8	南趙	남조
5182680	8	北斉	북제
5182688	8	東斉	동제
5182696	8	南斉	남제
5182704	8	北宋	북송
5182712	8	南宋	남송
5182720	8	北楚	북초
5182728	8	東楚	동초
5182736	8	北秦	북진
5182744	8	南秦	남진
5182752	8	北越	북월
5182760	8	南越	남월
5182768	8	東越	동월
5182776	8	西越	서월
5182784	8	北涼	북량
5182792	8	南涼	남량
5182800	8	北周	북주
5182808	8	南周	남주
5182816	8	東周	동주
5182824	8	西周	서주
5182832	8	北晋	북진
5182840	8	南晋	남진
5182848	8	東晋	동진
5182856	8	西晋	서진
5182864	8	東夏	동하
5182872	8	西夏	서하
5182880	8	北遼	북요
5182888	8	南遼	남요
5182896	8	東遼	동요
5182904	8	西遼	서요
5182912	8	北梁	북량
5182920	8	南梁	남량
5182928	8	東梁	동량
5182936	8	西梁	서량
5184352	16	劉	유
5184384	8	武勇	무용
5184392	8	知謀	지모
5184400	16	才能	재능
5185088	8	突撃	돌격
5185096	8	乱撃	난격
5185104	8	撹乱	교란
5185112	8	奇襲	기습
5185120	8	槍衾	창벽
5185128	8	車懸	차현
5185136	8	火矢	화시
5185144	8	斉射	제사
5185152	8	乱射	난사
5185160	8	矢嵐	화살비
5185168	8	激流	격류
5185176	8	烈火	열화
5185184	8	落石	낙석
5185192	8	妖術	요술
5185200	8	攻城	공성
5185208	8	武力	무력
5185216	8	知力	지력
5185224	8	政治	정치
5185232	8	魅力	매력
5185240	8	冷静	냉정
5185248	16	勇猛	용맹
5185496	8	金	금
5185504	8	兵糧	병량
5185512	8	兵士	병사
5185680	8	＋	＋
5185688	8	－	－
5185696	8	（	（
5185704	8	）	）
5185712	8	［	［
5185720	8	］	］
5185728	8	／	／
5185736	8	，	，
5185744	8	．	．
5185752	8	Ａ	Ａ
5185760	8	Ｂ	Ｂ
5185768	8	Ｃ	Ｃ
5185776	8	Ｄ	Ｄ
5185784	8	Ｅ	Ｅ
5185792	8	Ｆ	Ｆ
5185800	8	Ｇ	Ｇ
5185808	8	Ｈ	Ｈ
5185816	8	Ｉ	Ｉ
5185824	8	Ｊ	Ｊ
5185832	8	Ｋ	Ｋ
5185840	8	Ｌ	Ｌ
5185848	8	Ｍ	Ｍ
5185856	8	Ｎ	Ｎ
5185864	8	Ｏ	Ｏ
5185872	8	Ｐ	Ｐ
5185880	8	Ｑ	Ｑ
5185888	8	Ｒ	Ｒ
5185896	8	Ｓ	Ｓ
5185904	8	Ｔ	Ｔ
5185912	8	Ｕ	Ｕ
5185920	8	Ｖ	Ｖ
5185928	8	Ｗ	Ｗ
5185936	8	Ｘ	Ｘ
5185944	8	Ｙ	Ｙ
5185952	8	Ｚ	Ｚ
5185960	8	ａ	ａ
5185968	8	ｂ	ｂ
5185976	8	ｃ	ｃ
5185984	8	ｄ	ｄ
5185992	8	ｅ	ｅ
5186000	8	ｆ	ｆ
5186008	8	ｇ	ｇ
5186016	8	ｈ	ｈ
5186024	8	ｉ	ｉ
5186032	8	ｊ	ｊ
5186040	8	ｋ	ｋ
5186048	8	ｌ	ｌ
5186056	8	ｍ	ｍ
5186064	8	ｎ	ｎ
5186072	8	ｏ	ｏ
5186080	8	ｐ	ｐ
5186088	8	ｑ	ｑ
5186096	8	ｒ	ｒ
5186104	8	ｓ	ｓ
5186112	8	ｔ	ｔ
5186120	8	ｕ	ｕ
5186128	8	ｖ	ｖ
5186136	8	ｗ	ｗ
5186144	8	ｘ	ｘ
5186152	8	ｙ	ｙ
5186160	8	ｚ	ｚ
5187104	8	番号	번호
5187112	8	勢力	세력
5187120	8	放浪軍	방랑군
5187128	8	ﾙﾋﾞ	읽기
5187136	8	国号	국호
5187144	8	官爵	관작
5187152	8	君主	군주
5187160	8	軍師	군사
5187168	8	本拠	본거
5187176	8	軍団	군단
5187184	8	都市	도시
5187192	8	武将	무장
5187200	8	擁立	옹립
5187208	8	友好	우호
5187216	8	同盟	동맹
5187224	16	同盟残月	동맹잔월
5187240	16	連合盟主	연합맹주
5187256	16	盟主勢力	맹주세력
5187272	16	連合標的	연합표적
5187288	16	標的勢力	표적세력
5187304	16	加盟勢力	가맹세력
5187320	16	連合残月	연합잔월
5187336	8	旗番号	기번호
5187344	8	隣接	인접
5187352	8	金	금
5187360	8	兵糧	병량
5187368	8	兵士	병사
5187376	8	金収支	금수지
5187384	16	兵糧収支	병량수지
5187400	8	技術Lv	기술Lv
5187408	8	軽歩	경보병
5187416	8	重歩	중보병
5187424	8	蛮兵	만병
5187432	8	軽騎	경기병
5187440	8	重騎	중기병
5187448	8	山騎	산기
5187456	8	弩兵	노병
5187464	8	連弩	연노
5187472	8	象兵	상병
5187480	8	衝車	충차
5187488	8	投石	투석
5187496	8	井闌	정란
5187504	8	蒙衝	몽충
5187512	8	楼船	누선
5187520	8	人口	인구
5187528	24	標的距離	표적거리
5188024	8	友好	우호
5188032	8	連盟	연맹
5188040	8	資源	자원
5188048	8	状態	상태
5188056	8	兵科	병과
5188064	8	兵器	병기
5188072	16	勢力選択	세력선택
5188088	8	地図	지도
5188216	24	勢力一覧	세력일람
5188392	8	歩兵	보병
5188400	8	騎兵	기병
5188408	8	弩兵	노병
5188416	8	船	선
5188424	8	守備	수비
5188432	8	番号	번호
5188440	8	兵科	병과
5188448	8	ﾙﾋﾞ	읽기
5188456	8	系統	계통
5188464	8	編成金	편성금
5188472	8	技術Lv	기술Lv
5188480	8	説明	설명
5188488	8	突撃	돌격
5188496	8	乱撃	난격
5188504	8	撹乱	교란
5188512	8	奇襲	기습
5188520	8	槍衾	창벽
5188528	8	車懸	차현
5188536	8	火矢	화시
5188544	8	斉射	제사
5188552	8	乱射	난사
5188560	8	矢嵐	화살비
5188568	8	激流	격류
5188576	8	烈火	열화
5188584	8	落石	낙석
5188592	8	妖術	요술
5188600	8	攻城	공성
5189024	16	攻城兵器	공성병기
5189040	16	水上兵器	수상병기
5189056	8	番号	번호
5189064	8	兵器	병기
5189072	8	ﾙﾋﾞ	읽기
5189080	8	系統	계통
5189088	8	編成金	편성금
5189096	8	技術Lv	기술Lv
5189104	16	説明	설명
5189216	16	ＨＥＬＰ	HELP
5189256	16	＋  頁切替	＋  쪽전환
5189288	16	チュートリアル	튜토리얼
5189304	24	用語辞典	용어사전
5189344	8	回復	회복
5189352	8	逃亡	도망
5189360	8	愚弄	우롱
5189368	8	威圧	위압
5189376	16	斬り(弱)	베기(약)
5189392	16	斬り(強)	베기(강)
5189408	16	突き(弱)	찌르기(약)
5189424	16	突き(強)	찌르기(강)
5189440	16	隙狙い 突き(弱)	허점 찌르기(약)
5189456	16	隙狙い 突き(強)	허점 찌르기(강)
5189472	32	防御～ダメージ受け(弱)	방어~피해받기(약)
5189504	24	防御～ダメージ受け(強)	방어~피해받기(강)
5189528	8	無防備	무방비
5189536	16	継続	계속
5189824	8	番号	번호
5189832	16	アイテム	아이템
5189848	8	種類	종류
5189856	8	ＣＧ	CG
5189864	8	忠誠	충성
5189872	8	効果	효과
5189880	8	武将	무장
5189888	8	武力	무력
5189896	8	知力	지력
5189904	8	政治	정치
5189912	8	魅力	매력
5189920	8	価格	가격
5189928	8	特技	특기
5189936	8	発掘	발굴
5189944	8	売買	매매
5189952	8	都市	도시
5189960	8	ﾃﾞｰﾀ	데이터
5189968	8	売値	판매가
5189976	8	買値	구매가
5189984	8	説明	설명
5189992	8	能力	능력
5190000	8	名馬	명마
5190008	8	武具	무구
5190016	8	地図	지도
5190024	8	医書	의서
5190032	8	奇書	기서
5190040	8	兵書	병서
5190048	8	経書	경서
5190056	8	史書	사서
5190064	8	論文	논문
5190072	8	玉璽	옥새
5190080	8	宝物	보물
5190088	28	装飾	장식
5191416	16	ｱｲﾃﾑ情報	아이템 정보
5191472	8	種類	종류
5191480	8	能力	능력
5191544	8	特徴	특징
5191552	16	ｱｲﾃﾑ選択	아이템 선택
5191624	16	ｱｲﾃﾑ一覧	아이템 일람
5191784	8	並替	정렬
5191792	8	解除	해제
5191800	8	最大	최대
5191808	8	決定	결정
5191832	16	項目切替	항목전환
5191912	8	済	제
5191920	8	未	미
5191928	8	男	남
5191936	8	女	여
5191944	16	少し	조금
5191960	8	かなり	상당히
5191968	8	仲良く	친하게
5191976	16	気まずく	어색하게
5191992	8	攻撃	공격
5192000	8	守備	수비
5192008	8	勝利	승리
5192016	8	敗北	패배
5192104	8	突撃	돌격
5192112	8	乱撃	난격
5192120	8	撹乱	교란
5192128	8	奇襲	기습
5192136	8	槍衾	창벽
5192144	8	車懸	차현
5192152	8	火矢	화시
5192160	8	斉射	제사
5192168	8	乱射	난사
5192176	8	矢嵐	화살비
5192184	8	激流	격류
5192192	8	烈火	열화
5192200	8	落石	낙석
5192208	8	妖術	요술
5192216	8	攻城	공성
5192224	8	　　	
5192232	8	－	－
5192240	8	－－	－－
5192248	8	－－－	－－－
5192256	16	－－－－	－－－－
5192272	24	－－－－－－－－－－	－－－－－－－－－－
5192400	8	　	
5192408	8	　　　	
5192416	16	　　　　	
5192432	16	　　　　　	
5192448	192	外字	외자
5192640	8	未設定	미설정
5193440	8	番号	번호
5193448	8	武将ID	무장ID
5193456	8	武将	무장
5193464	8	字	자
5193472	8	ﾙﾋﾞ	읽기
5193488	8	性別	성별
5193496	8	身分	신분
5193504	8	所在	소재
5193512	8	軍団	군단
5193520	8	勢力	세력
5193528	8	親密	친밀
5193536	8	埋伏	매복
5193544	8	内通	내통
5193552	8	武力	무력
5193560	8	知力	지력
5193568	8	政治	정치
5193576	8	魅力	매력
5193584	8	悪名	악명
5193592	8	血縁	혈연
5193600	8	相性	상성
5193608	8	義理	의리
5193616	8	野望	야망
5193624	8	冷静	냉정
5193632	8	勇猛	용맹
5193640	8	寿命	수명
5193648	8	有名	유명
5193656	8	成長	성장
5193664	16	戦略傾向	전략경향
5193680	16	人物傾向	인물경향
5193696	8	賊武将	적무장
5193704	16	再仕官禁止武将	재사관금지무장
5193720	16	再仕官禁止期間	재사관금지기간
5193736	8	前仕事	전임무
5193744	8	前成果	전성과
5193752	8	提案	제안
5193760	8	意欲	의욕
5193768	8	命令	명령
5193776	8	成果0	성과0
5193784	8	成果1	성과1
5193792	8	成果2	성과2
5193800	8	成果	성과
5193808	16	特権回数	특권횟수
5193824	8	親	친
5193832	8	生年	생년
5193840	8	年齢	연령
5193848	8	仕官	사관
5193856	16	武力経験	무력경험
5193872	16	知力経験	지력경험
5193888	16	政治経験	정치경험
5193904	16	魅力経験	매력경험
5193920	8	忠誠	충성
5193928	8	階級	계급
5193936	8	俸禄	봉록
5193944	8	功績	공적
5193952	8	失策	실책
5193960	8	名声	명성
5193968	8	健康	건강
5193976	8	兵科	병과
5193984	16	兵士上限	병사상한
5194000	8	実行	실행
5194008	8	行動力	행동력
5194016	8	所持金	소지금
5194024	8	仕事	업무
5194032	8	ｱｲﾃﾑ	아이템
5194040	8	猛者	맹자
5194048	8	智嚢	지낭
5194056	8	治略	치략
5194064	8	人徳	인덕
5194072	8	医術	의술
5194080	8	天文	천문
5194088	8	耕作	경작
5194096	8	商才	상재
5194104	8	築城	축성
5194112	8	警備	경비
5194120	8	発明	발명
5194128	8	威風	위풍
5194136	8	弁舌	변설
5194144	8	反計	반계
5194152	8	挑発	도발
5194160	8	混乱	혼란
5194168	8	虚報	허보
5194176	8	歩兵	보병
5194184	8	騎兵	기병
5194192	8	弩兵	노병
5194200	8	水軍	수군
5194208	8	偵察	정찰
5194216	8	？？	??
5194224	8	突撃	돌격
5194232	8	乱撃	난격
5194240	8	撹乱	교란
5194248	8	奇襲	기습
5194256	8	槍衾	창벽
5194264	8	車懸	차현
5194272	8	火矢	화시
5194280	8	斉射	제사
5194288	8	乱射	난사
5194296	8	矢嵐	화살비
5194304	8	激流	격류
5194312	8	烈火	열화
5194320	8	落石	낙석
5194328	8	妖術	요술
5194336	8	攻城	공성
5194344	8	列伝	열전
5194352	8	仇敵	구적
5194360	8	総大将	총대장
5194368	8	参軍	참군
5194376	8	兵士	병사
5194384	8	兵器	병기
5194392	8	役	역
5194400	8	親友	친우
5194408	8	編集	편집
5194416	8	史実	사실
5194424	8	全能	전능
5194432	8	神眼	신안
5194440	8	鬼謀	귀모
5194448	8	神算	신산
5194456	8	君主	군주
5194464	8	都督	도독
5194472	8	太守	태수
5194480	8	軍師	군사
5194488	8	一般	일반
5194496	8	頭領	두령
5194504	8	同志	동지
5194512	8	在野	재야
5194520	8	未発見	미발견
5194528	8	待機	대기
5194536	8	死亡	사망
5194544	8	－－	－－
5194552	8	軽歩	경보병
5194560	8	重歩	중보병
5194568	8	蛮兵	만병
5194576	8	軽騎	경기병
5194584	8	重騎	중기병
5194592	8	山騎	산기
5194600	8	連弩	연노
5194608	8	象兵	상병
5194616	8	城門	성문
5194624	8	城壁	성벽
5194632	8	門兵	문병
5194640	8	ｹｲﾎ	경보
5194648	8	ｼﾞｭｳﾎ	중보
5194656	8	ﾊﾞﾝﾍｲ	만병
5194664	8	ｹｲｷ	경기
5194672	8	ｼﾞｭｳｷ	중기
5194680	8	ｻﾝｷ	산기
5194688	8	ﾄﾞﾍｲ	노병
5194696	8	ﾚﾝﾄﾞ	연노
5194704	8	ｿﾞｳﾍｲ	상병
5194712	8	ｼﾞｮｳﾓﾝ	성문
5194720	8	ｼﾞｮｳﾍｷ	성벽
5194728	8	ﾓﾝﾍﾟｲ	문병
5194736	8	衝車	충차
5194744	8	投石	투석
5194752	8	井闌	정란
5194760	8	蒙衝	몽충
5194768	8	楼船	누선
5194776	8	ｼｮｳｼｬ	충차
5194784	8	ﾄｳｾｷ	투석
5194792	8	ｾｲﾗﾝ	정란
5194800	8	ﾓｳｼｮｳ	몽충
5194808	8	ﾛｳｾﾝ	누선
5194816	8	猛将型	맹장형
5194824	8	知力型	지력형
5194832	8	政治型	정치형
5194840	8	魅力型	매력형
5194848	8	将軍型	장군형
5194856	8	軍師型	군사형
5194864	8	万能型	만능형
5194872	8	平凡型	평범형
5194880	8	良	양호
5194888	8	軽症	경상
5194896	8	重症	중상
5194904	8	無関心	무관심
5194912	8	内政	내정
5194920	16	バランス	균형
5194936	8	好戦	호전
5194944	8	軍備	군비
5194952	8	謀略	모략
5194960	8	私欲	사욕
5194968	8	能力	능력
5194976	8	義理低	의리저
5194984	8	なし	없음
5194992	8	自宅	자택
5195000	8	宮城	궁성
5195008	8	農村	농촌
5195016	8	市場	시장
5195024	8	屯所	둔소
5195032	8	工房	공방
5195040	8	兵舎	병영
5195048	8	酒家	주점
5195056	8	飯店	반점
5195064	8	初	초
5195072	8	弐	이
5195080	8	参	삼
5195088	8	四	사
5195096	8	五	오
5195104	8	極	극
5195112	8	未	미
5195136	8	飲	음
5195144	8	悪	악
5195152	8	宦	환
5195160	8	文	문
5195168	8	住	주
5195176	8	湖	호
5195184	8	異	이
5195192	8	倭	왜
5195200	8	使	사
5195208	8	衛	위
5195216	8	農	농
5195224	8	兵	병
5195232	8	商	상
5195240	8	大	대
5195248	8	老	노
5195256	8	若	약
5195264	8	富	부
5195272	8	子	자
5195280	8	手	수
5195288	8	職	직
5195296	8	泥	니
5195304	8	旅	여
5195312	8	酒	주
5195320	8	宿	숙
5195328	8	夫	부
5195336	8	小	소
5195344	8	釣	조
5195352	8	暴	폭
5195360	8	質	질
5195368	8	豪	호
5195376	8	闇	암
5195384	8	行	행
5195392	8	女	여
5195400	8	な	
5195408	8	平	평
5195416	8	臣	신
5195424	8	官	관
5195432	8	民	민
5195440	8	賊	적
5195448	8	民族	민족
5195456	8	人	인
5195464	8	者	자
5195472	8	士	사
5195480	8	工	공
5195488	8	娘	낭
5195496	8	供	공
5195504	8	伝	전
5195512	8	棒	봉
5195520	8	那	나
5195528	8	梅	매
5195536	8	屋	옥
5195544	8	の子	의 자식
5195552	16	し	
5195568	16	－	－
5197384	8	能力	능력
5197392	8	所属	소속
5197400	8	実績	실적
5197408	8	個人	개인
5197416	8	人脈	인맥
5197424	8	特技１	특기1
5197432	8	特技２	특기2
5197440	8	特技３	특기3
5197448	8	特技４	특기4
5197456	8	戦法１	전법1
5197464	8	戦法２	전법2
5197472	8	戦法３	전법3
5197480	8	戦法４	전법4
5197488	16	武将選択	무장 선택
5197504	16	個別編成	개별 편성
5197640	24	武将一覧	무장 일람
5197720	24	武将編集	무장 편집
5197800	8	番号	번호
5197808	8	官爵	관작
5197816	8	勢力	세력
5197824	8	説明	설명
5197832	8	、	,
5197840	16	、他%2d勢力	, 외 %2d세력
5197856	8	種類	종류
5197864	8	対象１	대상1
5197872	8	対象２	대상2
5197880	8	対象３	대상3
5197888	8	義兄	의형
5197896	8	義姉	의누나
5197904	8	義弟	의아우
5197912	8	義妹	의누이
5197920	8	夫	남편
5197928	8	妻	아내
5197936	8	父	부
5197944	8	母	모
5197952	8	息子	아들
5197960	8	娘	딸
5197968	8	兄	형
5197976	8	姉	자
5197984	8	弟	제
5197992	8	妹	매
5198000	8	一族	일족
5198008	8	友	우
5198040	16	閉じる	닫기
5198056	8	実行	실행
5198064	8	中止	중지
5198072	16	 はい 	 예 
5198088	16	いいえ	아니요
5198416	16	魅力 100	매력 100
5198640	80	セーブをしないと\n現在のデータが失われます\nタイトル画面に戻りますか？	세이브하지 않으면\n현재 데이터를 잃게 됩니다\n타이틀로 돌아가시겠습니까?
5198720	32	タイトル画面に戻りますか？	타이틀로 돌아가시겠습니까?
5198752	16	軍団方針	군단 방침
5198768	16	都市方針	도시 방침
5198784	16	軍団編成	군단 편성
5198800	8	配属	배속
5198808	8	異動	이동
5198816	8	登用	등용
5198824	8	授与	수여
5198832	8	没収	몰수
5198840	8	太守	태수
5198848	8	軍師	군사
5198856	8	解雇	해고
5198864	8	輸送	수송
5198872	8	出陣	출진
5198880	8	購入	구입
5198888	8	売却	매각
5198896	8	徴兵	징병
5198904	8	反乱	반란
5198912	8	放浪	방랑
5198920	8	贈呈	증정
5198928	8	要求	요구
5198936	8	同盟	동맹
5198944	8	破棄	파기
5198952	8	勧告	권고
5198960	8	連合	연합
5198968	8	脱退	탈퇴
5198976	8	加盟	가맹
5198984	8	離間	이간
5198992	8	破壊	파괴
5199000	8	扇動	선동
5199008	8	内通	내통
5199016	8	埋伏	매복
5199024	8	諜報	첩보
5199032	8	開墾	개간
5199040	8	商業	상업
5199048	8	技術	기술
5199056	8	補修	보수
5199064	8	治安	치안
5199072	8	仕官	사관
5199080	8	納入	납입
5199088	8	引出	인출
5199096	8	買う	구매
5199104	8	売る	판매
5199112	8	討伐	토벌
5199120	8	訓練	훈련
5199128	8	募兵	모병
5199136	8	入金	입금
5199144	8	出金	출금
5199152	8	略奪	약탈
5199160	8	訪問	방문
5199168	8	転居	이주
5199176	8	鍛練	단련
5199184	8	宴会	연회
5199192	8	悪言	악언
5199200	8	下野	하야
5199208	8	発起	발기
5199216	8	会話	대화
5199224	8	寄贈	기증
5199232	8	推挙	천거
5199240	8	見聞	견문
5199248	8	休養	휴양
5199256	8	転地	이전
5199264	8	旗揚	거병
5199272	12	なし	없음
5199288	8	pｭ	
5200144	48	ここで可否メッセージを表示します	여기에 가부 메시지를 표시합니다
5200192	24	選択ダイアログの表示	선택 대화상자 표시
5200216	16	選択肢１	선택지1
5200232	16	選択肢２	선택지2
5200248	16	選択肢３	선택지3
5200264	24	選択肢４	선택지4
5200288	64	ここで\nスチル付ナレーションメッセージを\n表示します	여기서\n스틸 첨부 내레이션 메시지를\n표시합니다
5200720	8	身分	신분
5200728	16	%3d年%02d月	%3d년 %02d월
5200744	8	評定	평정
5200752	8	都市	도시
5200760	16	%3d年開始	%3d년 시작
5200776	8	上級	상급
5200784	8	初級	초급
5200792	8	史実	사실
5200800	8	仮想	가상
5200808	16	－－－－	－－－－
5200824	16	---年--月	---년 --월
5200840	16	---年開始	---년 시작
5201408	16	提案	제안
5201664	16	仕事	업무
5202512	8	ﾄﾂｹﾞｷ	돌격
5202520	8	ﾗﾝｹﾞｷ	난격
5202528	8	ｶｸﾗﾝ	교란
5202536	8	ｷｼｭｳ	기습
5202544	8	ﾔﾘﾌﾞｽﾏ	창벽
5202552	8	ｸﾙﾏｶﾞｶﾘ	차현
5202560	8	ﾋﾔ	화시
5202568	8	ｾｲｼｬ	제사
5202576	8	ﾗﾝｼｬ	난사
5202584	8	ﾔｱﾗｼ	화살비
5202592	8	ｹﾞｷﾘｭｳ	격류
5202600	8	ﾚｯｶ	열화
5202608	8	ﾗｸｾｷ	낙석
5202616	8	ﾖｳｼﾞｭﾂ	요술
5202624	16	ｺｳｼﾞｮｳ	공성
5202640	8	番号	번호
5202648	8	戦法	전법
5202656	8	ﾙﾋﾞ	읽기
5202664	8	熟練	숙련
5202672	8	経験	경험
5202680	8	説明	설명
5202688	8	威力	위력
5202696	8	消費	소비
5202704	8	表示	표시
5202712	8	歩兵	보병
5202720	8	騎兵	기병
5202728	8	弩兵	노병
5202736	8	船	선
5202744	8	軽歩	경보병
5202752	8	重歩	중보병
5202760	8	蛮兵	만병
5202768	8	軽騎	경기병
5202776	8	重騎	중기병
5202784	8	山騎	산기
5202792	8	連弩	연노
5202800	8	象兵	상병
5202808	8	城門	성문
5202816	8	城壁	성벽
5202824	8	衛兵	위병
5202832	8	街道	가도
5202840	8	平地	평지
5202848	8	荒地	황야
5202856	8	草地	초지
5202864	8	森林	삼림
5202872	8	湿地	습지
5202880	8	山	산
5202888	8	浅瀬	여울
5202896	8	川	천
5202904	8	湖	호
5202912	8	城	성
5202920	8	砦	채
5202928	8	成功率	성공률
5202936	16	失敗威力	실패 위력
5202952	24	成功威力	성공 위력
5203152	16	兵士%d%%	병사%d%%
5203344	16	命令武将：%s	명령무장:%s
5203408	16	%s提案書	%s 제안서
5203424	8	承諾	승낙
5203432	8	拒否	거부
5203584	8	番号	번호
5203592	8	援軍	원군
5203600	8	金	금
5203608	8	兵糧	병량
5203616	8	兵士	병사
5203624	8	代表	대표
5203632	8	友好	우호
5203640	8	武将	무장
5203648	8	所在	소재
5203656	8	勢力	세력
5203664	8	太守	태수
5203672	8	州	주
5203808	8	番号	번호
5203816	16	人物番号	인물 번호
5203832	8	人物名	인물명
5203840	8	所属	소속
5203848	8	所属名	소속명
5203856	8	捕獲数	포획수
5203864	16	被捕獲数	피포획수
5203880	16	戦争勝利	전쟁 승리
5203896	16	戦争敗北	전쟁 패배
5203912	16	仇敵打倒	구적 타도
5203928	16	人材登用	인재 등용
5203944	16	放浪軍結成	방랑군 결성
5203960	16	都督昇進	도독 승진
5203976	16	太守昇進	태수 승진
5203992	16	軍師昇進	군사 승진
5204008	16	対象武将	대상무장
5204024	16	都市攻略数	도시 공략수
5204040	16	登用期間	등용 기간
5204056	8	所持金	소지금
5205712	32	今後ＣＤから読み込みます	앞으로 CD에서 읽어들입니다
5206512	16	以下の武将が	다음 무장이 
5206528	16	へ移りました\n	에 갔습니다\n
5206544	8	、	, 
5206560	40	以下の武将の身分が一般になりました\n	다음 무장의 신분이 일반이 되었습니다\n
5206600	16	%sの軍師を選択	%s 군사 선택
5206616	8	＋%d	＋%d
5206624	8	－%d	－%d
5206632	8	都督	도독
5206640	8	太守	태수
5206648	8	軍師	군사
5206784	16	なし	없음
5206848	40	実行できる武将がおりません	실행할 수 있는 무장이 없습니다
5206888	16	連合作戦	연합 작전
5206904	24	第一援軍：%s	제1 원군:%s
5206928	24	第一援軍：%s軍%s	제1 원군:%s군%s
5206952	24	第二援軍：%s	제2 원군:%s
5206976	32	第二援軍：%s軍%s	제2 원군:%s군%s
5207112	8	商才	상재
5207120	8	なし	없음
5207128	8	－%d	－%d
5207136	8	大雪	대설
5207144	8	台風	태풍
5207152	8	洪水	홍수
5207160	8	金%d	금%d
5207168	8	兵糧%d	병량%d
5207176	8	　	
5207184	8	兵士%d	병사%d
5207200	8	金	금
5207208	8	兵糧	병량
5207216	8	・兵糧	・병량
5207224	8	兵士	병사
5207232	16	・兵士	・병사
5207280	8	自勢力	자세력
5207288	8	自軍団	자군단
5207296	8	＋%d	＋%d
5207304	8	－%d	－%d
5207312	8	破壊	파괴
5207320	8	扇動	선동
5207328	8	離間	이간
5207336	8	埋伏	매복
5207344	8	内通	내통
5207352	8	登用	등용
5207360	16	勧告	권고
5207472	16	＋  頁切替	＋  쪽전환
5207504	8	農村	농촌
5207512	8	市場	시장
5207520	8	屯所	둔소
5207528	8	工房	공방
5207536	8	城門	성문
5207544	8	兵舎	병영
5207552	8	武力	무력
5207560	8	知力	지력
5207568	8	政治	정치
5207576	8	魅力	매력
5207584	8	君主	군주
5207592	8	都督	도독
5207600	8	太守	태수
5207608	8	頭領	두령
5207616	8	－－	－－
5207624	8	特技	특기
5207632	8	猛者	맹자
5207640	8	智嚢	지낭
5207648	8	治略	치략
5207656	8	人徳	인덕
5207664	8	医術	의술
5207672	8	天文	천문
5207680	8	耕作	경작
5207688	8	商才	상재
5207696	8	築城	축성
5207704	8	警備	경비
5207712	8	発明	발명
5207720	8	威風	위풍
5207728	8	弁舌	변설
5207736	8	反計	반계
5207744	8	挑発	도발
5207752	8	混乱	혼란
5207760	8	虚報	허보
5207768	8	歩兵	보병
5207776	8	騎兵	기병
5207784	8	弩兵	노병
5207792	8	水軍	수군
5207800	8	偵察	정찰
5207808	8	全能	전능
5207816	8	神眼	신안
5207824	8	鬼謀	귀모
5207832	8	神算	신산
5207840	8	委任	위임
5207848	16	戦争重視	전쟁중시
5207864	16	内政重視	내정중시
5207880	16	輸送重視	수송중시
5207896	8	州制覇	주제패
5207904	16	勢力打倒	세력타도
5207920	16	開発重視	개발 중시
5207936	16	商業重視	상업 중시
5207952	16	技術重視	기술 중시
5207968	16	防御重視	방어 중시
5207984	8	なし	없음
5207992	8	目標	목표
5208000	8	特徴	특징
5208008	8	金	금
5208016	8	兵糧	병량
5208024	8	兵士	병사
5208032	8	都市	도시
5208040	8	武将	무장
5208048	8	人口	인구
5208056	8	友好	우호
5208064	16	対象都市	대상 도시
5208080	8	開発	개발
5208088	8	商業	상업
5208096	8	技術	기술
5208104	8	防御	방어
5208112	8	勢力	세력
5208120	8	軍団	군단
5208128	8	賊	적
5208136	8	賊兵	적병
5208144	16	連合残月	연합잔월
5208160	16	同盟残月	동맹잔월
5208176	8	治安	치안
5208184	16	諜報残月	첩보잔월
5208200	16	実行武将	실행무장
5208216	8	徴兵	징병
5208224	8	移動先	이동지
5208232	8	前線	전선
5208240	8	身分	신분
5208248	8	所在	소재
5208256	16	購入兵糧	구입 병량
5208272	16	売却兵糧	매각 병량
5208288	8	買相場	매입가
5208296	8	売相場	매각가
5208304	16	賛同武将予想	찬동 무장 예상
5208320	16	盟主勢力	맹주세력
5208336	16	標的勢力	표적세력
5208352	16	勧誘勢力	권유 세력
5208368	16	対象勢力	대상 세력
5208384	16	贈呈内容	증정 내용
5208400	16	要求内容	요구 내용
5208416	8	期間	기간
5208424	16	対象武将	대상무장
5208440	8	忠誠	충성
5208448	16	アイテム	아이템
5208464	8	種類	종류
5208472	8	保有量	보유량
5208480	8	俸禄	봉록
5208488	16	対象軍団	대상 군단
5208504	8	方針	방침
5208512	8	攻込先	공격처
5208520	16	開発目標	개발목표
5208536	16	商業目標	상업목표
5208552	16	技術目標	기술목표
5208568	16	防御目標	방어목표
5208584	8	輸送元	수송원
5208592	8	輸送先	수송처
5208600	8	輸送金	수송금
5208608	16	現役軍師	현직 군사
5208624	16	現役太守	현직 태수
5208640	8	待遇	대우
5208648	8	支度金	준비금
5208656	8	出陣元	출진원
5208664	8	援軍	원군
5208672	8	編成	편성
5208680	16	連合作戦	연합 작전
5208696	8	攻撃	공격
5208704	8	守備	수비
5208712	8	正規	정규
5208720	8	増援	증원
5208728	8	応援	응원
5208736	8	編成金	편성금
5208744	16	兵糧負担	병량 부담
5208760	8	街道	가도
5208768	8	関	관
5208776	8	兵科	병과
5208784	8	兵器	병기
5208792	8	退却先	퇴각지
5208800	16	出陣編成	출진 편성
5208816	8	総大将	총대장
5208824	8	参軍	참군
5208832	8	解散	해산
5208840	16	軍団設定	군단 설정
5208856	16	都市方針選択	도시 방침 선택
5208872	16	軍団方針選択	군단 방침 선택
5208888	16	内政方針選択	내정 방침 선택
5208904	16	重点項目	중점 항목
5208920	8	現在	현재
5208928	8	残量	잔량
5208936	8	納入金	납입금
5208944	8	引出金	인출금
5208952	8	入金	입금
5208960	8	出金	출금
5208968	8	所持金	소지금
5208976	8	都市金	도시금
5208984	8	勢力金	세력금
5208992	16	協力武将	협력무장
5209008	8	親密	친밀
5209016	8	買値	구매가
5209024	8	戦法	전법
5209032	8	経験	경험
5209040	8	名声	명성
5209048	8	能力	능력
5209056	16	戦法伝授	전법 전수
5209072	16	仕事決定	업무 결정
5209088	16	最適命令	최적 명령
5209104	16	個別命令	개별 명령
5209120	8	解任	해임
5209128	8	提案	제안
5209136	8	命令	명령
5209144	8	意欲	의욕
5209152	16	開墾重視	개간 중시
5209168	16	補修重視	보수 중시
5209184	16	治安重視	치안 중시
5209200	16	仕事選択	업무 선택
5209216	8	仕事	업무
5209224	8	開墾	개간
5209232	8	補修	보수
5209240	8	民心	민심
5209248	16	仕事提案	업무 제안
5209264	8	達成	달성
5209272	8	登用	등용
5209280	8	解放	석방
5209288	8	処断	처단
5209296	8	承諾	승낙
5209304	8	拒否	거부
5209312	8	年齢	연령
5209320	8	功績	공적
5209328	16	仕官許可	사관 허가
5209344	16	捕虜処遇	포로 처우
5209360	16	出陣部隊編成	출진부대 편성
5209376	16	起案武将	기안 무장
5209392	16	軍団選択	군단선택
5209408	8	標準	표준
5209416	16	編成金０	편성금 0
5209432	16	間接重視	간접 중시
5209448	16	騎兵重視	기병 중시
5209464	16	水軍重視	수군 중시
5209480	16	攻城重視	공성 중시
5209496	16	最適編成	최적 편성
5209512	16	個別編成	개별 편성
5209528	16	提案重視	제안 중시
5209544	24	残提案者	남은 제안자
5209816	8	開発	개발
5209824	8	商業	상업
5209832	8	技術	기술
5209840	8	防御	방어
5209848	8	・	・
5209856	8	兵糧%d	병량%d
5209864	8	兵士%d	병사%d
5209872	8	金%d	금%d
5209880	16	\n　　　　　	\n
5209896	8	、	,
5210032	16	参加勢力：	참가 세력:
5210064	8	＋%d	＋%d
5210072	8	%sと%s	%s, %s
5210176	8	他%d名	외%d명
5210184	8	、	,
5210280	8	実行	실행
5210288	8	中止	중지
5210400	8	未	미
5210408	8	？？	??
5210600	8	軍団	군단
5210608	8	都市	도시
5210616	8	編成	편성
5210624	8	配属	배속
5210632	8	異動	이동
5210640	8	登用	등용
5210648	8	授与	수여
5210656	8	没収	몰수
5210664	8	太守	태수
5210672	8	軍師	군사
5210680	8	解雇	해고
5210688	8	輸送	수송
5210696	8	出陣	출진
5210704	8	購入	구입
5210712	8	売却	매각
5210720	8	徴兵	징병
5210728	8	反乱	반란
5210736	8	旗揚	거병
5210744	8	放浪	방랑
5210752	8	転地	이전
5210760	8	贈呈	증정
5210768	8	要求	요구
5210776	8	勧告	권고
5210784	8	同盟	동맹
5210792	8	破棄	파기
5210800	8	連合	연합
5210808	8	脱退	탈퇴
5210816	8	加盟	가맹
5210824	8	諜報	첩보
5210832	8	離間	이간
5210840	8	破壊	파괴
5210848	8	扇動	선동
5210856	8	内通	내통
5210864	8	埋伏	매복
5210872	8	売買	매매
5210880	8	外交	외교
5210888	8	作敵	이간
5210896	8	流言	유언
5210904	8	引抜	포섭
5210912	16	待機	대기
5210928	32	※%sコマンドが実行できません	※%s 커맨드 실행 불가
5210992	16	ゲーム進行制御	게임 진행 제어
5211008	16	勢力戦略	세력 전략
5211024	16	放浪軍戦略	방랑군 전략
5211040	16	都市戦略	도시 전략
5211056	16	武将戦略	무장 전략
5211072	16	君主武将戦略	군주 무장 전략
5211088	16	都督武将戦略	도독 무장 전략
5211104	16	太守武将戦略	태수 무장 전략
5211120	16	軍師武将戦略	군사 무장 전략
5211136	16	一般武将戦略	일반 무장 전략
5211152	16	頭領武将戦略	두령 무장 전략
5211168	16	同志武将戦略	동지 무장 전략
5211184	32	ユーザー武将戦略	유저 무장 전략
5211272	8	開墾	개간
5211280	8	見聞	견문
5211288	8	商業	상업
5211296	8	買う	구매
5211304	8	売る	판매
5211312	8	補修	보수
5211320	8	訪問	방문
5211328	8	略奪	약탈
5211336	8	転居	이주
5211344	8	技術	기술
5211352	8	治安	치안
5211360	8	討伐	토벌
5211368	8	訓練	훈련
5211376	8	会話	대화
5211384	8	寄贈	기증
5211392	8	悪言	악언
5211400	8	納入	납입
5211408	8	引出	인출
5211416	8	仕官	사관
5211424	8	推挙	천거
5211432	8	募兵	모병
5211440	8	入金	입금
5211448	8	出金	출금
5211456	8	鍛練	단련
5211464	8	宴会	연회
5211472	8	下野	하야
5211480	8	発起	발기
5211488	8	城門	성문
5211496	8	農村	농촌
5211504	8	宮城	궁성
5211512	8	兵舎	병영
5211520	8	酒家	주점
5211528	8	飯店	반점
5211536	8	屯所	둔소
5211544	8	工房	공방
5211552	8	市場	시장
5211560	8	自宅	자택
5211568	16	町民	주민
5211776	8	虚報	허보
5211784	8	なし	없음
5211792	8	築城	축성
5211800	8	挑発	도발
5211808	8	弁舌	변설
5211816	8	混乱	혼란
5211824	8	神眼	신안
5211832	8	偵察	정찰
5212120	8	、	,
5212432	16	%s内容選択	%s 내용 선택
5212560	16	悪言	악언
5212808	12	買う	구매
5213376	16	必ず退却成功	퇴각 성공 확정
5213536	8	宴会	연회
5213760	8	発起	발기
5213888	8	訪問	방문
5214024	8	会話	대화
5214272	16	%s民心	%s민심
5214816	16	寄贈	기증
5215072	8	－	－
5215080	8	＋	＋
5215136	8	 － 	－
5215600	8	略奪	약탈
5215720	8	売る	판매
5215920	8	%s民心	%s민심
5216256	16	%sに仕官します	%s에 사관합니다
5216392	8	推挙	천거
5216912	8	転居	이주
5217008	8	盗賊	도적
5217016	8	山賊	산적
5217024	8	大山賊	대산적
5217104	16	、	,
5217344	8	＋%d	＋%d
5217352	16	金%d、兵糧%d	금%d, 병량%d
5217368	8	金%d	금%d
5217376	8	兵糧%d	병량%d
5217384	8	－%d	－%d
5217424	32	[b所持していたアイテム	[b소지하고 있던 아이템
5217456	64	[1b%s[bの[2b%s[bは\n[1b%s[bのものになりました	[1b%s[b의 [2b%s[b,\n[1b%s[b의 것이 되었습니다
5217608	8	蒋	장
5217616	8	ｼｮｳ	장
5217624	8	愈	유
5217640	8	孟	맹
5217648	8	ﾓｳ	맹
5217656	8	童	동
5217664	8	ﾄｳ	동
5217672	8	祁	기
5217688	8	馮	풍
5217696	8	ﾎｳ	풍
5217704	8	謝	사
5217712	8	ｼｬ	사
5217720	8	張	장
5217728	8	ﾁｮｳ	장
5217736	8	蘇	소
5217752	8	左	좌
5217768	8	陳	진
5217776	8	ﾁﾝ	진
5217784	8	田	전
5217792	8	ﾃﾞﾝ	전
5217800	8	鄭	정
5217808	8	ﾃｲ	정
5217816	8	長孫	장손
5217824	8	ﾁｮｳｿﾝ	장손
5217832	8	歐陽	구양
5217840	8	ｵｳﾖｳ	구양
5217848	8	江	강
5217856	8	ｺｳ	강
5217864	8	車	거
5217872	8	霍	곽
5217880	8	ｶｸ	곽
5217888	8	伍	오
5217896	8	ｺﾞ	오
5217904	8	梁	양
5217912	8	ﾘｮｳ	양
5217920	8	昭	소
5217928	8	任	임
5217936	8	ﾆﾝ	임
5217944	8	不韋	불위
5217952	8	ﾌｲ	불위
5217960	8	耽	탐
5217968	8	ﾀﾝ	탐
5217976	8	昇	승
5217984	8	琳	림
5217992	8	ﾘﾝ	림
5218000	8	正	정
5218008	8	ｾｲ	정
5218016	8	成	성
5218024	8	僉	첨
5218032	8	ｾﾝ	첨
5218040	8	之推	지추
5218048	8	ｼｽｲ	지추
5218056	8	路	로
5218072	8	永慶	영경
5218080	8	ｴｲｹｲ	영경
5218088	8	沛	패
5218096	8	ﾊｲ	패
5218104	8	無忌	무기
5218112	8	ﾑｷ	무기
5218120	8	鋒	봉
5218128	8	華	화
5218144	8	忠	충
5218152	8	ﾁｭｳ	충
5218160	8	超	초
5218168	8	紀	기
5218176	8	伯	백
5218184	8	ﾊｸ	백
5218192	8	顏	안
5218200	8	ｶﾞﾝ	안
5218208	8	韋	위
5218224	8	安	안
5218232	8	ｱﾝ	안
5218240	8	徐	서
5218248	8	ｼﾞｮ	서
5218256	8	施	시
5218272	8	范	범
5218280	8	ﾊﾝ	범
5218288	8	ｼﾞﾝ	인
5218296	8	呉	오
5218304	8	王	왕
5218312	8	ｵｳ	왕
5218320	8	呂	여
5218328	8	ﾘｮ	여
5218336	8	李	이
5218352	8	狄	적
5218360	8	ｷｭｳ	구
5218368	8	慕容	모용
5218376	8	ﾎﾞﾖｳ	모용
5218384	8	沈	심
5218392	8	鳳	봉
5218400	8	武	무
5218408	8	ﾌﾞ	무
5218416	8	許	허
5218424	8	ｷｮ	허
5218432	8	屈	굴
5218440	8	ｸﾂ	굴
5218448	8	洪	홍
5218456	8	侯	후
5218464	8	如玉	여옥
5218472	8	ｷｮｷﾞｮｸ	여옥
5218480	8	淑	숙
5218488	8	ｼｭｸ	숙
5218496	8	甄	견
5218504	8	ｼﾝ	견
5218512	8	玉蓮	옥련
5218520	8	ｷﾞｮｸﾚﾝ	옥련
5218528	8	珍	진
5218536	8	芝	지
5218552	8	秋香	추향
5218560	8	ｼｭｳｺｳ	추향
5218568	8	思涵	사함
5218576	8	ｼｶﾝ	사함
5218584	8	菲	비
5218592	8	ﾋﾞ	비
5218600	8	嫺	한
5218608	8	ﾋﾞﾝ	빈
5218616	8	媚娘	미랑
5218624	8	ｺｼﾞｮｳ	미랑
5218632	8	婉	완
5218640	8	ｴﾝ	완
5218648	8	之妍	지연
5218656	8	ｼｹﾝ	지연
5218664	8	娜	나
5218680	8	娥	아
5218688	8	ｶﾞ	아
5218696	8	又玲	우령
5218704	8	ﾕｳﾚｲ	우령
5218720	8	若蘭	약란
5218728	8	ｼﾞｬｸﾗﾝ	약란
5218736	8	梅芳	매방
5218744	8	ﾊﾞｲﾎｳ	매방
5218752	8	珠	주
5218760	8	ｼｭ	주
5219096	8	、	,
5219160	8	狼	낭
5219168	8	虎	호
5219176	8	熊	웅
5219184	16	大熊猫	대웅묘
5219536	32	[b所持していたアイテム	[b소지하고 있던 아이템
5219568	56	[1b%s[bの[2b%s[bは\n[1b%s[bのものになりました	[1b%s[b의 [2b%s[b,\n[1b%s[b의 것이 되었습니다
5219712	16	提案	제안
5219784	8	軍団	군단
5219792	8	都市	도시
5219800	8	編成	편성
5219808	8	配属	배속
5219816	8	異動	이동
5219824	8	登用	등용
5219832	8	授与	수여
5219840	8	没収	몰수
5219848	8	太守	태수
5219856	8	軍師	군사
5219864	8	解雇	해고
5219872	8	輸送	수송
5219880	8	出陣	출진
5219888	8	購入	구입
5219896	8	売却	매각
5219904	8	徴兵	징병
5219912	8	反乱	반란
5219920	8	旗揚	거병
5219928	8	放浪	방랑
5219936	8	転地	이전
5219944	8	贈呈	증정
5219952	8	要求	요구
5219960	8	勧告	권고
5219968	8	同盟	동맹
5219976	8	破棄	파기
5219984	8	連合	연합
5219992	8	加盟	가맹
5220000	8	脱退	탈퇴
5220008	8	離間	이간
5220016	8	破壊	파괴
5220024	8	扇動	선동
5220032	8	内通	내통
5220040	8	埋伏	매복
5220048	8	方針	방침
5220056	8	人事	인사
5220064	8	軍事	군사
5220072	8	外交	외교
5220080	8	計略	계략
5220088	16	諜報	첩보
5220104	8	また、	또한,
5220112	8	、	,
5220120	16	、他%d勢力	, 다른 %d 세력
5220312	8	・	・
5220480	16	授与	수여
5220664	8	配属	배속
5220784	8	解雇	해고
5220944	16	異動	이동
5221088	16	軍師	군사
5221264	8	配属	배속
5221272	8	太守	태수
5221408	16	必ず退却成功	퇴각 성공 확정
5221728	8	登用	등용
5221936	16	購入	구입
5222160	16	徴兵	징병
5222792	16	%s側%s軍	%s측 %s군
5222808	8	応戦	응전
5222816	16	放棄	포기
5222880	16	出陣	출진
5223088	8	総大将	총대장
5223096	8	参軍	참군
5223104	8	決定	결정
5223112	24	%s側%s軍	%s측 %s군
5223184	8	ﾀｰﾝ	턴
5223256	8	出陣	출진
5223840	16	売却	매각
5223984	16	退却先	퇴각지
5224176	16	転地	이전
5224528	16	輸送	수송
5224704	16	%-4s 前線 %s	%-4s 전선 %s
5224720	16	都市	도시
5225216	8	決定	결정
5225392	16	州制覇・%s	주 제패 - %s
5225408	16	勢力打倒・%s	세력 타도 - %s
5225424	16	軍団	군단
5226416	8	編成	편성
5226424	8	決定	결정
5226640	8	加盟	가맹
5226648	8	金	금
5226656	8	兵糧	병량
5226664	8	兵士	병사
5226672	8	ｱｲﾃﾑ	아이템
5226680	8	なし	없음
5226976	16	同盟	동맹
5227200	16	破棄	파기
5227392	8	脱退	탈퇴
5227400	8	金	금
5227408	8	兵糧	병량
5227416	8	兵士	병사
5227424	16	ｱｲﾃﾑ	아이템
5227696	8	贈呈	증정
5227704	8	金	금
5227712	8	兵糧	병량
5227720	8	兵士	병사
5227728	16	ｱｲﾃﾑ	아이템
5228000	16	要求	요구
5228224	16	勧告	권고
5228448	8	連合	연합
5228512	16	檄	격문
5228736	16	諜報	첩보
5228944	16	破壊	파괴
5229200	16	埋伏	매복
5229456	16	内通	내통
5229696	16	離間	이간
5229920	16	扇動	선동
5230200	16	都市武将	도시 무장
5230216	8	武将	무장
5230224	8	都市	도시
5230232	8	勢力	세력
5230240	8	軍団	군단
5230248	8	官爵	관작
5230256	8	災害	재해
5230264	16	情報一覧	정보 일람
5230280	8	セーブ	세이브
5230288	8	ロード	로드
5230296	16	環境設定	환경 설정
5230312	16	武将編集	무장 편집
5230328	16	都市編集	도시 편집
5230344	8	年表	연표
5230352	16	ゲーム終了	게임 종료
5230416	8	仕官	사관
5230424	8	納入	납입
5230432	8	引出	인출
5230440	8	開墾	개간
5230448	8	商業	상업
5230456	8	買う	구매
5230464	8	売る	판매
5230472	8	治安	치안
5230480	8	討伐	토벌
5230488	8	技術	기술
5230496	8	訓練	훈련
5230504	8	募兵	모병
5230512	8	入金	입금
5230520	8	出金	출금
5230528	8	略奪	약탈
5230536	8	補修	보수
5230544	8	訪問	방문
5230552	8	転居	이주
5230560	8	鍛練	단련
5230568	8	宴会	연회
5230576	8	悪言	악언
5230584	8	下野	하야
5230592	8	発起	발기
5230600	8	推挙	천거
5230608	8	見聞	견문
5230616	8	会話	대화
5230624	8	寄贈	기증
5230632	8	老人	노인
5230640	8	男性	남성
5230648	8	女性	여성
5230656	8	金持	부자
5230664	8	子供	아이
5230672	8	乱暴	난폭
5230680	8	旅人	나그네
5230688	8	農民	농민
5230696	8	肉屋	푸줏간
5230704	8	魚屋	어물전
5230712	8	万屋	잡화상
5230720	8	工夫	인부
5230728	8	衛兵	위병
5230736	8	師範	사범
5230744	8	鍛冶	대장간
5230752	8	商人	상인
5230760	8	行商	행상
5230768	8	酒娘	주모
5230776	8	飯娘	찬모
5230784	8	恋人	연인
5230792	8	小間	하녀
5230800	8	小玉	소옥
5230808	8	嫁	신부
5230816	8	旦那	서방
5230824	8	釣人	낚시꾼
5230832	8	息子	아들
5230840	8	娘	딸
5230848	8	犬	개
5230856	8	高札	게시판
5230864	8	泥棒	도둑
5230872	8	酔払	취객
5230880	8	民	백성
5230888	8	男女	남녀
5230896	8	軍団	군단
5230904	8	都市	도시
5230912	8	編成	편성
5230920	8	配属	배속
5230928	8	異動	이동
5230936	8	登用	등용
5230944	8	授与	수여
5230952	8	没収	몰수
5230960	8	太守	태수
5230968	8	軍師	군사
5230976	8	解雇	해고
5230984	8	輸送	수송
5230992	8	出陣	출진
5231000	8	購入	구입
5231008	8	売却	매각
5231016	8	徴兵	징병
5231024	8	反乱	반란
5231032	8	旗揚	거병
5231040	8	放浪	방랑
5231048	8	転地	이전
5231056	8	贈呈	증정
5231064	8	要求	요구
5231072	8	同盟	동맹
5231080	8	破棄	파기
5231088	8	勧告	권고
5231096	8	連合	연합
5231104	8	脱退	탈퇴
5231112	8	加盟	가맹
5231120	8	離間	이간
5231128	8	破壊	파괴
5231136	8	扇動	선동
5231144	8	内通	내통
5231152	8	埋伏	매복
5231160	8	諜報	첩보
5231176	8	＋%d	＋%d
5231184	16	－%d	－%d
5231520	8	解除	해제
5231528	8	決定	결정
5231544	8	兵士	병사
5231608	8	最大	최대
5231616	16	兵科	병과
5231688	8	出陣	출진
5231696	16	兵器	병기
5231984	8	春	춘
5231992	8	夏	하
5232000	8	秋	추
5232008	8	冬	동
5232024	16	%3d年%2d月%s	%3d년 %2d월%s
5232256	8	勢力	세력
5232264	8	軍団	군단
5232272	8	太守	태수
5232280	8	軍師	군사
5232288	8	開発	개발
5232296	8	商業	상업
5232304	8	技術	기술
5232312	8	防御	방어
5232320	8	治安	치안
5232328	8	金	금
5232336	8	兵糧	병량
5232344	8	兵士	병사
5232352	8	人口	인구
5232360	8	規模	규모
5232368	8	武将	무장
5232376	8	在野	재야
5232384	8	放浪軍	방랑군
5232392	8	商人	상인
5232400	8	災害	재해
5232408	8	仕事	업무
5232416	8	目標	목표
5232424	8	軍	군
5232432	16	都市武将	도시 무장
5232448	16	都市	도시
5232632	8	春	춘
5232640	8	夏	하
5232648	8	秋	추
5232656	8	冬	동
5232664	16	%3d年%2d月%s	%3d년 %2d월%s
5234440	8	登録	등록
5234448	16	新規登録	신규 등록
5234464	16	内容変更	내용 변경
5234480	16	武将削除	무장 삭제
5234496	16	血縁設定	혈연 설정
5234512	16	血縁解除	혈연 해제
5234528	16	親友設定	친우 설정
5234544	16	親友解除	친우 해제
5234560	16	保存する	저장
5234592	16	登録数 %3d/%3d	등록수 %3d/%3d
5234688	32	%sを削除します\nよろしいですか？	%s 무장을\n삭제하시겠습니까?
5234720	32	親にできる武将が存在しません	부모로 지정할 무장이 없습니다
5234752	48	%sを%sの親に設定します\nよろしいですか？	%s 무장을 %s의 부모로\n설정하시겠습니까?
5234800	48	%sの親をいなくします\nよろしいですか？	%s의 부모 설정을\n해제하시겠습니까?
5234848	48	%sらの親をいなくします\nよろしいですか？	%s 등의 부모 설정을\n해제하시겠습니까?
5234896	48	%sを%sと親友にします\nよろしいですか？	%s 무장과 %s 무장을\n친우로 하시겠습니까?
5234944	48	%sの親友をなくします\nよろしいですか？	%s의 친우 설정을\n해제하시겠습니까?
5234992	40	%sらの親友をなくします\nよろしいですか？	%s 등의 친우 설정을\n해제하시겠습니까?
5235032	8	袁遺	원유
5235040	8	李儒	이유
5235048	8	鍾	종
5235056	8	程普	정보
5235064	8	許靖	허정
5235072	8	鮑信	포신
5235080	8	厳顔	엄안
5235088	8	公孫	공손
5235096	8	袁紹	원소
5235104	8	陳宮	진궁
5235112	8	曹操	조조
5235120	8	孫堅	손견
5235128	8	馬騰	마등
5235136	8	呂布	여포
5235144	8	夏侯惇	하후돈
5235152	8	荀攸	순유
5235160	8	高順	고순
5235168	8	侯成	후성
5235176	8	于禁	우금
5235184	8	楽進	악진
5235192	8	顔良	안량
5235200	8	典韋	전위
5235208	8	張遼	장료
5235216	8	劉備	유비
5235224	8	関羽	관우
5235232	8	田豊	전풍
5235240	8	夏侯淵	하후연
5235248	8	甘寧	감녕
5235256	8	虞翻	우번
5235264	8	周倉	주창
5235272	8	孫乾	손건
5235280	8	糜竺	미축
5235288	8	呉懿	오의
5235296	8	太史慈	태사자
5235304	8	張	장
5235312	8	張飛	장비
5235320	8	曹仁	조인
5235328	8	趙雲	조운
5235336	8	徐晃	서황
5235344	8	曹洪	조홍
5235352	8	郭嘉	곽가
5235360	8	許	허
5235368	8	王甫	왕보
5235376	8	徳	덕
5235384	8	李厳	이엄
5235392	8	魯粛	노숙
5235400	8	袁譚	원담
5235408	8	王累	왕루
5235416	8	諸葛瑾	제갈근
5235424	8	李典	이전
5235432	8	魏延	위연
5235440	8	孫策	손책
5235448	8	周瑜	주유
5235456	8	馬超	마초
5235464	8	朱桓	주환
5235472	8	徐盛	서성
5235480	8	顧雍	고옹
5235488	8	呂蒙	여몽
5235496	8	司馬懿	사마의
5235504	8	統	통
5235512	8	徐庶	서서
5235520	8	孫礼	손례
5235528	8	諸葛亮	제갈량
5235536	16	木鹿大王	목록대왕
5235552	8	朱然	주연
5235560	8	孫権	손권
5235568	8	馬岱	마대
5235576	8	陸遜	육손
5235584	8	孫翊	손익
5235592	8	劉	유
5235600	8	夏侯尚	하후상
5235608	8	曹真	조진
5235616	8	兀突骨	올돌골
5235624	8	劉巴	유파
5235632	8	関平	관평
5235640	8	曹丕	조비
5235648	8	蒋	장
5235656	8	張翼	장익
5235664	8	諸葛均	제갈균
5235672	8	凌統	능통
5235680	8	曹彰	조창
5235688	8	馬謖	마속
5235696	8	陳式	진식
5235704	8	冷苞	냉포
5235712	8	王平	왕평
5235720	8	曹植	조식
5235728	8	費	비
5235736	8	劉封	유봉
5235744	8	高翔	고상
5235752	8	呂凱	여개
5235760	8	王双	왕쌍
5235768	8	向寵	상총
5235776	8	顎煥	악환
5235784	8	楽	악
5235792	8	孫桓	손환
5235800	8	艾	애
5235808	8	張苞	장포
5235816	8	陸凱	육개
5235824	8	関興	관흥
5235832	8	桓範	환범
5235840	8	昭	소
5235848	8	関索	관색
5235856	8	夏侯楙	하후무
5235864	8	周	주
5235872	8	夏侯覇	하후패
5235880	8	姜維	강유
5235888	8	諸葛恪	제갈각
5235896	8	滕胤	등윤
5235904	8	夏侯威	하후위
5235912	8	曹叡	조예
5235920	8	公孫淵	공손연
5235928	8	傳僉	부첨
5235936	8	王濬	왕준
5235944	8	諸葛誕	제갈탄
5235952	8	曹爽	조상
5235960	8	劉禅	유선
5235968	8	夏侯玄	하후현
5235976	8	司馬師	사마사
5235984	8	趙統	조통
5235992	8	孫登	손등
5236000	8	趙広	조광
5236008	8	陳泰	진태
5236016	8	尹大目	윤대목
5236024	8	司馬昭	사마소
5236032	8	曹訓	조훈
5236040	8	劉理	유리
5236048	8	王渾	왕혼
5236056	8	許儀	허의
5236064	8	石苞	석포
5236072	8	句安	구안
5236080	8	師纂	사찬
5236088	8	劉丞	유승
5236096	8	呉綱	오강
5236104	8	蒋斌	장빈
5236112	8	王	왕
5236120	8	賈充	가충
5236128	8	関統	관통
5236136	8	田続	전속
5236144	8	関彝	관이
5236152	8	孫峻	손준
5236160	8	衛	위
5236168	8	楊欣	양흔
5236176	8	馬	마
5236184	8	羊	양
5236192	8	杜預	두예
5236200	8	文鴦	문앙
5236208	8	薛瑩	설영
5236216	8	孫異	손이
5236224	8	孫和	손화
5236232	8	濮陽興	복양흥
5236240	8	鍾会	종회
5236248	8	張布	장포
5236256	8	黄皓	황호
5236264	8	陸抗	육항
5236272	8	諸葛瞻	제갈첨
5236280	8	司馬	사마
5236288	8	滕脩	등수
5236296	8	党均	당균
5236304	8	全	전
5236312	8	忠	충
5236320	8	孫	손
5236328	8	全紀	전기
5236336	8	曹芳	조방
5236344	8	張華	장화
5236352	8	周旨	주지
5236360	8	陳寿	진수
5236368	8	王戎	왕융
5236376	8	伍延	오연
5236384	8	吾彦	오언
5236392	8	孫休	손휴
5236400	8	司馬炎	사마염
5236408	8	張悌	장제
5236416	8	荀愷	순개
5236424	8	陶濬	도준
5236432	8	劉	유
5236440	8	丘建	구건
5236448	8	万	만
5236456	8	岑昏	잠혼
5236464	8	曹髦	조모
5236472	8	孫晧	손호
5236480	8	孫亮	손량
5236488	8	張象	장상
5236496	8	諸葛尚	제갈상
5236504	8	曹奐	조환
5236512	8	胡淵	호연
5236520	8	司馬攸	사마유
5236528	16	陸景	육경
5236544	16	黄巾の乱	황건의 난
5236560	16	反董卓連合	반동탁연합
5236576	16	官渡の戦い	관도대전
5236592	16	赤壁の戦い	적벽대전
5236608	16	夷陵の戦い	이릉대전
5236624	16	五丈原の戦い	오장원대전
5236736	8	年	년
5236744	8	歳	세
5236752	16	年生まれ	년생
5236768	32	年からゲームに登場します	년부터 게임에 등장합니다
5236800	24	同年に生まれた武将	같은 해에 태어난 무장
5236840	16	－10年	－10년
5236856	16	＋10年	＋10년
5236872	8	－1年	－1년
5236880	8	＋1年	＋1년
5236888	24	生年入力	생년 입력
5237064	8	顔選択	얼굴
5237296	96	あいうえおかきくけこさしすせそたちつてとなにぬねのはひふへほまみむめもや　ゆ　よらりるれろわ	가거고구그나너노누느다더도두드라러로루르마머모무므바버보부브사서소수스아어오우으자저조주즈이
5237392	176	あいうえおかきくけこさしすせそたちつてとなにぬねのはひふへほまみむめもや　ゆ　よらりるれろわをん　　がぎぐげござじずぜぞだぢづでどばびぶべぼぱぴぷぺぽぁぃぅぇぉゃゅょっ	가거고구그기개나너노누느니내다더도두드디대라러로루르리래마머모무므미매바버보부브비배사서소수스시새아어오우으이애자저조주즈지재차처초추츠치채카커코쿠크키캐타터토투트티태
5237568	176	アイウエオカキクケコサシスセソタチツテトナニヌネノハヒフヘホマミムメモヤ　ユ　ヨラリルレロワヲンー＝ガギグゲゴザジズゼゾダヂヅデドバビブベボパピプペポァィゥェォャュョッヴ	가거고구그기개나너노누느니내다더도두드디대라러로루르리래마머모무므미매바버보부브비배사서소수스시새아어오우으이애자저조주즈지재차처초추츠치채카커코쿠크키캐타터토투트티태하
5237744	8	漢字	한자
5237752	8	かな	히라
5237760	8	カナ	가타
5237768	8	その他	기타
5237776	8	削除	삭제
5237784	8	決定	결정
5237792	8	中止	중지
5237816	8	姓	성
5237824	8	名	명
5237832	8	字	자
5237840	8	ﾙﾋﾞ	읽기
5237848	16	名前入力	이름 입력
5237864	8	阿会	아회
5237872	8	ｱｶｲ	아회
5237880	8	韋	위
5237896	8	伊	이
5237904	8	尹	윤
5237912	8	ｲﾝ	윤
5237920	8	于	우
5237936	8	雲	운
5237944	8	ｳﾝ	운
5237952	8	衛	위
5237960	8	ｴｲ	위
5237968	8	越	월
5237976	8	ｴﾂ	월
5237984	8	袁	원
5237992	8	ｴﾝ	원
5238000	8	閻	염
5238008	8	於	어
5238024	8	王	왕
5238032	8	ｵｳ	왕
5238040	8	区	구
5238048	8	歐陽	구양
5238056	8	ｵｳﾖｳ	구양
5238064	8	何	하
5238080	8	軻	가
5238088	8	華	화
5238096	8	賈	가
5238104	8	賀	하
5238112	8	ｶﾞ	가
5238120	8	雅	아
5238136	8	ｶｲ	괴
5238144	8	俄何	아하
5238152	8	ｶﾞｶ	아하
5238160	8	郭	곽
5238168	8	ｶｸ	곽
5238176	8	霍	곽
5238192	8	鄂	악
5238200	8	ｶﾞｸ	악
5238208	8	楽	악
5238216	8	夏侯	하후
5238224	8	ｶｺｳ	하후
5238232	8	関	관
5238240	8	ｶﾝ	관
5238248	8	管	관
5238256	8	韓	한
5238264	8	甘	감
5238272	8	桓	환
5238280	8	簡	간
5238296	8	顔	안
5238304	8	ｶﾞﾝ	안
5238312	8	丘	구
5238320	8	ｶﾝｷｭｳ	관구
5238328	8	戯	희
5238344	8	紀	기
5238352	8	祁	기
5238360	8	魏	위
5238368	8	ｷﾞ	위
5238376	8	麹	국
5238384	8	ｷｸ	국
5238392	8	丘	구
5238400	8	ｷｭｳ	구
5238408	8	牛	우
5238416	8	ｷﾞｭｳ	우
5238424	8	許	허
5238432	8	ｷｮ	허
5238440	8	姜	강
5238448	8	ｷｮｳ	강
5238456	8	鞏	공
5238464	8	橋	교
5238480	8	金	금
5238488	8	ｷﾝ	금
5238496	8	金環	금환
5238504	8	ｷﾝｶﾝ	금환
5238512	8	虞	우
5238520	8	ｸﾞ	우
5238536	8	ｹｲ	계
5238544	8	郤	극
5238552	8	ｹﾞｷ	극
5238560	8	牽	견
5238568	8	ｹﾝ	견
5238576	8	厳	엄
5238584	8	ｹﾞﾝ	엄
5238592	8	胡	호
5238608	8	呼	호
5238616	8	顧	고
5238624	8	呉	오
5238632	8	ｺﾞ	오
5238640	8	吾	오
5238648	8	伍	오
5238656	8	黄	황
5238664	8	ｺｳ	황
5238672	8	高	고
5238680	8	耿	경
5238688	8	侯	후
5238696	8	孔	공
5238704	8	句	구
5238712	8	江	강
5238720	8	公孫	공손
5238728	8	ｺｳｿﾝ	공손
5238736	8	皇甫	황보
5238744	8	ｺｳﾎ	황보
5238752	8	兀	올
5238760	8	ｺﾞﾂ	올
5238768	8	左	좌
5238784	8	崔	최
5238792	8	ｻｲ	최
5238800	8	蔡	채
5238816	8	ｻｸ	채
5238824	8	師	사
5238840	8	施	시
5238848	8	士孫	사손
5238856	8	ｼｿﾝ	사손
5238864	8	司馬	사마
5238872	8	ｼﾊﾞ	사마
5238880	8	謝	사
5238888	8	ｼｬ	사
5238896	8	車	거
5238904	8	沙	사
5238912	8	朱	주
5238920	8	ｼｭ	주
5238928	8	周	주
5238936	8	ｼｭｳ	주
5238944	8	州	주
5238952	8	祝	축
5238960	8	ｼｭｸ	축
5238968	8	荀	순
5238976	8	ｼﾞｭﾝ	순
5238984	8	淳于	순우
5238992	8	ｼﾞｭﾝｳ	순우
5239000	8	徐	서
5239008	8	ｼﾞｮ	서
5239016	8	蒋	장
5239024	8	ｼｮｳ	장
5239032	8	鍾	종
5239040	8	向	향
5239048	8	邵	소
5239064	8	諸葛	제갈
5239072	8	ｼｮｶﾂ	제갈
5239080	8	沈	심
5239088	8	ｼﾝ	심
5239096	8	申	신
5239104	8	岑	잠
5239112	8	審	심
5239120	8	辛	신
5239128	8	秦	진
5239136	8	翠	취
5239144	8	ｽｲ	취
5239160	8	鄒	추
5239168	8	ｽｳ	추
5239176	8	成	성
5239184	8	ｾｲ	성
5239192	8	石	석
5239200	8	ｾｷ	석
5239208	8	薛	설
5239216	8	ｾﾂ	설
5239224	8	全	전
5239232	8	ｾﾞﾝ	전
5239240	8	単	선
5239248	8	沮	저
5239264	8	蘇	소
5239272	8	曹	조
5239280	8	ｿｳ	조
5239288	8	宋	송
5239296	8	臧	장
5239304	8	ｿﾞｳ	장
5239312	8	孫	손
5239320	8	ｿﾝ	손
5239328	8	戴	대
5239336	8	ﾀｲ	대
5239344	8	太史	태사
5239352	8	ﾀｲｼ	태사
5239360	8	帯来	대래
5239368	8	ﾀｲﾗｲ	대래
5239376	8	卓	탁
5239384	8	ﾀｸ	탁
5239392	8	朶思	타사
5239400	8	ﾀﾞｼ	타사
5239408	8	譚	담
5239416	8	ﾀﾝ	담
5239424	8	張	장
5239432	8	ﾁｮｳ	장
5239440	8	趙	조
5239448	8	長孫	장손
5239456	8	ﾁｮｳｿﾝ	장손
5239464	8	陳	진
5239472	8	ﾁﾝ	진
5239480	8	程	정
5239488	8	ﾃｲ	정
5239496	8	丁	정
5239504	8	鄭	정
5239512	8	禰	예
5239520	8	ﾃﾞｲ	예
5239528	8	徹	철
5239536	8	ﾃﾂ	철
5239544	8	典	전
5239552	8	ﾃﾝ	전
5239560	8	田	전
5239568	8	ﾃﾞﾝ	전
5239576	8	杜	두
5239584	8	ﾄﾞ	두
5239592	8	滕	등
5239600	8	ﾄｳ	등
5239608	8	董	동
5239616	8	陶	도
5239624	8	唐	당
5239632	8	党	당
5239640	8	童	동
5239664	8	馬	마
5239672	8	ﾊﾞ	마
5239680	8	裴	배
5239688	8	ﾊｲ	배
5239696	8	樊	번
5239704	8	ﾊﾝ	번
5239712	8	潘	반
5239720	8	万	만
5239728	8	ﾊﾞﾝ	만
5239736	8	費	비
5239752	8	卑	비
5239760	8	糜	미
5239768	8	ﾋﾞ	미
5239776	8	傅	부
5239792	8	武	무
5239800	8	ﾌﾞ	무
5239808	8	馮	풍
5239816	8	ﾌｳ	풍
5239824	8	伏	복
5239832	8	ﾌｸ	복
5239840	8	傅士	부사
5239848	8	ﾌｼ	부사
5239856	8	文	문
5239864	8	ﾌﾞﾝ	문
5239872	8	辺	변
5239880	8	ﾍﾝ	변
5239888	8	卞	변
5239896	8	ﾍﾞﾝ	변
5239904	8	歩	보
5239920	8	逢	봉
5239928	8	ﾎｳ	봉
5239936	8	鮑	포
5239944	8	法	법
5239952	8	方	방
5239968	8	忙	망
5239976	8	ﾎﾞｳ	망
5239984	8	穆	목
5239992	8	ﾎﾞｸ	목
5240000	8	北宮	북궁
5240008	8	ﾎｸｷｭｳ	북궁
5240016	8	濮陽	복양
5240024	8	ﾎﾞｸﾖｳ	복양
5240032	8	木鹿	목록
5240040	8	ﾎﾞｸﾛｸ	목록
5240048	8	満	만
5240056	8	ﾏﾝ	만
5240064	8	迷当	미당
5240072	8	ﾒｲﾄｳ	미당
5240080	8	毛	모
5240088	8	ﾓｳ	모
5240096	8	孟	맹
5240104	8	兪	유
5240120	8	愈	유
5240128	8	楊	양
5240136	8	ﾖｳ	양
5240144	8	雍	옹
5240152	8	羊	양
5240160	8	雷	뇌
5240168	8	ﾗｲ	뇌
5240176	8	駱	낙
5240184	8	ﾗｸ	낙
5240192	8	李	이
5240208	8	陸	육
5240216	8	ﾘｸ	육
5240224	8	劉	유
5240232	8	ﾘｭｳ	유
5240240	8	留	유
5240248	8	呂	여
5240256	8	ﾘｮ	여
5240264	8	廖	요
5240272	8	ﾘｮｳ	양
5240280	8	梁	양
5240288	8	凌	능
5240296	8	倫	윤
5240304	8	ﾘﾝ	임
5240312	8	林	임
5240320	8	冷	냉
5240328	8	ﾚｲ	영
5240336	8	魯	노
5240352	8	盧	노
5240360	8	楼	누
5240368	8	ﾛｳ	누
5240376	8	晏	안
5240384	8	ｱﾝ	안
5240392	8	安	안
5240400	8	遺	유
5240408	8	威	위
5240416	8	彝	이
5240424	8	維	유
5240432	8	懿	의
5240440	8	異	이
5240464	8	ｲｸ	욱
5240480	8	胤	윤
5240488	8	允	윤
5240496	8	宇	우
5240504	8	羽	우
5240512	8	栄	영
5240520	8	瑩	영
5240528	8	叡	예
5240536	8	英	영
5240544	8	嬰	영
5240552	8	永	영
5240560	8	奕	혁
5240568	8	ｴｷ	혁
5240576	8	懌	역
5240584	8	悦	열
5240592	8	淵	연
5240600	8	延	연
5240608	8	炎	염
5240616	8	燕	연
5240624	8	衍	연
5240632	8	焉	언
5240656	8	横	횡
5240664	8	鴦	앙
5240672	8	応	응
5240680	8	恩	은
5240688	8	ｵﾝ	온
5240696	8	温	온
5240704	8	嘉	가
5240712	8	和	화
5240720	8	化	화
5240728	8	会	회
5240736	8	楷	해
5240744	8	懐	회
5240752	8	恢	회
5240776	8	亥	해
5240784	8	ｶﾞｲ	개
5240792	8	蓋	개
5240800	8	艾	애
5240808	8	凱	개
5240816	8	愷	개
5240832	8	覈	핵
5240840	8	恪	각
5240848	8	獲	획
5240856	8	角	각
5240872	8	煥	환
5240880	8	幹	간
5240888	8	奐	환
5240896	8	完	완
5240912	8	玩	완
5240920	8	含	함
5240928	8	煕	희
5240936	8	基	기
5240944	8	逵	규
5240952	8	徽	휘
5240960	8	既	기
5240968	8	喜	희
5240976	8	冀	기
5240984	8	禧	희
5241008	8	儀	의
5241016	8	義	의
5241024	8	宜	의
5241032	8	羲	희
5241048	8	吉	길
5241056	8	ｷﾂ	길
5241064	8	休	휴
5241072	8	宮	궁
5241080	8	球	구
5241088	8	巨	거
5241096	8	拠	거
5241104	8	挙	거
5241112	8	匡	광
5241120	8	恭	공
5241128	8	享	향
5241136	8	矯	교
5241144	8	勗	욱
5241152	8	ｷｮｸ	욱
5241160	8	嶷	의
5241168	8	ｷﾞｮｸ	옥
5241176	8	禁	금
5241184	8	欽	흠
5241192	8	瑾	근
5241200	8	均	균
5241208	8	鈞	균
5241216	8	欣	흔
5241240	8	銀	은
5241248	8	ｷﾞﾝ	은
5241272	8	勳	훈
5241280	8	ｸﾝ	훈
5241288	8	訓	훈
5241296	8	羣	군
5241304	8	ｸﾞﾝ	군
5241312	8	経	경
5241320	8	恵	혜
5241328	8	瓊	경
5241336	8	珪	규
5241344	8	景	경
5241352	8	厥	궐
5241360	8	ｹﾂ	궐
5241368	8	倹	검
5241376	8	権	권
5241384	8	憲	헌
5241392	8	堅	견
5241400	8	乾	건
5241408	8	騫	건
5241416	8	謙	겸
5241424	8	賢	현
5241432	8	建	건
5241440	8	虔	건
5241448	8	玄	현
5241456	8	彦	언
5241464	8	原	원
5241472	8	固	고
5241480	8	虎	호
5241496	8	伉	항
5241504	8	浩	호
5241512	8	興	흥
5241520	8	貢	공
5241528	8	綱	강
5241536	8	皓	호
5241544	8	康	강
5241552	8	弘	홍
5241560	8	晃	황
5241568	8	昂	앙
5241576	8	洪	홍
5241584	8	紘	굉
5241592	8	広	광
5241600	8	衡	형
5241608	8	抗	항
5241616	8	曠	광
5241632	8	渾	혼
5241640	8	ｺﾝ	혼
5241648	8	昏	혼
5241656	8	済	제
5241664	8	索	색
5241672	8	策	책
5241680	8	朔	삭
5241688	8	粲	찬
5241696	8	ｻﾝ	찬
5241704	8	讃	찬
5241712	8	賛	찬
5241720	8	纂	찬
5241736	8	志	지
5241744	8	旨	지
5241752	8	芝	지
5241760	8	咨	자
5241768	8	詩	시
5241784	8	慈	자
5241792	8	ｼﾞ	자
5241800	8	竺	축
5241808	8	ｼﾞｸ	축
5241816	8	質	질
5241824	8	ｼﾂ	질
5241840	8	授	수
5241848	8	ｼﾞｭ	수
5241856	8	儒	유
5241864	8	修	수
5241872	8	秀	수
5241880	8	繍	수
5241888	8	襲	습
5241896	8	習	습
5241904	8	醜	추
5241912	8	秋	추
5241920	8	緝	집
5241928	8	脩	수
5241936	8	寿	수
5241944	8	戎	융
5241952	8	ｼﾞｭｳ	융
5241960	8	柔	유
5241968	8	充	충
5241976	8	粛	숙
5241984	8	術	술
5241992	8	ｼﾞｭﾂ	술
5242000	8	濬	준
5242008	8	ｼｭﾝ	준
5242016	8	峻	준
5242024	8	儁	준
5242040	8	順	순
5242048	8	遵	준
5242056	8	純	순
5242064	8	循	순
5242072	8	庶	서
5242080	8	ｼｮ	서
5242088	8	緒	서
5242096	8	舒	서
5242104	8	昭	소
5242112	8	賞	상
5242120	8	尚	상
5242128	8	紹	소
5242136	8	劭	소
5242144	8	翔	상
5242152	8	象	상
5242160	8	彰	창
5242168	8	韶	소
5242176	8	松	송
5242184	8	承	승
5242192	8	璋	장
5242200	8	渉	섭
5242208	8	昇	승
5242216	8	章	장
5242224	8	勝	승
5242232	8	丞	승
5242240	8	ｼﾞｮｳ	승
5242248	8	続	속
5242256	8	ｼｮｸ	식
5242264	8	植	식
5242272	8	式	식
5242280	8	謖	속
5242288	8	進	진
5242296	8	真	진
5242304	8	震	진
5242312	8	信	신
5242328	8	仁	인
5242336	8	ｼﾞﾝ	인
5242344	8	任	임
5242352	8	遂	수
5242360	8	瑞	서
5242368	8	ｽﾞｲ	서
5242384	8	嵩	숭
5242392	8	斉	제
5242400	8	靖	정
5242408	8	正	정
5242416	8	旌	정
5242424	8	盛	성
5242432	8	性	성
5242440	8	静	정
5242448	8	政	정
5242456	8	星	성
5242472	8	籍	적
5242480	8	績	적
5242488	8	節	절
5242496	8	詮	전
5242504	8	ｾﾝ	선
5242512	8	暹	섬
5242520	8	旋	선
5242528	8	瞻	첨
5242536	8	僉	첨
5242544	8	然	연
5242552	8	禅	선
5242560	8	祖	조
5242568	8	祚	조
5242576	8	双	쌍
5242584	8	倉	창
5242592	8	綜	종
5242600	8	操	조
5242608	8	爽	상
5242624	8	則	칙
5242632	8	ｿｸ	칙
5242640	8	ｿﾞｸ	속
5242648	8	巽	손
5242656	8	遜	손
5242664	8	佗	타
5242672	8	ﾀﾞ	타
5242680	8	泰	태
5242688	8	岱	대
5242696	8	沢	택
5242704	8	達	달
5242712	8	ﾀﾂ	달
5242720	8	丹	단
5242728	8	誕	탄
5242736	8	耽	탐
5242744	8	端	단
5242752	8	治	치
5242776	8	ﾁｮ	저
5242784	8	忠	충
5242792	8	ﾁｭｳ	충
5242800	8	中	중
5242808	8	冑	주
5242816	8	疇	주
5242824	8	稠	조
5242832	8	仲	중
5242840	8	沖	충
5242856	8	寵	총
5242864	8	昶	창
5242872	8	超	초
5242880	8	朝	조
5242888	8	直	직
5242896	8	ﾁｮｸ	직
5242912	8	定	정
5242920	8	悌	제
5242928	8	鉄	철
5242936	8	図	도
5242952	8	都	도
5242960	8	度	도
5242968	8	統	통
5242976	8	当	당
5242984	8	登	등
5242992	8	到	도
5243000	8	騰	등
5243016	8	銅	동
5243024	8	ﾄﾞｳ	동
5243032	8	徳	덕
5243040	8	ﾄｸ	덕
5243048	8	特	특
5243056	8	惇	돈
5243064	8	ﾄﾝ	돈
5243072	8	頓	돈
5243080	8	喃	남
5243088	8	ﾅﾝ	남
5243096	8	南	남
5243104	8	寧	녕
5243112	8	ﾈｲ	녕
5243120	8	覇	패
5243136	8	巴	파
5243144	8	沛	패
5243152	8	配	배
5243160	8	柏	백
5243168	8	ﾊｸ	백
5243176	8	薄	박
5243192	8	ﾊﾞｸ	박
5243200	8	範	범
5243208	8	班	반
5243216	8	丕	비
5243224	8	飛	비
5243232	8	泌	비
5243240	8	備	비
5243256	8	ﾋﾟ	비
5243264	8	豹	표
5243272	8	ﾋｮｳ	표
5243280	8	彪	표
5243288	8	表	표
5243296	8	評	평
5243304	8	斌	빈
5243312	8	ﾋﾝ	빈
5243320	8	彬	빈
5243328	8	旻	민
5243336	8	ﾋﾞﾝ	민
5243344	8	孚	부
5243352	8	布	포
5243360	8	普	보
5243368	8	阜	부
5243376	8	馥	복
5243392	8	奮	분
5243400	8	ﾌﾝ	분
5243408	8	平	평
5243416	8	ﾍｲ	평
5243424	8	秉	병
5243432	8	聘	빙
5243440	8	辟	벽
5243448	8	ﾍｷ	벽
5243456	8	圃	포
5243464	8	甫	보
5243472	8	輔	보
5243480	8	魴	방
5243488	8	褒	포
5243496	8	苞	포
5243504	8	芳	방
5243512	8	奉	봉
5243520	8	鋒	봉
5243528	8	豊	풍
5243536	8	封	봉
5243544	8	宝	보
5243552	8	鳳	봉
5243560	8	楙	무
5243568	8	瑁	모
5243576	8	望	망
5243584	8	髦	모
5243592	8	翻	번
5243600	8	ﾎﾝ	번
5243608	8	茂	무
5243624	8	蒙	몽
5243632	8	黙	묵
5243640	8	ﾓｸ	묵
5243648	8	瑜	유
5243656	8	雄	웅
5243664	8	ﾕｳ	웅
5243672	8	攸	유
5243680	8	融	융
5243688	8	熊	웅
5243696	8	優	우
5243704	8	輿	여
5243720	8	預	예
5243728	8	与	여
5243736	8	燿	요
5243744	8	膺	응
5243752	8	曄	엽
5243760	8	耀	요
5243768	8	揚	양
5243776	8	容	용
5243800	8	弋	익
5243808	8	ﾖｸ	익
5243816	8	翊	익
5243824	8	翼	익
5243832	8	覧	남
5243840	8	ﾗﾝ	남
5243848	8	蘭	난
5243856	8	闌	난
5243864	8	理	이
5243872	8	立	입
5243880	8	ﾘﾂ	입
5243888	8	略	약
5243896	8	ﾘｬｸ	약
5243904	8	隆	융
5243912	8	良	양
5243920	8	亮	양
5243928	8	遼	요
5243936	8	陵	능
5243944	8	諒	양
5243960	8	琳	임
5243968	8	累	누
5243976	8	ﾙｲ	누
5243984	8	霊	영
5243992	8	礼	예
5244000	8	烈	열
5244008	8	ﾚﾂ	열
5244016	8	輅	노
5244024	8	朗	낭
5244032	8	淮	회
5244040	8	ﾜｲ	회
5244048	8	娃	왜
5244056	8	ｱｲ	애
5244064	8	愛	애
5244072	8	媛	원
5244080	8	桜	앵
5244088	8	花	화
5244096	8	娥	아
5244104	8	環	환
5244112	8	葵	규
5244120	8	綺	기
5244128	8	菊	국
5244136	8	嬌	교
5244144	8	香	향
5244152	8	玉	옥
5244160	8	桂	계
5244168	8	絹	견
5244176	8	絢	현
5244184	8	妍	연
5244192	8	娟	연
5244200	8	紅	홍
5244208	8	彩	채
5244216	8	嬢	양
5244224	8	嬋	선
5244232	8	茜	천
5244240	8	藤	등
5244248	8	梅	매
5244256	8	ﾊﾞｲ	매
5244264	8	璧	벽
5244272	8	妙	묘
5244280	8	ﾐｮｳ	묘
5244288	8	藍	남
5244296	8	綾	릉
5244304	8	麗	여
5244312	8	玲	영
5244320	8	蓮	연
5244328	8	ﾚﾝ	연
5244336	48	命名を配偶者に任せます\nよろしいですか？	작명을 배우자에게\n맡기시겠습니까?
5244384	40	名前の入力を中止します\nよろしいですか？	이름 입력을\n중지하시겠습니까?
5244448	32	姓名を入力してください	성명을 입력해 주십시오
5244480	48	登録武将に\n同じ名前の武将が存在します	등록무장 중에\n같은 이름의 무장이 있습니다
5244680	8	名前	이름
5244688	8	性別	성별
5244696	8	顔	얼굴
5244704	8	生年	생년
5244712	8	内面	내면
5244720	8	能力	능력
5244728	8	スキル	스킬
5244736	8	決定	결정
5244744	8	中止	중지
5244808	16	新武将登録	신무장 등록
5244824	8	男性	남성
5244832	8	女性	여성
5244856	8	姓	성
5244864	8	名	명
5244872	8	字	자
5244880	8	ルビ	읽기
5244888	8	 性別	 성별
5244896	8	 生年	 생년
5244904	8	  志	지향
5244912	8	 性格	 성격
5244920	8	タイプ	타입
5244928	8	武力	무력
5244936	8	知力	지력
5244944	8	政治	정치
5244952	8	魅力	매력
5244960	8	特技	특기
5244968	8	戦法	전법
5244976	8	初	초
5244984	8	弐	이
5244992	8	参	삼
5245000	8	四	사
5245008	8	五	오
5245016	8	極	극
5245024	32	姓名を入力してください	성명을 입력해 주십시오
5245056	48	史実武将に\n同じ名前の武将が存在します	사실무장 중에\n같은 이름의 무장이 있습니다
5245104	48	登録武将に\n同じ名前の武将が存在します	등록무장 중에\n같은 이름의 무장이 있습니다
5245152	48	内容を変更しても\nよろしいですか？	내용을 변경해도\n괜찮으시겠습니까?
5245240	8	孔	공
5245248	8	丘	구
5245256	8	仲尼	중니
5245264	8	ｺｳｷｭｳ	공구
5245272	8	張	장
5245280	16	儀	의
5245296	8	ﾁｮｳｷﾞ	장의
5245304	8	藺	인
5245312	8	相如	상여
5245320	16	ﾘﾝｼｮｳｼﾞｮ	인상여
5245336	8	楽	악
5245344	8	毅	의
5245352	8	ｶﾞｸｷ	악의
5245360	8	白	백
5245368	8	起	기
5245376	8	ﾊｸｷ	백기
5245384	8	李	이
5245392	8	斯	사
5245400	8	ﾘｼ	이사
5245408	8	王	왕
5245416	8	翦	전
5245424	8	ｵｳｾﾝ	왕전
5245432	8	范	범
5245440	8	増	증
5245448	8	ﾊﾝｿﾞｳ	범증
5245456	8	劉	유
5245464	8	邦	방
5245472	8	ﾘｭｳﾎｳ	유방
5245480	8	英	영
5245488	8	布	포
5245496	8	ｴｲﾌ	영포
5245504	8	韓	한
5245512	8	信	신
5245520	8	ｶﾝｼﾝ	한신
5245528	8	項	항
5245536	8	籍	적
5245544	8	羽	우
5245552	8	ｺｳｾｷ	항적
5245560	8	良	양
5245568	8	子房	자방
5245576	8	ﾁｮｳﾘｮｳ	장량
5245584	8	霍	곽
5245592	8	去病	거병
5245600	8	ｶｸｷｮﾍｲ	곽거병
5245608	8	孫	손
5245616	8	濱	빈
5245624	8	ｿﾝﾋﾟﾝ	손빈
5245640	8	政	정
5245648	8	ｴｲｾｲ	위청
5245656	8	陳	진
5245664	8	慶之	경지
5245672	8	子雲	자운
5245680	8	ﾁﾝｹｲｼ	진경지
5245688	8	楊	양
5245696	8	大眼	대안
5245704	8	ﾖｳﾀｲｶﾞﾝ	양대안
5245712	8	高	고
5245720	8	長恭	장공
5245728	16	ｺｳﾁｮｳｷｮｳ	고장공
5245744	8	勣	적
5245752	8	ﾘｾｷ	이적
5245760	8	岳	악
5245768	8	飛	비
5245776	8	鵬拳	붕권
5245784	8	ｶﾞｸﾋ	악비
5245792	8	覇権	패권
5245800	8	大義	대의
5245808	8	中庸	중용
5245816	8	出世	출세
5245824	8	私欲	사욕
5245832	8	豪胆	호담
5245840	8	猪突	저돌
5245848	8	温和	온화
5245856	8	冷静	냉정
5245864	8	臆病	소심
5245872	8	武力	무력
5245880	8	知力	지력
5245888	8	政治	정치
5245896	8	魅力	매력
5245904	8	将軍	장군
5245912	8	提督	제독
5245920	8	軍師	군사
5245928	8	万能	만능
5245936	16	平凡	평범
5246008	8	志	지
5246016	8	性格	성격
5246024	8	タイプ	타입
5246032	8	決定	결정
5246040	8	中止	중지
5246048	8	覇権	패권
5246056	8	大義	대의
5246064	8	中庸	중용
5246072	8	出世	출세
5246080	8	私欲	사욕
5246088	8	豪胆	호담
5246096	8	猪突	저돌
5246104	8	温和	온화
5246112	8	冷静	냉정
5246120	8	臆病	소심
5246128	8	武力	무력
5246136	8	知力	지력
5246144	8	政治	정치
5246152	8	魅力	매력
5246160	8	将軍	장군
5246168	8	提督	제독
5246176	8	軍師	군사
5246184	8	万能	만능
5246192	8	平凡	평범
5246216	24	内面設定	내면 설정
5246240	64	能力と特技・戦法が初期化されます\nよろしいですか？	능력과 특기・전법이 초기화됩니다\n진행하시겠습니까?
5246304	56	特技・戦法が初期化されます\nよろしいですか？	특기・전법이 초기화됩니다\n진행하시겠습니까?
5247464	24	ムービーを再生	동영상 재생
5248056	8	特技	특기
5248064	8	戦法	전법
5248072	8	決定	결정
5248080	8	中止	중지
5248104	24	スキル設定	스킬 설정
5248256	24	新しくゲームを始める	새 게임 시작
5248280	24	お勧めシナリオ	추천 시나리오
5248304	24	データをロードする	데이터 로드
5248328	24	新武将登録	신무장 등록
5248352	32	アイテムコレクション	아이템 컬렉션
5248384	24	イベントコレクション	이벤트 컬렉션
5248408	24	武将編集	무장 편집
5248432	24	戦術キャンペーン	전술 캠페인
5248456	24	データ引き継ぎ	데이터 인계
5248640	63	"PlayStation BB Unit"にインストールします	"PlayStation BB Unit"에 설치합니다
5248856	16	全員登場	전원 등장
5248872	16	一部登場	일부 등장
5248888	16	登場せず	등장 없음
5248904	8	初級	초급
5248912	16	上級	상급
5248928	8	史実	사실
5248936	8	仮想	가상
5248952	8	短い	짧게
5248960	8	長い	길게
5248968	16	ステレオ	스테레오
5248984	16	モノラル	모노럴
5249000	8	ＯＮ	ＯＮ
5249008	8	ＯＦＦ	ＯＦＦ
5249016	16	登録武将	등록무장
5249032	8	難易度	난이도
5249040	8	モード	모드
5249048	8	文字	문자
5249056	8	ＢＧＭ	ＢＧＭ
5249064	8	振動	진동
5249072	16	操作説明	조작 설명
5249088	8	決定	결정
5249096	8	中止	중지
5249104	16	登録武将は	등록무장은
5249120	32	ゲームの難易度は	게임 난이도는
5249152	32	武将の性格や相性、人脈は	무장의 성격, 상성, 인맥은
5249184	24	メッセージの表示時間は	메시지 표시 시간은
5249208	16	ＢＧＭの再生は	ＢＧＭ 재생은
5249224	24	振動機能は	진동 기능은
5249248	32	操作説明の表示は	조작 설명 표시는
5249280	32	以下はゲーム中でも変更可能	아래는 게임 중에도 변경 가능
5249360	96	三國志Ⅷのアイテム・イベントコレクション\nゲームクリア履歴のデータを読み込みますか？	삼국지8의 아이템・이벤트 컬렉션\n게임 클리어 이력 데이터를 읽어들이겠습니까?
5249456	96	データを読み込みました\n引き継ぎ先のメモリーカード(PS2)を\nスロット１に用意してください	데이터를 읽어들였습니다\n인계할 메모리카드(PS2)를\n슬롯 1에 준비해 주십시오
5249552	48	三國志Ⅷの新武将データを読み込みますか？	삼국지 8의 신무장 데이터를 읽어들이겠습니까?
5249968	48	黄巾の乱と揺らぐ漢朝\n        184年～188年	황건의 난과 위기의 한조\n        184년~188년
5250016	48	姦臣董卓と群雄割拠\n        189年～192年	간신 동탁과 군웅할거\n        189년~192년
5250064	32	曹操と呂布\n        193年～198年	조조와 여포\n        193년~198년
5250096	48	官渡の戦いと華北の統一\n        199年～206年	관도대전과 화북 통일\n        199년~206년
5250144	48	赤壁の戦いと劉備の飛躍\n        207年～213年	적벽대전과 유비의 비약\n        207년~213년
5250192	48	漢中荊州攻防戦\n        214年～219年	한중 형주 공방전\n        214년~219년
5250240	48	劉備の死と南征\n        220年～226年	유비의 죽음과 남정\n        220년~226년
5250288	48	諸葛亮の北伐\n        227年～234年	제갈량의 북벌\n        227년~234년
5250336	32	蜀その後\n        241年～264年	그 후의 촉\n        241년~264년
5250368	32	英雄集結\n               271年	영웅 집결\n               271년
5250616	8	武力	무력
5250624	8	知力	지력
5250632	8	政治	정치
5250640	8	魅力	매력
5250648	8	変更	변경
5250656	8	決定	결정
5250664	8	中止	중지
5250672	16	ボーナス	보너스
5250688	16	能力設定	능력 설정
5251224	16	前の時代	이전 시대
5251240	16	次の時代	다음 시대
5251256	16	%3d年%2d月	%3d년 %2d월
5251272	8	担当	담당
5251280	8	初期	초기
5251288	16	曹操挙兵	조조 거병
5251304	16	官渡の戦い	관도대전
5251320	16	赤壁の戦い	적벽대전
5251336	16	荊州攻防戦	형주 공방전
5251352	24	第一次北伐	제1차 북벌
5251376	16	桃園の誓い	도원결의
5251392	16	夷陵前哨戦	이릉 전초전
5251408	16	小覇王出陣	소패왕 출진
5251424	16	反董卓連合	반동탁연합
5251440	16	州攻防戦	주 공방전
5251456	16	渭水復讐戦	위수 복수전
5251472	16	夷陵の戦い	이릉대전
5251488	16	南蛮制圧	남만 제압
5251624	16	武将選択	무장 선택
5251640	16	新勢力作成	새 세력 생성
5251656	16	武将配置	무장 배치
5251672	8	決定	결정
5251680	16	中止	중지
5251784	8	新勢力	신세력
5251792	16	初期	초기
5251832	8	君主	군주
5251840	8	本拠	본거
5251848	8	一般	일반
5251856	8	状態	상태
5251864	8	削除	삭제
5251872	8	決定	결정
5251880	16	中止	중지
5251896	8	頭領	두령
5251904	16	同志	동지
5251920	48	勢力が変更されています\nよろしいですか?	세력이 변경되었습니다\n진행하시겠습니까?
5251968	48	この勢力を削除して\n戻ってもよろしいですか?	이 세력을 삭제하고\n돌아가시겠습니까?
5252016	64	現在の都市は中立ではありません。\n都市を変更してよろしいですか？	현재 도시는 중립이 아닙니다.\n도시를 변경하시겠습니까?
5252176	8	決定	결정
5252184	8	中止	중지
5252216	8	身分	신분
5252224	8	史実	사실
5252232	8	勢力	세력
5252240	8	放浪軍	방랑군
5252248	8	都市	도시
5252256	8	登録	등록
5252264	8	選択中	선택중
5252272	8	君主	군주
5252280	8	都督	도독
5252288	8	太守	태수
5252296	8	軍師	군사
5252304	8	一般	일반
5252312	8	頭領	두령
5252320	8	同志	동지
5252328	8	在野	재야
5252336	48	変更を破棄してもよろしいですか？	변경을 파기하겠습니까?
5252472	16	曹操と魏	조조와 위
5252488	16	劉備と蜀	유비와 촉
5252504	16	孫家と呉	손가와 오
5252520	24	名合戦集	명전투 모음
5252648	8	決定	결정
5252656	8	中止	중지
5252664	8	勢力	세력
5252672	8	所在	소재
5252680	8	身分	신분
5252688	8	武力	무력
5252696	8	知力	지력
5252704	8	政治	정치
5252712	8	魅力	매력
5252944	16	%d%d.？？？？？	%d%d.?????
5252968	8	収集	수집
5252992	24	イベントコレクション	이벤트 컬렉션
5253128	8	名馬	명마
5253136	8	武具	무구
5253144	8	地図	지도
5253152	8	医書	의서
5253160	8	奇書	기서
5253168	8	兵書	병서
5253176	8	経書	경서
5253184	8	史書	사서
5253192	8	論文	논문
5253200	8	玉璽	옥새
5253208	8	宝物	보물
5253216	8	装飾	장식
5253232	8	収集	수집
5253248	24	アイテムコレクション	아이템 컬렉션
5253424	16	%d%d.？？？？？	%d%d.?????
5253440	16	？？？？？	?????
5253544	8	配置	배치
5253552	8	初期	초기
5253560	16	在野配置	재야 배치
5253576	16	一般配置	일반 배치
5253592	16	同志配置	동지 배치
5253608	16	配置解除	배치 해제
5253624	8	決定	결정
5253632	8	中止	중지
5253664	32	在野として配置された武将	재야로 배치된 무장
5253696	16	人	인
5253712	32	一般として配置された武将	일반으로 배치된 무장
5253744	32	同志として配置された武将	동지로 배치된 무장
5253776	16	配置可能な武将	배치 가능 무장
5253792	16	未配置の武将	미배치 무장
5253824	48	データを変更しても\nよろしいですか?	데이터를 변경해도\n괜찮으시겠습니까?
5253872	64	データは変更されませんが\nよろしいですか?	데이터는 변경되지 않습니다만\n괜찮으시겠습니까?
5254024	16	新勢力１	신세력1
5254040	16	新勢力２	신세력2
5254056	16	新勢力３	신세력3
5254072	16	新勢力４	신세력4
5254088	16	新勢力５	신세력5
5254104	16	新勢力６	신세력6
5254120	16	新勢力７	신세력7
5254136	16	新勢力８	신세력8
5254152	8	決定	결정
5254160	16	中止	중지
5254200	8	本拠	본거
5254208	8	武将	무장
5254232	24	放浪軍	방랑군
5254256	56	データが変更されています\n破棄してもよろしいですか?	데이터가 변경되었습니다\n파기해도 괜찮으시겠습니까?
5254424	16	全員登場	전원 등장
5254440	16	一部登場	일부 등장
5254456	16	登場せず	등장 없음
5254472	8	初級	초급
5254480	16	上級	상급
5254496	8	史実	사실
5254504	8	仮想	가상
5254520	8	速い	빠름
5254528	8	遅い	느림
5254536	16	ステレオ	스테레오
5254552	16	モノラル	모노럴
5254568	8	 ＯＮ	 ＯＮ
5254576	8	ＯＦＦ	ＯＦＦ
5254584	8	決定	결정
5254592	8	中止	중지
5254600	16	シナリオ	시나리오
5254616	16	%3d年%2d月	%3d년 %2d월
5254632	16	担当武将	담당무장
5254648	16	登録武将	등록무장
5254664	8	 難易度	 난이도
5254672	16	 モード	 모드
5254872	24	インストール	설치
5254896	32	アンインストール	설치 해제
5254992	64	全史実武将のデータを初期化します\nよろしいですか？	모든 사실무장 데이터를 초기화합니다\n진행하시겠습니까?
5255160	16	武将編集	무장 편집
5255176	16	全初期化	전체 초기화
5255192	16	保存する	저장
5255232	32	武将のデータを編集します	무장 데이터를 편집합니다
5255264	48	全史実武将に対する編集を取り消し、初期化します	모든 사실무장의 편집을 취소하고 초기화합니다
5255312	56	編集したデータをメモリーカード(PS2)に保存します	편집한 데이터를 메모리 카드(PS2)에 저장합니다
5255368	8	登録	등록
5255432	8	内面	내면
5255440	8	能力	능력
5255448	8	スキル	스킬
5255456	8	初期値	초기값
5255464	8	決定	결정
5255472	16	中止	중지
5255520	64	編集を取り消して\n武将の能力を初期化します\nよろしいですか？	편집을 취소하고\n무장의 능력을 초기화합니다\n진행하시겠습니까?
5255608	16	武将編集	무장 편집
5255624	8	男性	남성
5255632	8	女性	여성
5255664	8	姓	성
5255672	8	名	명
5255680	8	字	자
5255688	8	ルビ	읽기
5255696	8	 性別	 성별
5255704	8	 生年	 생년
5255712	8	 寿命	 수명
5255720	8	 有名	 유명
5255728	8	タイプ	타입
5255736	8	武力	무력
5255744	8	知力	지력
5255752	8	政治	정치
5255760	8	魅力	매력
5255768	8	特技	특기
5255776	8	相性	상성
5255784	8	義理	의리
5255792	8	野望	야망
5255800	8	冷静	냉정
5255808	8	勇猛	용맹
5255816	8	戦法	전법
5255824	8	初	초
5255832	8	弐	이
5255840	8	参	삼
5255848	8	四	사
5255856	8	五	오
5255864	8	極	극
5255872	64	内容が変更されています\n変更を確定しますが\nよろしいですか？	내용이 변경되었습니다\n변경을 확정합니다만\n괜찮으시겠습니까?
5255936	64	内容が変更されています\n変更を破棄しますが\nよろしいですか？	내용이 변경되었습니다\n변경을 파기합니다\n괜찮으시겠습니까?
5256000	32	編集内容を確定します	편집 내용을 확정합니다
5256032	32	編集を中止します	편집을 중지합니다
5256088	8	武力	무력
5256096	8	知力	지력
5256104	8	政治	정치
5256112	8	魅力	매력
5256120	8	将軍	장군
5256128	8	軍師	군사
5256136	8	万能	만능
5256144	16	平凡	평범
5256248	8	寿命	수명
5256256	8	有名	유명
5256264	8	相性	상성
5256272	8	義理	의리
5256280	8	野望	야망
5256288	8	冷静	냉정
5256296	8	勇猛	용맹
5256304	8	タイプ	타입
5256312	16	得意分野	특기 분야
5256328	8	武力	무력
5256336	8	知力	지력
5256344	8	政治	정치
5256352	8	魅力	매력
5256360	8	将軍	장군
5256368	8	軍師	군사
5256376	8	万能	만능
5256384	8	平凡	평범
5256392	8	打撃	타격
5256400	8	射撃	사격
5256408	8	奇襲	기습
5256416	8	計略	계략
5256424	8	決定	결정
5256432	8	中止	중지
5256440	16	内面設定	내면 설정
5257448	16	担当武将	담당무장
5257464	16	環境設定	환경 설정
5257480	8	開戦	개전
5257488	8	戻る	뒤로
5257496	16	%d年%2d月 %s	%d년 %2d월 %s
5257512	8	済	제
5257520	16	未	미
5257664	32	主人公にする武将の選択	주인공으로 할 무장 선택
5257856	48	曹操、隴を望んで\n西へと軍を進める	조조, 농을 바라보며\n서쪽으로 진군한다
5257904	48	諸葛亮、先帝の遺を\n継ぎ北伐を決意す	제갈량, 선제의 유지를\n이어 북벌을 결의한다
5257952	32	陸遜、謀を以て\n荊州を得んとする	육손, 계책으로\n형주를 노린다
5257984	48	軍神舞い降りて\n名高き合戦、今蘇る	군신이 강림하여\n이름난 전투가 되살아난다
5258128	16	陽平関の戦い	양평관 전투
5258144	16	定軍山の戦い	정군산 전투
5258160	16	葭萌関の戦い	가맹관 전투
5258176	16	漢水の戦い	한수 전투
5258192	16	剣閣の戦い	검각 전투
5258208	16	長安の戦い	장안 전투
5258224	16	天蕩山の戦い	천탕산 전투
5258240	16	成都の戦い	성도 전투
5258256	16	鳳鳴山の戦い	봉명산 전투
5258272	16	天水の戦い	천수 전투
5258288	16	祁山の戦い	기산 전투
5258304	16	漢中退却戦	한중 퇴각전
5258320	16	街亭の戦い	가정 전투
5258336	16	五丈原の戦い	오장원대전
5258352	16	荊州電撃戦	형주 전격전
5258368	16	上庸の戦い	상용 전투
5258384	16	麦城の戦い	맥성 전투
5258400	16	西陵の戦い	서릉 전투
5258416	16	夷陵の戦い	이릉대전
5258432	16	江陵の戦い	강릉 전투
5258448	16	白帝城の戦い	백제성 전투
5258464	16	樊城の戦い	번성 전투
5258480	16	虎牢関の戦い	호뢰관 전투
5258496	16	官渡の戦い	관도대전
5258512	16	長坂の戦い	장판 전투
5258528	16	赤壁の戦い	적벽대전
5258544	16	合肥の戦い	합비 전투
5258560	8	武力	무력
5258568	8	知力	지력
5258576	8	政治	정치
5258584	8	魅力	매력
5258624	8	？	?
5258872	16	置・除	배치, 해제
5258888	8	決定	결정
5258896	8	中止	중지
5258904	16	%sの戦い	%s 전투
5259800	8	番号	번호
5259808	8	部隊	부대
5259816	8	所属	소속
5259824	8	体力	체력
5259832	8	兵士	병사
5259840	8	負傷	부상
5259848	8	兵科	병과
5259856	8	士気	사기
5259864	8	状態	상태
5259872	8	戦法Ｐ	전법P
5259880	8	ﾙﾋﾞ	읽기
5259888	8	役	역할
5259896	8	勢力	세력
5259904	8	軍団	군단
5259912	8	所在	소재
5259920	8	兵器	병기
5259928	8	行動	행동
5259936	8	場所	장소
5259944	8	武力	무력
5259952	8	知力	지력
5259960	8	政治	정치
5259968	8	魅力	매력
5259976	8	健康	건강
5259984	8	戦功	전공
5259992	8	突撃	돌격
5260000	8	乱撃	난격
5260008	8	撹乱	교란
5260016	8	奇襲	기습
5260024	8	槍衾	창벽
5260032	8	車懸	차현
5260040	8	火矢	화시
5260048	8	斉射	제사
5260056	8	乱射	난사
5260064	8	矢嵐	화살비
5260072	8	激流	격류
5260080	8	烈火	열화
5260088	8	落石	낙석
5260096	8	妖術	요술
5260104	8	攻城	공성
5260112	8	地形	지형
5260120	8	内通	내통
5260128	8	埋伏	매복
5260136	8	猛者	맹자
5260144	8	智嚢	지낭
5260152	8	治略	치략
5260160	8	人徳	인덕
5260168	8	耕作	경작
5260176	8	商才	상재
5260184	8	築城	축성
5260192	8	警備	경비
5260200	8	発明	발명
5260208	8	威風	위풍
5260216	8	天文	천문
5260224	8	医術	의술
5260232	8	弁舌	변설
5260240	8	反計	반계
5260248	8	挑発	도발
5260256	8	混乱	혼란
5260264	8	虚報	허보
5260272	8	歩兵	보병
5260280	8	騎兵	기병
5260288	8	弩兵	노병
5260296	8	水軍	수군
5260304	8	偵察	정찰
5260312	8	？？	??
5260320	16	武力経験	무력경험
5260336	16	知力経験	지력경험
5260352	16	政治経験	정치경험
5260368	16	魅力経験	매력경험
5260384	8	攻撃力	공격력
5260392	8	防御力	방어력
5260400	8	字	자
5260408	8	委任	위임
5260416	8	指示	지시
5260424	8	身分	신분
5260432	8	軽歩	경보병
5260440	8	重歩	중보병
5260448	8	蛮兵	만병
5260456	8	軽騎	경기병
5260464	8	重騎	중기병
5260472	8	山騎	산기
5260480	8	連弩	연노
5260488	8	象兵	상병
5260496	8	井闌	정란
5260504	8	投石	투석
5260512	8	衝車	충차
5260520	8	蒙衝	몽충
5260528	8	楼船	누선
5260536	8	城兵	성병
5260544	8	正常	정상
5260552	8	足止	저지
5260560	8	恐慌	공황
5260568	8	一般	일반
5260576	8	総大将	총대장
5260584	8	参軍	참군
5260592	8	未到着	미도착
5260600	8	待機	대기
5260608	24	戦線離脱	전선 이탈
5260632	8	委任中	위임중
5260640	8	指示中	지시중
5260648	8	砦守備	채 수비
5260656	8	城守備	성 수비
5260664	16	拠点攻撃	거점 공격
5260680	16	拠点守備	거점 수비
5260696	8	砦攻撃	채 공격
5260704	8	城攻撃	성 공격
5260712	9	移動	이동
5261272	8	守城	수성
5261280	8	野戦	야전
5262120	8	城	성
5262128	16	攻撃拠点	공격 거점
5262200	8	部隊	부대
5262208	8	特技	특기
5262216	8	戦法	전법
5262224	8	列伝	열전
5262232	8	ｱｲﾃﾑ	아이템
5262240	16	部隊情報	부대 정보
5262304	8	行動	행동
5262312	8	勢力	세력
5262320	8	所在	소재
5262328	8	健康	건강
5262336	8	体力	체력
5262344	8	能力	능력
5262352	8	武力	무력
5262360	8	知力	지력
5262368	8	政治	정치
5262376	8	魅力	매력
5262384	8	経験	경험
5262392	8	兵科	병과
5262400	8	兵器	병기
5262408	8	士気	사기
5262416	8	戦法Ｐ	전법P
5262424	8	兵士	병사
5262432	8	負傷	부상
5262440	8	戦功	전공
5262448	8	委任	위임
5262456	8	指示	지시
5262464	8	状態	상태
5262472	8	地形	지형
5262896	16	入城しますか？	입성하겠습니까?
5262912	16	出城しますか？	출성하겠습니까?
5262928	16	戦術情報	전술 정보
5262944	16	自軍部隊	자군 부대
5262960	8	全体	전체
5262968	8	策略	책략
5262976	8	部隊	부대
5262984	16	情報一覧	정보 일람
5263000	16	環境設定	환경 설정
5263016	16	ゲーム終了	게임 종료
5263072	16	対象部隊を選択	대상 부대 선택
5263320	8	設定	설정
5263328	16	対象部隊を選択	대상 부대 선택
5263376	32	退却先となる都市を選択	퇴각할 도시를 선택
5263480	16	攻撃側正規軍	공격측 정규군
5263496	16	守備側正規軍	수비측 정규군
5263512	16	攻撃側援軍	공격측 원군
5263528	16	守備側援軍	수비측 원군
5263544	8	連合軍	연합군
5263632	56	士気の低下により\n兵士が脱走している部隊が\nいるようです	사기 저하로 인해\n병사가 탈주하는 부대가\n있는 듯합니다
5263840	16	　	
5263856	24	%s%s%s　武%3d　体%3d	%s%s%s 무%3d 체%3d
5264104	8	雨	비
5264112	8	豪雨	호우
5264128	16	進言	진언
5264144	24	進言させる武将を選択	진언할 무장 선택
5264168	8	設定	설정
5264616	8	通常	통상
5264624	16	迎撃	요격
5264888	8	番号	번호
5264896	8	策略	책략
5264904	8	効果	효과
5264912	8	適用	적용
5264920	8	回数	횟수
5264928	8	説明	설명
5264936	8	特技	특기
5264944	8	軍議Ｐ	군의P
5264952	8	崩壁	붕벽
5264960	8	地穴	지혈
5264968	8	偽報	위보
5264976	8	扇動	선동
5264984	8	徴兵	징병
5264992	8	堅牢	견뢰
5265000	8	同討	동토
5265008	8	抜道	샛길
5265016	8	連環	연환
5265024	8	鼓舞	고무
5265032	8	風変	풍변
5265040	8	天変	천변
5265048	8	幻術	환술
5265056	8	落雷	낙뢰
5265064	16	城防御低下	성방어 저하
5265080	16	攻撃力上昇	공격력 상승
5265096	16	士気低下	사기 저하
5265112	16	士気低下等	사기 저하 등
5265128	16	城兵数増加	성병수 증가
5265144	16	防御力強化	방어력 강화
5265160	16	敵兵数減少	적병수 감소
5265176	16	砦部隊帰城	채부대 귀성
5265192	16	水上足止	수상 저지
5265208	16	士気上昇	사기 상승
5265224	16	風向変化	풍향 변화
5265240	16	天候変化	날씨 변화
5265256	8	敵混乱	적혼란
5265264	16	部隊攻撃	부대 공격
5265280	8	城	성
5265288	8	敵軍	적군
5265296	8	自軍	아군
5265304	8	天候	날씨
5265312	16	全軍	전군
5265376	16	・	・
5265616	24	所持していたアイテム	소지했던 아이템
5265648	80	戦功第一 %s%s 戦功 %*s\n戦功第二 %s%s 戦功 %*s\n戦功第三 %s%s 戦功 %*s	전공 제1 %s%s 전공 %*s\n전공 제2 %s%s 전공 %*s\n전공 제3 %s%s 전공 %*s
5265816	8	番号	번호
5265824	8	地形	지형
5265832	8	出陣	출진
5265840	8	優先度	우선도
5265848	8	無効	무효
5265856	8	街道	가도
5265864	8	平地	평지
5265872	8	荒地	황야
5265880	8	草地	초지
5265888	8	森林	삼림
5265896	8	湿地	습지
5265904	8	山	산
5265912	8	高山	고산
5265920	8	断崖	단애
5265928	8	浅瀬	여울
5265936	8	川	천
5265944	8	湖	호
5265952	8	城	성
5265960	8	砦	채
5266032	16	攻撃拠点	공격 거점
5266048	16	拠点	거점
5266248	8	通常	통상
5266256	8	強行	강행
5266264	8	攻撃	공격
5266272	16	射撃	사격
5266344	16	委任解除	위임 해제
5268256	8	番号	번호
5268264	8	名前	이름
5268272	8	火罠	불덫
5268280	8	水罠	물덫
5268288	8	岩罠	돌덫
5268296	8	穴罠	굴덫
5268304	16	毒罠	독덫
5268464	16	攻撃側正規軍	공격측 정규군
5268480	16	攻撃側増援軍	공격측 증원군
5268496	16	攻撃側応援軍	공격측 응원군
5268512	16	守備側正規軍	수비측 정규군
5268528	16	守備側増援軍	수비측 증원군
5268544	16	守備側応援軍	수비측 응원군
5268560	8	速攻	속공
5268568	8	通常	통상
5268576	8	罠探	덫탐지
5268584	8	出撃	출격
5268592	8	迎撃	요격
5268600	8	籠城	농성
5268608	8	疾風	질풍
5268616	8	堅陣	견진
5268624	8	遠射	원사
5268632	8	索敵	색적
5268640	8	教唆	교사
5268648	8	妙計	묘계
5268656	8	竜船	용선
5268664	8	罠壊	덫파괴
5268672	8	堅壁	견벽
5268680	8	白狼山	백랑산
5268688	8	易京	역경
5268696	8	白馬	백마
5268704	8	官渡	관도
5268712	8	壺関	호관
5268720	8	定陶山	정도산
5268728	8	虎牢関	호뢰관
5268736	8	函谷関	함곡관
5268744	8	潼関	동관
5268752	8	街亭	가정
5268760	8	武関	무관
5268768	8	陳倉	진창
5268776	8	祁山	기산
5268784	8	狄道	적도
5268792	8	合肥	합비
5268800	8	濡須	유수
5268808	8	赤壁	적벽
5268816	8	博望坡	박망파
5268824	8	西塞山	서새산
5268832	8	夷陵	이릉
5268840	8	陽平関	양평관
5268848	8	剣閣	검각
5268856	8	綿竹関	면죽관
5268864	8	晴	맑음
5268872	8	曇	흐림
5268880	8	雨	비
5268888	8	豪雨	호우
5268896	8	雪	눈
5268912	8	←	←
5268944	8	→	→
5268968	8	無	없음
5269080	16	自軍部隊	자군 부대
5269096	8	全体	전체
5269104	8	策略	책략
5269112	8	部隊	부대
5269120	16	情報一覧	정보 일람
5269136	16	環境設定	환경 설정
5269152	16	ゲーム終了	게임 종료
5269184	64	総大将・%s%s%sが\n戦線から離脱したため\n動揺が広がっています	총대장 %s%s%s의\n전선 이탈로\n동요가 퍼지고 있습니다
5269376	16	戦法	전법
5269392	32	実行する戦法を選択	실행할 전법 선택
5269480	8	戦力	전력
5269488	8	所属	소속
5269496	8	状態	상태
5269504	8	武将	무장
5269512	8	特技１	특기1
5269520	8	特技２	특기2
5269528	8	特技３	특기3
5269536	8	特技４	특기4
5269544	8	戦法１	전법1
5269552	8	戦法２	전법2
5269560	8	戦法３	전법3
5269568	8	戦法４	전법4
5269576	24	部隊選択	부대 선택
5269656	16	部隊一覧	부대 목록
5269672	24	委任設定	위임 설정
5269752	8	説明	설명
5269760	16	策略選択	책략 선택
5269848	8	設定	설정
5269856	16	策略一覧	책략 목록
5269960	8	策略	책략
5269968	8	移動	이동
5269976	8	攻撃	공격
5269984	8	城攻	공성
5269992	8	計戦	계략
5270000	8	計略	계략
5270008	8	組立	조립
5270016	8	解体	해체
5270024	8	入城	입성
5270032	8	出城	출성
5270040	8	退却	퇴각
5270048	8	委任	위임
5270056	24	待機	대기
5270184	8	通常	통상
5270192	8	一騎	일기
5270200	8	射撃	사격
5270208	16	戦法	전법
5270224	16	攻撃	공격
5270296	8	通常	통상
5270304	8	射撃	사격
5270312	8	攻城	공성
5270320	16	城兵	성병
5270336	16	城攻	공성
5270408	8	寝返	배반
5270416	8	埋伏	매복
5270424	8	挑発	도발
5270432	8	混乱	혼란
5270440	8	大喝	호통
5270448	8	沈静	진정
5270456	8	消火	소화
5270464	16	治癒	치유
5270480	16	計略	계략
5270592	8	←	←
5270624	8	→	→
5270648	16	無風	무풍
5270664	8	風変	풍변
5270776	8	晴	맑음
5270784	8	曇	흐림
5270792	8	雨	비
5270800	8	豪雨	호우
5270808	8	雪	눈
5270816	16	天変	천변
5270952	8	戦況	전황
5270960	8	戦術	전술
5270968	8	罠	함정
5270976	8	策略	책략
5270984	8	進言	진언
5270992	16	開戦	개전
5271096	8	敵指揮	적지휘
5271104	8	自援軍	아원군
5271112	8	敵援軍	적원군
5271120	8	戦場	전장
5271128	8	番号	번호
5271136	8	戦術	전술
5271144	8	説明	설명
5271152	16	必要特技	필요 특기
5271208	8	・	・
5271336	8	説明	설명
5271344	8	特技	특기
5271352	16	戦術選択	전술 선택
5271536	16	%sの戦い	%s 전투
5271552	8	%s側%s	%s측%s
5271560	8	｜%s軍	｜%s군
5271928	8	委任	위임
5271984	8	体力	체력
5271992	8	兵士	병사
5272000	8	士気	사기
5272008	8	状態	상태
5272016	8	解除	해제
5272024	8	最大	최대
5272032	8	決定	결정
5272208	8	兵士	병사
5272216	8	武力	무력
5272224	8	知力	지력
5272232	8	士気	사기
5272240	8	体力	체력
5272248	8	戦法Ｐ	전법P
5272256	16	自軍部隊	자군 부대
5272272	8	策略	책략
5272280	8	部隊	부대
5272288	16	全体	전체
5272360	16	攻撃拠点	공격 거점
5272376	8	城(%d)	성(%d)
5272384	16	関(%d)	관(%d)
5272544	16	全体情報	전체 정보
5272560	8	攻撃側	공격측
5272568	8	守備側	수비측
5272576	8	勢力	세력
5272584	8	総大将	총대장
5272592	8	参軍	참군
5272600	8	兵士	병사
5272608	8	兵糧	병량
5272616	8	部隊	부대
5272624	8	援軍	원군
5272632	16	%sの戦い	%s 전투
5272648	16	残%2dターン	남은 %2d턴
5272864	16	%3d年%2d月	%3d년 %2d월
5272968	16	操作	조작
5273032	8	頁切替	쪽전환
5273512	8	就任	취임
5273520	8	説明	설명
5273528	24	官爵選択	관작 선택
5273608	16	官爵一覧	관작 목록
5273672	8	軍団	군단
5273680	8	都市	도시
5273688	8	武将	무장
5273696	8	兵科	병과
5273704	8	兵器	병기
5273712	16	勢力情報	세력 정보
5273776	8	官爵	관작
5273784	8	国号	국호
5273792	8	本拠	본거
5273800	8	擁立	옹립
5273808	8	技術Lv	기술Lv
5273816	8	友好	우호
5273824	8	金	금
5273832	8	兵糧	병량
5273840	8	兵士	병사
5273848	8	人口	인구
5273856	16	盟主勢力	맹주세력
5273872	16	標的勢力	표적세력
5273888	16	加盟勢力	가맹세력
5273904	16	連合残月	연합잔월
5273920	16	同盟残月	동맹잔월
5273976	8	内政	내정
5273984	8	状態	상태
5273992	8	武将	무장
5274000	16	都市情報	도시 정보
5274064	8	州	주
5274072	8	勢力	세력
5274080	8	軍団	군단
5274088	8	太守	태수
5274096	8	軍師	군사
5274104	8	在野	재야
5274112	8	金	금
5274120	8	兵糧	병량
5274128	8	兵士	병사
5274136	8	人口	인구
5274144	8	規模	규모
5274152	8	開発	개발
5274160	8	商業	상업
5274168	8	技術	기술
5274176	8	防御	방어
5274184	8	治安	치안
5274192	8	民心	민심
5274200	8	農村	농촌
5274208	8	市場	시장
5274216	8	工房	공방
5274224	8	城門	성문
5274232	8	屯所	둔소
5274240	8	兵舎	병영
5274248	8	方針	방침
5274256	8	収入	수입
5274264	8	支出	지출
5274272	8	収支	수지
5274280	8	商人	상인
5274288	8	災害	재해
5274296	8	放浪軍	방랑군
5274304	8	対象	대상
5274312	8	残月	남은달
5274408	8	都市	도시
5274416	8	武将	무장
5274424	16	軍団情報	군단 정보
5274480	8	勢力	세력
5274488	8	都督	도독
5274496	8	軍師	군사
5274504	8	本拠	본거
5274512	8	金	금
5274520	8	兵糧	병량
5274528	8	兵士	병사
5274536	8	人口	인구
5274544	8	方針	방침
5274552	8	対象	대상
5274560	8	残都市	잔도시
5274616	8	能力	능력
5274624	8	特技	특기
5274632	8	戦法	전법
5274640	8	状態	상태
5274648	8	目標	목표
5274656	8	人脈	인맥
5274664	8	列伝	열전
5274672	8	ｱｲﾃﾑ	아이템
5274680	16	武将情報	무장 정보
5274736	8	勢力	세력
5274744	8	軍団	군단
5274752	8	所在	소재
5274760	8	身分	신분
5274768	8	功績	공적
5274776	8	俸禄	봉록
5274784	8	忠誠	충성
5274792	8	仕官	사관
5274800	8	実行	실행
5274808	8	階級	계급
5274848	8	官爵	관작
5274856	8	武力	무력
5274864	8	知力	지력
5274872	8	政治	정치
5274880	8	魅力	매력
5274888	8	経験	경험
5274896	8	名声	명성
5274912	8	親密	친밀
5274928	8	健康	건강
5274936	8	年齢	연령
5274944	8	性別	성별
5274952	8	条件	조건
5274960	8	残月	남은달
5274968	8	仕事	업무
5274976	8	結婚	결혼
5274984	8	仇敵	구적
5274992	8	義兄弟	의형제
5275000	8	好敵手	호적수
5275056	16	、他%3d名	, 외 %3d명
5275072	16	、	,
5275176	8	特徴	특징
5275184	8	説明	설명
5275192	24	兵器選択	병기 선택
5275272	16	兵器一覧	병기 목록
5275336	8	特徴	특징
5275344	8	戦法１	전법1
5275352	8	戦法２	전법2
5275360	8	説明	설명
5275368	24	兵科選択	병과 선택
5275448	16	兵科一覧	병과 목록
5275512	8	状態	상태
5275520	8	兵科１	병과1
5275528	8	兵科２	병과2
5275536	8	地形１	지형1
5275544	8	地形２	지형2
5275552	8	説明	설명
5275560	16	戦法選択	전법 선택
5275576	24	戦法一覧	전법 목록
5275832	8	？？	??
5276008	8	初	초
5276016	8	弐	이
5276024	8	参	삼
5276032	8	四	사
5276040	8	五	오
5276048	8	極	극
5276056	8	未	미
5276104	8	攻撃	공격
5276112	8	特殊	특수
5276120	8	逃亡	도망
5276128	8	小技	약공
5276136	8	大技	강공
5276144	8	回復	회복
5276152	8	愚弄	우롱
5276160	8	威圧	위압
5276168	8	温存	비축
5276176	8	消費	소비
5276184	8	堅守	견수
5276192	8	反撃	반격
5276200	8	全体	전체
5276208	8	方針	방침
5276216	8	気力	기력
5276224	8	防御	방어
5276232	8	決定	결정
5276392	16	環境設定	환경 설정
5276408	16	ゲーム終了	게임 종료
5276728	8	資源	자원
5276736	8	都市	도시
5276744	8	州選択	주선택
5276752	8	地図	지도
5276760	8	州一覧	주목록
5276808	8	特徴	특징
5276816	8	説明	설명
5276824	16	階級選択	계급 선택
5276840	16	階級一覧	계급 목록
5276856	8	九品官	9품관
5276864	8	八品官	8품관
5276872	8	七品官	7품관
5276880	8	六品官	6품관
5276888	8	五品官	5품관
5276896	8	四品官	4품관
5276904	8	三品官	3품관
5276912	8	二品官	2품관
5276920	8	一品官	1품관
5276928	8	－－－	－－－
5276936	8	番号	번호
5276944	8	階級	계급
5276952	8	説明	설명
5276960	16	兵士上限	병사상한
5276976	8	支度金	준비금
5276984	16	必要功績	필요 공적
5277000	8	俸禄	봉록
5277112	8	状態	상태
5277120	16	援軍選択	원군 선택
5277136	8	地図	지도
5277144	16	援軍一覧	원군 목록
5277328	8	一覧	목록
5277336	8	解除	해제
5277344	16	決定	결정
5277384	8	放浪軍	방랑군
5277392	16	他%2d勢力	외 %2d세력
5277464	16	勢力選択	세력선택
5277480	8	勢力	세력
5277488	8	友好	우호
5277496	8	擁立	옹립
5277504	8	金	금
5277512	8	兵糧	병량
5277520	16	兵士	병사
5277592	16	勢力一覧	세력일람
5277656	16	軍団選択	군단선택
5277672	8	軍団	군단
5277680	8	都督	도독
5277688	8	本拠	본거
5277696	8	方針	방침
5277704	8	対象	대상
5277712	8	金	금
5277720	8	兵糧	병량
5277728	16	兵士	병사
5277800	16	軍団一覧	군단일람
5277864	16	都市選択	도시선택
5277880	8	都市	도시
5277888	8	太守	태수
5277896	8	勢力	세력
5277904	8	金	금
5277912	8	兵糧	병량
5277920	16	兵士	병사
5277992	24	都市一覧	도시일람
5278776	8	セーブ	세이브
5278784	16	ロード	로드
5278992	16	 はい 	 예 
5279008	16	いいえ	아니요
5279136	16	閉じる	닫기
5279232	16	 はい 	 예 
5279248	16	いいえ	아니요
5279472	40	三國志Ⅷ with パワーアップキット	삼국지 8 with 파워업 키트
5279712	8	切替	전환
5279720	8	※不明	※불명
5279728	8	魏	위
5279736	8	戦法	전법
5279744	8	特技	특기
5279752	8	戦法	전법
5279760	8	特技	특기
5279768	8	戦法	전법
5279776	8	特技	특기
5279784	8	戦法	전법
5279792	16	特技	특기
5280192	8	劉	유
5280200	8	漢中王	한중왕
5280208	8	漢	한
5280224	8	秦	진
5280232	8	劉	유
5280240	16	呉	오
5280256	8	魏	위
5280280	8	漢	한
5280288	8	曹操	조조
5280296	8	曹操	조조
5280304	8	孫権	손권
5280312	8	秦	진
5280320	8	呉	오
5280328	8	劉	유
5280336	8	漢	한
5280344	8	成	성
5280392	8	恋人	연인
5280400	8	小玉	소옥
5280408	8	嫁	가
5280416	8	夫	남편
5280424	8	釣人	낚시꾼
5280432	8	息子	아들
5280440	8	娘	딸
5280448	8	犬	견
5280456	8	高札	게시판
5280464	8	男女	남녀
5280472	8	番号	번호
5280480	8	名前	이름
5280488	8	説明	설명
5280496	8	優先度	우선도
5280504	8	位置	위치
5280512	8	Ｘ	Ｘ
5280520	8	Ｙ	Ｙ
5280608	16	%sのうんちく	%s 지식
5280672	8	文字	문자
5280680	8	ＢＧＭ	ＢＧＭ
5280688	8	振動	진동
5280696	16	操作説明	조작 설명
5280712	8	決定	결정
5280720	8	中止	중지
5280728	8	  短い	짧다
5280736	8	  長い	길다
5280752	16	ステレオ	스테레오
5280768	16	モノラル	모노럴
5280784	8	  ＯＮ	ＯＮ
5280792	8	 ＯＦＦ	 ＯＦＦ
5280800	16	環境設定	환경 설정
5281928	16	援軍選択	원군 선택
5281944	8	都市	도시
5281952	8	太守	태수
5281960	8	勢力	세력
5281968	8	金	금
5281976	8	兵糧	병량
5281984	8	兵士	병사
5282040	16	環境設定	환경 설정
5282056	16	ゲーム終了	게임 종료
5282400	8	賊	적
5282408	8	疫病	역병
5282416	8	いなご	메뚜기
5282424	8	台風	태풍
5282432	8	洪水	홍수
5282440	8	大雪	대설
5282448	8	豊作	풍작
5282456	8	商人	상인
5282464	16	後漢皇帝	후한 황제
5282504	24	災害情報	재해 정보
5282528	16	常駐商人	상주상인
5282544	16	流浪商人	유랑 상인
5282896	96	"PlayStation BB Unit"にある\n三國志Ⅷ with パワーアップキットのゲームデータが\n読み込めません	"PlayStation BB Unit"에 있는\n삼국지 8 with 파워업키트의 게임 데이터를\n읽을 수 없습니다
5282992	111	"PlayStation BB Unit"に付属の\n取扱説明書の指示に従って\n"PlayStation BB Unit"の修復を\n行ってください	"PlayStation BB Unit"에 딸린\n사용 설명서의 지시에 따라\n"PlayStation BB Unit"을 복구해\n주십시오
5283104	48	これ以降はＤＩＳＣから\n読み込みを行います	이후로는 ＤＩＳＣ에서\n읽어들입니다
5283152	128	"PlayStation BB Unit"にある\n三國志Ⅷ with パワーアップキットのゲームデータと\nＤＩＳＣのゲームデータの\nバージョンが一致しません	"PlayStation BB Unit"에 있는\n삼국지 8 with 파워업 키트의 게임 데이터와\nＤＩＳＣ의 게임 데이터의\n버전이 일치하지 않습니다
5283280	64	一旦アンインストールしてから\nインストールをやり直してください	일단 설치 해제를 한 뒤\n설치를 다시 해 주십시오
5283344	63	"PlayStation BB Unit"が\n正しく接続されていません	"PlayStation BB Unit"이\n제대로 연결되어 있지 않습니다
5283408	63	"PlayStation BB Unit"が\nフォーマットされていません	"PlayStation BB Unit"이\n포맷되어 있지 않습니다
5283472	80	三國志Ⅷ with パワーアップキットのゲームデータが\nすでにインストールされています	삼국지 8 with 파워업 키트의 게임 데이터가\n이미 설치되어 있습니다
5283552	96	"PlayStation BB Unit"にある\n三國志Ⅷ with パワーアップキットの\nゲームデータが読み込めません	"PlayStation BB Unit"에 있는\n삼국지 8 with 파워업키트의\n게임 데이터를 읽을 수 없습니다
5283648	160	"PlayStation BB Unit"の\n空き容量が不足しています\n三國志Ⅷ with パワーアップキットのゲームデータを\nインストールするには\n　[2b空き容量128MB以上\n[0bが必要です	"PlayStation BB Unit"의\n빈 용량이 부족합니다\n삼국지8 with 파워업키트의 게임 데이터를\n설치하려면\n　[2b빈 용량 128MB 이상\n[0b이 필요합니다
5283808	47	"PlayStation BB Unit"に\n異常が見つかりました	"PlayStation BB Unit"에\n이상이 발견되었습니다
5283856	64	一旦不要なデータを削除してから\nインストールをやり直してください	일단 불필요한 데이터를 삭제한 뒤\n설치를 다시 해 주십시오
5283920	32	インストールに失敗しました	설치에 실패했습니다
5283952	112	三國志Ⅷ with パワーアップキットのゲームデータを\n"PlayStation BB Unit"にインストールします\nよろしいですか？	삼국지 8 with 파워업키트의 게임 데이터를\n"PlayStation BB Unit"에 설치합니다\n진행하시겠습니까?
5284064	32	インストールを中止しました	설치를 중지했습니다
5284096	176	三國志Ⅷ with パワーアップキットの\nゲームデータをインストールしています\n電源を切ったり、\n"PlayStation BB Unit"を抜いたり\nしないでください\n\n%2d％終了　　　　　　　　中断	삼국지 8 with 파워업 키트의\n게임 데이터를 설치하고 있습니다\n전원을 끄거나\n"PlayStation BB Unit"을 뽑거나\n하지 마십시오\n\n%2d％완료　　　　　　　　중단
5284272	32	インストールが完了しました	설치가 완료되었습니다
5284304	128	三國志Ⅷ with パワーアップキットのゲームデータを\n"PlayStation BB Unit"からアンインストールします\nよろしいですか？	삼국지 8 with 파워업키트의 게임 데이터를\n"PlayStation BB Unit"에서 제거합니다\n진행하시겠습니까?
5284432	32	アンインストールを中止しました	설치 해제를 중지했습니다
5284464	80	三國志Ⅷ with パワーアップキットの\nゲームデータをアンインストールしています	삼국지8 with 파워업키트의\n게임 데이터를 제거하고 있습니다
5284544	32	アンインストールが完了しました	설치 해제가 완료되었습니다
5284576	80	三國志Ⅷ with パワーアップキットの\nゲームデータがインストールされていません	삼국지8 with 파워업키트의\n게임 데이터가 설치되어 있지 않습니다
5284656	96	三國志Ⅷ with パワーアップキットのゲームデータの\nインストールを中断します\nよろしいですか？	삼국지 8 with 파워업 키트의 게임 데이터\n설치를 중단합니다\n진행하시겠습니까?
5284752	32	インストールを中断しました	설치를 중단했습니다
5284784	80	三國志Ⅷ with パワーアップキットのゲームデータの\nインストールを続行しますか？	삼국지8 with 파워업키트의 게임 데이터의\n설치를 계속하시겠습니까?
5285048	8	州選択	주선택
5285056	8	州	주
5285064	8	金	금
5285072	8	兵糧	병량
5285080	8	兵士	병사
5286112	40	三国志８ｗｉｔｈパワーアップキット	삼국지8ｗｉｔｈ파워업키트
5286192	32	メモリーカード(PS2)	메모리카드(PS2)
5286224	32	ポケットステーション	포켓스테이션
5286256	64	MEMORY CARD 差込口%sの%sは\nフォーマットされていません	MEMORY CARD 슬롯%s의 %s\n포맷되어 있지 않습니다
5286320	32	フォーマットしますか？	포맷하겠습니까?
5286352	32	フォーマットに失敗しました	포맷에 실패했습니다
5286384	112	MEMORY CARD 差込口%sの%sを\nﾌｫｰﾏｯﾄ中です。%sを抜いたり、\n電源を切ったり、リセットをしないでください	MEMORY CARD 슬롯%s의 %s\n포맷 중입니다. %s 카드를 뽑거나,\n전원을 끄거나, 리셋하지 마십시오
5286496	112	MEMORY CARD 差込口%sの%sに\nセーブ中です。%sを抜いたり、\n電源を切ったり、リセットをしないでください	MEMORY CARD 슬롯%s의 %s에\n세이브 중입니다. %s을(를) 뽑거나\n전원을 끄거나 리셋하지 마십시오
5286608	112	MEMORY CARD 差込口%sの%sから\nロード中です。%sを抜いたり、\n電源を切ったり、リセットをしないでください	MEMORY CARD 슬롯%s의 %s에서\n로드 중입니다. %s을(를) 뽑거나\n전원을 끄거나 리셋하지 마십시오
5286720	112	MEMORY CARD 差込口%sの%sを\nチェック中です。%sを抜いたり、\n電源を切ったり、リセットをしないでください	MEMORY CARD 슬롯%s의 %s을(를)\n확인 중입니다. %s을(를) 뽑거나\n전원을 끄거나 리셋하지 마십시오
5286832	32	空き容量が不足しています	빈 용량이 부족합니다
5286864	48	%sが\nMEMORY CARD 差込口%sに差されていません	%s\nMEMORY CARD 슬롯%s에 꽂혀 있지 않습니다
5286912	32	%sが差されていません	%s 삽입되어 있지 않습니다
5286944	32	%sが認識できませんでした	%s 인식할 수 없었습니다
5286976	80	セーブするにはMEMORY CARD 差込口１に\n%s[2b空き容量%4dKB以上\n[0bが必要です	세이브하려면 MEMORY CARD 삽입구 1에\n%s[2b빈 용량 %4dKB 이상\n[0b이 필요합니다
5287056	96	セーブするにはMEMORY CARD 差込口１に\n・%s 　[2b%4dKB\n[0b・%s　[2b%4dKB[0bが必要です	세이브하려면 MEMORY CARD 삽입구 1에\n・%s 　[2b%4dKB\n[0b・%s　[2b%4dKB[0b이 필요합니다
5287152	48	MEMORY CARD 差込口%sから%sが\n抜かれました	MEMORY CARD 슬롯%s에서 %s\n제거되었습니다
5287200	64	MEMORY CARD 差込口%sから%sが\n抜かれたためセーブを中断しました	MEMORY CARD 슬롯%s에서 %s\n제거되어 세이브를 중단했습니다
5287264	64	MEMORY CARD 差込口%sから%sが\n抜かれたためロードを中断しました	MEMORY CARD 슬롯%s에서 %s\n제거되어 로드를 중단했습니다
5287328	80	MEMORY CARD 差込口%sから%sが\n抜かれたためフォーマットを中断しました	MEMORY CARD 슬롯%s에서 %s\n제거되어 포맷을 중단했습니다
5287408	48	MEMORY CARD 差込口%sの%sには\nデータがありません	MEMORY CARD 슬롯%s의 %s에는\n데이터가 없습니다
5287456	32	セーブに失敗しました	세이브에 실패했습니다
5287488	32	ロードに失敗しました	로드에 실패했습니다
5287520	48	セーブするデータを選んでください	세이브할 데이터를 선택해 주십시오
5287568	48	ロードするデータを選んでください	로드할 데이터를 선택해 주십시오
5287616	32	セーブが終了しました	세이브가 종료되었습니다
5287648	32	ロードが終了しました	로드가 종료되었습니다
5287680	32	%sを続けますか？	%s 계속하겠습니까?
5287712	80	このゲームはセーブしなくても遊ぶことが可能で\nすが、データをセーブするには	이 게임은 세이브하지 않아도 즐길 수 있으나\n데이터를 세이브하려면
5287808	40	　　　　　　　　　　空き容量%3dKB以上	　　　　　　　　　　빈용량%3dKB 이상
5287848	24	が必要です\n	이 필요합니다\n
5287872	32	　・%s　　\n　・%s　　	　・%s　　\n　・%s　　
5287904	80	　　　　　　　　　　　　　　%3dKB以上\n　　　　　　　　　　　　　　%3dKB以上	　　　　　　　　　　　　　　%3dKB 이상\n　　　　　　　　　　　　　　%3dKB 이상
5287984	32	のどちらかが必要です\n	이 중 하나가 필요합니다\n
5288016	48	またMEMORY CARD 差込口１のみ対応しています\n	또한 MEMORY CARD 슬롯1만 지원합니다\n
5288064	80	このままではセーブできない可能\n性があります。このままで開始し\nますか？	이대로는 세이브할 수 없을지도\n모릅니다. 이대로 시작하시겠\n습니까?
5288144	64	すでにデータがありますが、\n上書きしてもよろしいですか？	이미 데이터가 있습니다만,\n덮어써도 괜찮으시겠습니까?
5288208	48	新武将のデータを更新します\nよろしいですか？	신무장 데이터를 갱신합니다\n진행하시겠습니까?
5288256	48	武将編集のデータを更新します\nよろしいですか？	무장 편집 데이터를 갱신합니다\n진행하시겠습니까?
5288304	144	MEMORY CARD 差込口%sの%sに\n共通データを作成しています。[1b時間がかかります\n[0b%sを抜いたり、\n電源を切ったり、リセットをしないでください	MEMORY CARD 삽입구%s의 %s에\n공통 데이터를 작성하고 있습니다.[1b시간이 걸립니다\n[0b%s 분리,\n전원 차단, 리셋을 하지 마십시오
5288448	48	セーブできますので、\nゲームを開始します	세이브할 수 있으므로\n게임을 시작합니다
5288496	96	登録した武将を使用するには%s\nに[2bセーブしなければなりません[0bが登録しますか？	등록한 무장을 사용하려면 %s에\n[2b세이브해야 합니다[0b. 등록하시겠습니까?
5288592	80	保存しないと\n[2b編集した内容が反映されません[0b\n新武将登録を終了しますか？	저장하지 않으면\n[2b편집 내용이 반영되지 않습니다[0b\n등록을 종료하시겠습니까?
5288672	80	セーブデータのバージョンが異なります\nセーブデータを削除してください(DEBUG)	세이브 데이터의 버전이 다릅니다\n세이브 데이터를 삭제해 주십시오(DEBUG)
5288752	80	このままではセーブできない\n可能性があります。このままで\n開始しますか？	이대로는 세이브할 수 없을\n가능성이 있습니다. 이대로\n시작하시겠습니까?
5288832	32	それは困りましたね…	그것 참 곤란하군요…
5288864	64	このままではセーブができぬが\nゲームを始めてもよいか？	이대로는 세이브를 할 수 없네만\n게임을 시작해도 되겠는가?
5288928	32	ようし！\n腕が鳴るわい	좋았어!\n팔이 근질거리는군
5288960	80	ではメモリーカード(PS2)を\n用意するしかあるまい\nわしは酒でも飲んで待っておる	그럼 메모리카드(PS2)를\n준비할 수밖에 없겠군\n나는 술이나 마시며 기다리겠네
5289040	64	このままでは\nセーブすることができぬ\nゲームを始めてもよいかな？	이대로는\n세이브할 수가 없네\n게임을 시작해도 되겠는가?
5289104	32	うむ\nよいぞ、よいぞ	음\n좋아, 좋아
5289136	32	困ったお方じゃ…	곤란한 분이로군…
5289168	64	このままでは\nセーブできませぬが\n始めてもよろしいかな？	이대로는\n세이브할 수 없사옵니다만\n시작해도 괜찮으신지요?
5289232	64	誠に賢明でいらっしゃる\n備えあれば憂いなし\nですからな	참으로 현명하십니다\n유비무환이라고\n하지 않습니까
5289296	32	それは困りましたな…	그것 참 곤란하구려…
5289328	64	このままでは\nセーブできぬが\n始めてもよろしいかな？	이대로는\n세이브할 수 없네만\n시작해도 괜찮겠는가?
5289392	48	なんと\n持っておったのだな\nでは始めるぞ	이런\n가지고 있었구먼\n그럼 시작하지
5289440	32	さようか\nでは始められぬのう	그런가\n그럼 시작할 수 없겠군
5289472	48	このままでは\nセーブできぬ\n始めてもよいのか？	이대로는\n세이브할 수 없다\n시작해도 되겠는가?
5289520	32	よし\nでは始めるぞ	좋다\n그럼 시작하겠다
5289552	48	さようか…\nではメモリーカード(PS2)が\n必要だな	그런가…\n그럼 메모리카드(PS2)가\n필요하겠군
5289600	48	このままでは\nセーブできぬぞ\n始めてもよいな？	이대로는\n세이브할 수 없다\n시작해도 괜찮은가?
5289648	48	おお、お持ちであったか\nでは始めよう	오오, 가지고 계셨는가\n그럼 시작하지
5289696	64	さようですか…\nでは私もここで\n待たせていただきましょう	그렇습니까…\n그럼 저도 여기서\n기다리도록 하겠습니다
5289760	80	このままゲームを始められても\nセーブはできませぬぞ\nそれでもよろしいかな？	이대로 게임을 시작하셔도\n세이브는 할 수 없사옵니다\n그래도 괜찮으시겠습니까?
5289840	64	おお\nいらぬ心配だったようですな\nでは始めましょう	오오\n괜한 걱정이었던 것 같군요\n그럼 시작합시다
5289904	32	さようか…\nそれは困りましたな	그런가…\n그것 참 곤란하구려
5289944	8	ロード	로드
5289992	8	セーブ	세이브
5290000	16	フォーマット	포맷
5290024	16	新武将セーブ	신무장 세이브
5290040	16	新武将ロード	신무장 로드
5290056	16	編集武将セーブ	편집무장 세이브
5290072	16	編集武将ロード	편집무장 로드
5290088	24	環境設定ロード	환경 설정 로드
5290112	32	アイテムコレクションロード	아이템 컬렉션 로드
5290144	32	イベントコレクションロード	이벤트 컬렉션 로드
5290176	32	ゲームクリア履歴ロード	게임 클리어 이력 로드
5290208	24	セーブ情報ロード	세이브 정보 로드
5290232	24	共通設定ロード	공통 설정 로드
5290256	32	アイテムコレクションセーブ	아이템 컬렉션 세이브
5290288	32	イベントコレクションセーブ	이벤트 컬렉션 세이브
5290320	32	ゲームクリア履歴セーブ	게임 클리어 이력 세이브
5290352	32	戦術キャンペーン履歴ロード	전술 캠페인 이력 로드
5290384	32	戦術キャンペーン履歴セーブ	전술 캠페인 이력 세이브
5290416	32	三國志Ⅷデータロード	삼국지 8 데이터 로드
5290448	48	三國志Ⅷ with パワーアップキットデータセーブ	삼국지 8 with 파워업 키트 데이터 세이브
5290528	48	ここまでの内容をセーブしますか？	여기까지의 내용을 세이브하겠습니까?
5290576	96	アイテムコレクションのデータが更新されています\nメモリーカード(PS2)に保存しますか？	아이템 컬렉션 데이터가 갱신되었습니다\n메모리카드(PS2)에 저장하시겠습니까?
5290672	96	イベントコレクションのデータが更新されています\nメモリーカード(PS2)に保存しますか？	이벤트 컬렉션 데이터가 갱신되었습니다\n메모리카드(PS2)에 저장하시겠습니까?
5290768	80	ゲームクリア履歴のデータが更新されています\nメモリーカード(PS2)に保存しますか？	게임 클리어 이력 데이터가 갱신되었습니다\n메모리카드(PS2)에 저장하시겠습니까?
5290848	80	戦術キャンペーン履歴を\nメモリーカード(PS2)にセーブします\nよろしいですか？	전술 캠페인 이력을\n메모리카드(PS2)에 세이브합니다\n진행하시겠습니까?
5290928	104	三國志Ⅷのアイテム・イベントコレクション\nゲームクリア履歴のデータを\nメモリーカード(PS2)に保存しますか？	삼국지8의 아이템・이벤트 컬렉션\n게임 클리어 이력의 데이터를\n메모리카드(PS2)에 저장하시겠습니까?
5291032	8	夫	남편
5291040	8	妻	처
5291048	8	少女	소녀
5291056	16	少年	소년
5291136	16	特技「%s」	특기「%s」
5291152	8	特技	특기
5291160	16	戦法「%s」	전법「%s」
5291176	8	戦法	전법
5291184	32	資質なし　　　　	자질없음　　　　
5291216	32	人並み　　　　　	평범　　　　　　
5291248	32	心得あり　　　　	소양있음　　　　
5291280	32	猛者　　　　　　	맹장　　　　　　
5291312	32	剛の者　　　　　	강자　　　　　　
5291344	32	一騎当千　　　　	일기당천　　　　
5291376	32	天下無双　　　　	천하무쌍　　　　
5291408	32	識者　　　　　　	식자　　　　　　
5291440	32	賢者　　　　　　	현자　　　　　　
5291472	32	変幻無窮の策士　	변환무궁의책사　
5291504	32	希世の天才　　　	희세의천재　　　
5291536	32	策士　　　　　　	책사　　　　　　
5291568	32	権謀術策の士　　	권모술책의사　　
5291600	32	名君の政術　　　	명군의정술　　　
5291632	32	神君の徳治　　　	신군의덕치　　　
5291664	32	明星　　　　　　	샛별　　　　　　
5291696	32	稟姓の声望　　　	품성의성망　　　
5291728	32	天資の徳望　　　	천자의덕망　　　
5291760	32	神の恩寵者　　　	신의은총자　　　
5291792	32	　これ以上は無理　	　이 이상은 무리　
5291824	32	　少しだけ伸びる　	　조금만 늘어남　
5291856	32	　まだまだ伸びる　	　아직 더 늘어남　
5291888	24	　大いに期待　　　	　크게 기대　　　
5291928	8	武力	무력
5291936	8	知力	지력
5291944	8	政治	정치
5291952	8	魅力	매력
5291960	8	冷静	냉정
5291968	16	勇猛	용맹
5292024	8	息子	아들
5292032	8	娘	딸
5292040	8	都市	도시
5293736	8	%d年	%d년
5293744	16	%d年%d月	%d년 %d월
5293800	8	年表	연표
5293808	8	戻る	뒤로
5293816	8	、	,
5293824	8	。	.
5293840	16	%3d年  　　　 	%3d년
5293856	16	%3d年%2d月　　 	%3d년 %2d월
5293872	16	   　  　　　 	
5293896	8	頁切替	쪽전환
5293904	8	番号	번호
5294472	8	 金 	금
5294480	8	商人	상인
5294488	16	 決定 	결정
5294504	16	 中止 	중지
5294520	8	州	주
5294528	8	勢力	세력
5294536	8	太守	태수
5294544	8	武将	무장
5294552	8	軍団	군단
5294560	8	軍師	군사
5294568	8	在野	재야
5294576	8	内政	내정
5294584	8	民心	민심
5294592	24	都市編集	도시 편집
5294616	8	非常駐	비상주
5294624	8	常駐	상주
5294632	8	農耕	농경
5294640	8	商業	상업
5294648	8	技術	기술
5294656	8	城塞	성새
5294664	8	放牧	방목
5294672	8	特徴	특징
5294680	8	常駐	상주
5294688	16	非常駐	비상주
5294760	8	武力	무력
5294768	8	知力	지력
5294776	8	政治	정치
5294784	8	魅力	매력
5294792	8	義理	의리
5294800	8	野望	야망
5294808	8	冷静	냉정
5294816	8	勇猛	용맹
5294824	8	相性	상성
5294832	8	寿命	수명
5294840	8	有名	유명
5294848	8	功績	공적
5294856	8	名声	명성
5294864	8	悪名	악명
5294872	8	忠誠	충성
5294880	8	金	금
5295000	16	 タイプ 	 타입 
5295016	16	得意分野	특기 분야
5295032	8	将軍	장군
5295040	8	軍師	군사
5295048	8	万能	만능
5295056	8	平凡	평범
5295064	8	打撃	타격
5295072	8	射撃	사격
5295080	8	奇襲	기습
5295088	8	計略	계략
5295096	8	数値	수치
5295104	8	特技	특기
5295112	8	戦法	전법
5295120	16	成長傾向	성장 경향
5295136	8	決定	결정
5295144	16	中止	중지
5295160	8	勢力	세력
5295168	8	所在	소재
5295176	8	身分	신분
5295184	48	編集内容で決定します\nよろしいですか？	편집 내용으로 결정합니다\n진행하시겠습니까?
5295232	48	編集を中止して元に戻しますが\nよろしいですか？	편집을 중지하고 되돌립니다\n진행하시겠습니까?
5295312	32	能力などの数値を編集します	능력 등의 수치를 편집합니다
5295344	32	特技を編集します	특기를 편집합니다
5295376	32	戦法を編集します	전법을 편집합니다
5295408	32	成長傾向を編集します	성장 경향을 편집합니다
5295440	32	編集内容で決定します	편집 내용으로 결정합니다
5295472	24	編集を中止します	편집을 중지합니다
5295496	24	%sを変更します	%s 변경합니다
5295520	32	[2b%sは変更できません	[2b%s 변경은 불가합니다
5295552	32	%sレベルを変更します	%s 레벨을 변경합니다
5295584	32	タイプを変更します	타입을 변경합니다
5295616	32	得意分野を変更します(複数可)	특기 분야 변경(복수 가능)
5296304	16	%s(%d～%d)	%s(%d~%d)
5296384	6	x＜週	x＜주
5296416	6	x＜週	x＜주
5296592	6	x＜週	x＜주
5298112	6	x＜集	x＜집
5298144	6	x＜集	x＜집
5298432	6	x＜集	x＜집
5299104	6	x＜集	x＜집
5299392	6	x＜集	x＜집
5299424	6	x＜集	x＜집
5303856	6	x＜集	x＜집
5322832	6	x＜従	x＜종
5322992	6	x＜従	x＜종
5323024	6	x＜戎	x＜융
5323296	6	x＜戎	x＜융
5327968	6	x＜柔	x＜유
