idx	code	slot	cond	jp	ko
0	055A	0	{0026:5}{00CE}	N	
0	055A	1	{0036}{0026:1204}{0554:1}	祝融	
0	055A	2	{0554:0}	夫人	
0	055A	3	{0036}{0026:30}{00CE}	N	
0	055A	4		様	
0	055A	5	{0036}{00CE}	N	
0	055A	6		殿	
1	055B	0	{0026:500}{0026:510}{0026:6}	息子	
1	055B	1	{0036}	娘	
1	055B	2	{0034:6}	父	
1	055B	3	{0036}	母	
1	055B	4	{0036}{0026:501}{0026:510}{0026:6}	弟	
1	055B	5	{0036}	妹	
1	055B	6	{0034:6}	兄	
1	055B	7	{0036}	姉	
2	055C	0	{0026:511}{0035}{008E}	N	
2	055C	1		の	
3	055D	0	{0026:1339}	すまねぇ	
3	055D	1	{0036}{0026:500}{0026:510}{0026:6}	すまぬ	
3	055D	2	{0036}	すみません	
3	055D	3	{0036}	申し訳ありません	
3	055D	4	{0036}{0026:501}{0026:510}{0026:6}	すまぬ	
3	055D	5	{0036}	すみません	
3	055D	6	{0036}	申し訳ありません	
3	055D	7	{0036}{0026:7}{0026:30}	すみません	
3	055D	8	{0036}	申し訳ありません	
3	055D	9	{0036}{0026:512}{0026:30}	すまぬ	
3	055D	10	{0036}{0026:130}	申し訳ありません	
3	055D	11	{0036}{0026:514}	申し訳ありません	
3	055D	12	{0036}{0036}	すまぬ	
4	055E	0	{0026:10604}{0026:1339}{0026:130}{0026:2493}	おれ	
4	055E	1	{0035}	それがし	
4	055E	2	{0036}{0036}	おれ	
4	055E	3	{0034:1080}{0026:130}	それがし	
4	055E	4	{0036}	わし	
4	055E	5	{0034:1515}{0026:513}{0026:510}	おれ	
4	055E	6	{0035}	それがし	
4	055E	7	{0036}{0036}{0026:530}{0026:510}	おれ	
4	055E	8	{0035}	それがし	
4	055E	9	{0036}{0036}{0026:130}	それがし	
4	055E	10	{0036}{0026:512}{0026:30}	おれ	
4	055E	11	{0036}{0026:130}	それがし	
4	055E	12	{0036}{0026:514}	それがし	
4	055E	13	{0036}{0036}	おれ	
4	055E	14	{0036}{0036}{0026:7}{0026:31}	わらわ	
4	055E	15	{0034:30}	わたし	
4	055E	16	{0036}	わたし	
4	055E	17	{0035}{0026:31}	朕	
4	055E	18	{0034:30}{0026:94}{0026:99}	わし	
4	055E	19	{0036}{0036}	私	
4	055E	20	{0034:15}{0026:513}{0026:510}	私	
4	055E	21	{0035}	それがし	
4	055E	22	{0036}{0035}	それがし	
4	055E	23	{0036}{0034:16}{0026:513}{0026:510}	私	
4	055E	24	{0035}	それがし	
4	055E	25	{0036}{0035}	それがし	
4	055E	26	{0036}{0036}{0036}	私	
5	055F	0	{0026:10604}{0026:1080}	わし	
5	055F	1	{0034:1339}	おれ	
5	055F	2	{0034:1515}	おれ	
5	055F	3	{0036}{0036}{0026:7}	わたし	
5	055F	4	{0036}{0026:30}{0026:94}{0026:99}	わし	
5	055F	5	{0036}{0036}	私	
5	055F	6	{0036}	私	
6	0560	0	{0026:10604}{0026:1339}{0026:130}{0026:2493}	おれたち	
6	0560	1	{0035}	我ら	
6	0560	2	{0036}{0036}	おれたち	
6	0560	3	{0036}{0036}{0026:7}{0026:31}	わらわたち	
6	0560	4	{0034:30}	わたしたち	
6	0560	5	{0036}	わたしたち	
6	0560	6	{0035}{0026:31}	朕ら	
6	0560	7	{0036}{0036}	我ら	
7	0561	0	{0026:500}{0026:510}{00CF}	N	
7	0561	1	{0035}{0026:106}	父上	
7	0561	2	{0036}	母上	
7	0561	3	{0036}{0036}{0026:501}{0026:528}{00CF}	N	
7	0561	4	{0036}{0026:510}{00CF}	N	
7	0561	5	{0035}{0026:106}	兄上	
7	0561	6	{0036}	姉上	
7	0561	7	{0036}{0036}{0026:513}{0026:510}{00CF}	N	
7	0561	8	{0035}{00CF}	N	
7	0561	9		殿	
7	0561	10	{0036}{0036}{0026:10604}{0026:1339}{0026:2493}	兄者	
7	0561	11	{0034:2080}	兄貴	
7	0561	12	{0036}{0034:1080}{0026:2493}	兄者	
7	0561	13	{0036}{0034:1292}{0026:2201}{0026:130}{0554:1}	公瑾	
7	0561	14	{0554:0}	殿	
7	0561	15	{0035}{0554:1}	公瑾	
7	0561	16	{0554:0}{0036}{0036}{0034:1201}{0026:2292}{0026:130}{0554:1}	伯符	
7	0561	17	{0554:0}	殿	
7	0561	18	{0035}{0554:1}	伯符	
7	0561	19	{0554:0}{0036}{0036}{0034:1493}{0026:2233}{0554:1}	孔明	
7	0561	20	{0554:0}{0036}{0036}{0036}{0026:526}{0026:106}{0026:1339}	兄者	
7	0561	21	{0034:1080}	兄者	
7	0561	22	{0035}	義兄上	
7	0561	23	{0036}{0035}{0026:1339}	姉者	
7	0561	24	{0034:1080}	姉者	
7	0561	25	{0035}	義姉上	
7	0561	26	{0036}{0036}{0036}{0026:527}{00CF}	N	
7	0561	27	{0036}{0026:512}{0026:131}	陛下	
7	0561	28	{0034:130}{0026:10604}{0026:2346}	張師君	
7	0561	29	{0034:2529}	大賢良師様	
7	0561	30	{0034:2531}	地公将軍様	
7	0561	31	{0034:2530}	人公将軍様	
7	0561	32	{0034:2448}	大王様	
7	0561	33	{0035}{00CF}	N	
7	0561	34		様	
7	0561	35	{0036}{0036}{00CF}	N	
7	0561	36		様	
7	0561	37	{0036}{0026:514}{00CF}	N	
7	0561	38		殿	
7	0561	39	{0035}{00CF}	N	
7	0561	40	{0036}{0034:130}{00CF}	N	
7	0561	41		殿	
7	0561	42	{0036}{00CF}	N	
7	0561	43		殿	
8	0562	0	{0026:500}{0026:510}{00CF}	N	
8	0562	1	{0035}{0026:106}	父上	
8	0562	2	{0036}	母上	
8	0562	3	{0036}{0036}{0026:501}{0026:528}{00CF}	N	
8	0562	4	{0036}{0026:510}{00CF}	N	
8	0562	5	{0035}{0026:106}	兄上	
8	0562	6	{0036}	姉上	
8	0562	7	{0036}{0036}{0026:513}{0026:510}{00CF}	N	
8	0562	8	{0035}{00CF}	N	
8	0562	9		殿	
8	0562	10	{0036}{0036}{0026:10604}{0026:1339}{0026:2493}	兄者	
8	0562	11	{0034:2080}	兄貴	
8	0562	12	{0036}{0034:1080}{0026:2493}	兄者	
8	0562	13	{0036}{0034:1292}{0026:2201}{0026:130}{0554:1}	公瑾	
8	0562	14	{0554:0}	殿	
8	0562	15	{0035}{0554:1}	公瑾	
8	0562	16	{0554:0}{0036}{0036}{0034:1201}{0026:2292}{0026:130}{0554:1}	伯符	
8	0562	17	{0554:0}	殿	
8	0562	18	{0035}{0554:1}	伯符	
8	0562	19	{0554:0}{0036}{0036}{0034:1493}{0026:2233}{0554:1}	孔明	
8	0562	20	{0554:0}{0036}{0036}{0036}{0026:526}{0026:106}{0026:1339}	兄者	
8	0562	21	{0034:1080}	兄者	
8	0562	22	{0035}	義兄上	
8	0562	23	{0036}{0035}{0026:1339}	姉者	
8	0562	24	{0034:1080}	姉者	
8	0562	25	{0035}	義姉上	
8	0562	26	{0036}{0036}{0036}{0026:527}{00CF}	N	
8	0562	27	{0036}{0026:512}{0026:130}{00CF}	N	
8	0562	28		様	
8	0562	29	{0036}{00CF}	N	
8	0562	30		殿	
8	0562	31	{0034:130}{00CF}	N	
8	0562	32		殿	
8	0562	33	{0036}{00CF}	N	
8	0562	34		殿	
9	0563	0	{0026:500}{0026:510}	そなた	
9	0563	1	{0035}{0026:106}	あなた	
9	0563	2	{0036}	あなた	
9	0563	3	{0036}{0036}{0026:501}{0026:528}	そなた	
9	0563	4	{0036}{0026:510}	そなた	
9	0563	5	{0035}{0026:106}	あなた	
9	0563	6	{0036}	あなた	
9	0563	7	{0036}{0036}{0026:513}{0026:510}	そなた	
9	0563	8	{0035}{0026:106}	あなた	
9	0563	9	{0036}	あなた	
9	0563	10	{0036}{0036}{0026:10604}{0026:1339}{0026:2493}	兄者	
9	0563	11	{0034:2080}	兄貴	
9	0563	12	{0036}{0034:1080}{0026:2493}	あなた	
9	0563	13	{0036}{0036}{0036}{0026:526}{0026:106}{0026:6}{0026:22}{0026:12}	あなた	
9	0563	14	{0036}{0036}{0034:9}	あなた	
9	0563	15	{0036}	あなた	
9	0563	16	{0035}{0026:22}{0026:12}	あなた	
9	0563	17	{0036}{0035}{0026:9}	あなた	
9	0563	18	{0036}{0036}	あなた	
9	0563	19	{0036}{0036}{0026:527}	お前	
9	0563	20	{0034:1204}{0026:2448}	あなた	
9	0563	21	{0036}{0034:1448}{0026:2204}	お前	
9	0563	22	{0036}{0036}{0026:512}{0026:131}{0026:107}	貴女	
9	0563	23	{0036}	貴方	
9	0563	24	{0034:31}	そなた	
9	0563	25	{0034:130}{0026:107}	貴女	
9	0563	26	{0036}	貴方	
9	0563	27	{0034:30}{0026:7}	貴方	
9	0563	28	{0036}	そなた	
9	0563	29	{0034:107}	貴女	
9	0563	30	{0034:514}	貴殿	
9	0563	31	{0036}{0036}{0026:7}{0026:510}	あなた	
9	0563	32	{0034:106}	貴方	
9	0563	33	{0036}	貴女	
9	0563	34	{0036}{0026:510}{0026:513}	そなた	
9	0563	35	{0034:107}	貴女	
9	0563	36	{0036}	貴公	
9	0563	37	{0036}	貴殿	
10	0564	0	{0026:7}	お前	
10	0564	1	{0034:11}	お前	
10	0564	2	{0036}	貴様	
11	0565	0	{0026:500}{0026:510}{00CF}	N	
11	0565	1	{0034:106}	父上	
11	0565	2	{0036}	母上	
11	0565	3	{0036}{0026:501}{0026:510}{00CF}	N	
11	0565	4	{0034:106}	兄上	
11	0565	5	{0036}	姉上	
11	0565	6	{0036}{0026:513}{0026:510}{00CF}	N	
11	0565	7	{0035}{00CF}	N	
11	0565	8		殿	
11	0565	9	{0036}{0036}{0026:10604}{0026:1339}{0026:2493}	兄者	
11	0565	10	{0034:2080}	兄貴	
11	0565	11	{0036}{0034:1080}{0026:2493}	兄者	
11	0565	12	{0036}{0036}{0036}{0026:526}{0026:106}{0026:1339}	兄者	
11	0565	13	{0034:1080}	兄者	
11	0565	14	{0035}	義兄上	
11	0565	15	{0036}{0035}{0026:1339}	姉者	
11	0565	16	{0034:1080}	姉者	
11	0565	17	{0035}	義姉上	
11	0565	18	{0036}{0036}{0036}{0026:527}{00CF}	N	
11	0565	19	{0036}{00CF}	N	
11	0565	20		様	
12	0566	0	{0026:500}{0026:510}{00CF}	N	
12	0566	1	{0034:106}	父上	
12	0566	2	{0036}	母上	
12	0566	3	{0036}{0026:501}{0026:510}{00CF}	N	
12	0566	4	{0034:106}	兄上	
12	0566	5	{0036}	姉上	
12	0566	6	{0036}{00CF}	N	
13	0567	0	{0026:10604}{0026:1339}{0026:3493}	兄者	
13	0567	1	{0034:3080}	兄貴	
13	0567	2	{0036}{0034:1080}{0026:3493}	兄者	
13	0567	3	{0034:3339}{0554:1}	張飛	
13	0567	4	{0554:0}{0036}{0034:1493}{0026:3080}{0554:1}	関羽	
13	0567	5	{0554:0}{0034:3339}{0554:1}	張飛	
13	0567	6	{0554:0}{0034:3233}{0554:1}	孔明	
13	0567	7	{0554:0}{0036}{0034:1493}{0026:3233}{0554:1}	孔明	
13	0567	8	{0554:0}{0036}{0034:1204}{0026:3448}	我が夫	
13	0567	9	{0036}{0034:1448}{0026:3204}{0554:1}	祝融	
13	0567	10	{0554:0}{0036}{0034:3204}{0554:1}	祝融	
13	0567	11	{0554:0}	夫人	
13	0567	12	{0036}{0036}{0026:600}{0026:610}{00D0}	N	
13	0567	13	{0034:206}	父上	
13	0567	14	{0036}	母上	
13	0567	15	{0036}{0026:601}{0026:610}{00D0}	N	
13	0567	16	{0034:206}	兄上	
13	0567	17	{0036}	姉上	
13	0567	18	{0036}{0026:613}{0026:610}{00D0}	N	
13	0567	19	{0035}{00D0}	N	
13	0567	20		殿	
13	0567	21	{0036}{0036}{0026:626}{0026:206}{0026:1339}	兄者	
13	0567	22	{0034:1080}	兄者	
13	0567	23	{0035}	義兄上	
13	0567	24	{0036}{0035}{0026:1339}	姉者	
13	0567	25	{0034:1080}	姉者	
13	0567	26	{0035}	義姉上	
13	0567	27	{0036}{0036}{0036}{0026:627}{00D0}	N	
13	0567	28	{0036}{0026:612}{0026:231}	陛下	
13	0567	29	{0034:230}{0026:10604}{0026:3346}	張師君	
13	0567	30	{0034:3529}	大賢良師様	
13	0567	31	{0034:3531}	地公将軍様	
13	0567	32	{0034:3530}	人公将軍様	
13	0567	33	{0034:3448}	大王様	
13	0567	34	{0035}{00D0}	N	
13	0567	35		様	
13	0567	36	{0036}{0035}{00D0}	N	
13	0567	37		様	
13	0567	38	{0036}{0034:30}{00D0}	N	
13	0567	39	{0034:614}{00D0}	N	
13	0567	40		殿	
13	0567	41	{0036}{0034:230}{00D0}	N	
13	0567	42		殿	
13	0567	43	{0036}{0026:613}{0026:610}{00D0}	N	
13	0567	44	{0036}{0036}{00D0}	N	
13	0567	45		殿	
14	0568	0	{0026:207}	彼女	
14	0568	1	{0035}	彼	
17	056B	0	{0026:600}{0026:610}{00D0}	N	
17	056B	1	{0034:206}	父上	
17	056B	2	{0036}	母上	
17	056B	3	{0036}{00D0}	N	
18	056C	0	{0026:600}{0026:610}	我が子・	
18	056C	1	{00D0}	N	
18	056C	2	{0034:206}	我が父・	
18	056C	3	{00D0}	N	
18	056C	4	{0036}	我が母・	
18	056C	5	{00D0}	N	
18	056C	6	{0036}{0026:601}{0026:610}{0026:206}	我が弟・	
18	056C	7	{00D0}	N	
18	056C	8	{0036}	我が妹・	
18	056C	9	{00D0}	N	
18	056C	10	{0034:206}	我が兄・	
18	056C	11	{00D0}	N	
18	056C	12	{0036}	我が姉・	
18	056C	13	{00D0}	N	
18	056C	14	{0036}{0026:613}	一族の	
18	056C	15	{00D0}	N	
18	056C	16	{0036}{0026:626}{0026:206}	我が義兄・	
18	056C	17	{00D0}	N	
18	056C	18	{0035}	我が義姉・	
18	056C	19	{00D0}	N	
18	056C	20	{0036}{0036}{0026:627}{0026:206}	我が義弟・	
18	056C	21	{00D0}	N	
18	056C	22	{0035}	我が義妹・	
18	056C	23	{00D0}	N	
18	056C	24	{0036}{0036}{0026:612}{0026:230}	我が主・	
18	056C	25	{00D0}	N	
18	056C	26	{0036}{0036}{00D0}	N	
18	056C	27		殿	
20	056E	0	{0026:613}{0026:610}{00D0}	N	
20	056E	1	{0035}{00D0}	N	
20	056E	2		殿	
20	056E	3	{0036}{0036}{0026:626}{00D0}	N	
20	056E	4		殿	
20	056E	5	{0036}{0026:627}{00D0}	N	
20	056E	6	{0036}{00D0}	N	
20	056E	7		殿	
22	0570	0	{0026:230}{0026:612}{0035}{0027:30}{0026:3015}	猿	
22	0570	1	{0034:3493}	えせ君子	
22	0570	2	{0034:3271}	姦雄	
22	0570	3	{0026:207}{0026:213}	女狐	
22	0570	4	{0034:214}	毒婦	
22	0570	5	{0036}{0036}{0036}{0036}{0036}{0026:616}	老いぼれ	
22	0570	6	{0036}{0026:207}{0026:616}	小娘	
22	0570	7	{0036}{0035}{0026:616}{0027:30}	小僧	
22	0570	8	{0036}	青二才	
22	0570	9	{0036}{0036}{0026:222}	匹夫	
22	0570	10	{0034:224}	臆病者	
22	0570	11	{0036}{0026:219}{0027:30}	猪武者	
22	0570	12	{0036}{0034:213}{0027:30}	ほら吹き	
22	0570	13	{0036}{0034:220}	愚か者	
22	0570	14	{0034:221}	愚か者	
22	0570	15	{0036}{0026:230}{0026:612}{0027:50}	逆賊	
22	0570	16	{0036}{0036}{0036}{0026:207}	女	
22	0570	17	{0036}	下郎	
23	0571	0	{0026:7}{0026:512}{0026:130}	ございます	
23	0571	1	{0036}{0036}	あります	
23	0571	2	{0036}{0026:500}{0026:510}	ある	
23	0571	3	{0036}	あります	
23	0571	4	{0036}{0026:1339}	ある	
23	0571	5	{0036}{0026:513}{0026:510}	ある	
23	0571	6	{0035}	あります	
23	0571	7	{0036}{0036}{0026:530}{0026:510}	ある	
23	0571	8	{0035}	あります	
23	0571	9	{0036}{0036}{0026:512}{0026:30}	ある	
23	0571	10	{0036}{0026:130}	ございます	
23	0571	11	{0036}{0026:514}	あります	
23	0571	12	{0036}{0036}	ある	
24	0572	0	{0026:6}{0026:11}	お相手いたそう	
24	0572	1	{0036}{0035}{0026:23}	お相手しよう	
24	0572	2	{0036}	お相手しましょう	
24	0572	3	{0036}	相手になろう	
25	0573	0	{0026:7}{0026:512}{0026:130}	ございまし	
25	0573	1	{0036}{0036}	ありまし	
25	0573	2	{0036}{0026:500}{0026:510}	あっ	
25	0573	3	{0036}	ありまし	
25	0573	4	{0036}{0026:1339}	あっ	
25	0573	5	{0036}{0026:513}{0026:510}	あっ	
25	0573	6	{0035}	ありまし	
25	0573	7	{0036}{0036}{0026:530}{0026:510}	あっ	
25	0573	8	{0035}	ありまし	
25	0573	9	{0036}{0036}{0026:512}{0026:30}	あっ	
25	0573	10	{0036}{0026:130}	ございまし	
25	0573	11	{0036}{0026:514}	ありまし	
25	0573	12	{0036}{0036}	あっ	
26	0574	0	{0026:7}	んで	
26	0574	1	{0036}	べ	
27	0575	0	{0026:7}	びましょう	
27	0575	1	{0036}	ぼう	
28	0576	0	{0026:7}	です	
28	0576	1	{0036}{0026:500}{0026:510}	だ	
28	0576	2	{0036}	です	
28	0576	3	{0036}{0026:1339}	だ	
28	0576	4	{0036}{0026:513}{0026:510}	だ	
28	0576	5	{0035}	です	
28	0576	6	{0036}{0036}{0026:530}{0026:510}	だ	
28	0576	7	{0035}	です	
28	0576	8	{0036}{0036}{0026:512}{0026:30}	だ	
28	0576	9	{0036}{0026:130}	です	
28	0576	10	{0036}{0026:514}	です	
28	0576	11	{0036}{0036}	だ	
29	0577	0	{0026:7}	です	
29	0577	1	{0036}{0026:500}{0026:510}{001E}{0036}	です	
29	0577	2	{0036}{0026:513}{0026:510}{001E}{0035}	です	
29	0577	3	{0036}{0036}{0026:530}{0026:510}{001E}{0035}	です	
29	0577	4	{0036}{0036}{0026:512}{0026:30}{001E}{0036}{0026:130}	です	
29	0577	5	{0036}{0026:514}	です	
30	0578	0	{0026:7}{0026:30}	でございます	
30	0578	1	{0036}	です	
30	0578	2	{0036}{0026:1339}	だ	
30	0578	3	{0036}{0026:513}{0026:510}	だ	
30	0578	4	{0035}	でございます	
30	0578	5	{0036}{0036}{0026:530}{0026:510}	だ	
30	0578	6	{0035}	でございます	
30	0578	7	{0036}{0036}{0026:512}{0026:30}	だ	
30	0578	8	{0036}{0026:130}	でございます	
30	0578	9	{0036}{0036}	です	
31	0579	0	{0026:6}	だ	
31	0579	1	{0036}	よ	
32	057A	0	{0026:7}{0026:513}{0026:510}	ね	
32	057A	1	{0035}	ですね	
32	057A	2	{0036}{0036}{0026:530}{0026:510}	ね	
32	057A	3	{0035}	ですね	
32	057A	4	{0036}{0036}{0026:512}{0026:514}	ですね	
32	057A	5	{0035}	ね	
32	057A	6	{0036}{0036}{0026:130}	ですね	
32	057A	7	{0036}	ね	
32	057A	8	{0036}{0026:500}{0026:510}	だな	
32	057A	9	{0036}	ですな	
32	057A	10	{0036}{0026:1339}	だな	
32	057A	11	{0036}{0026:513}{0026:510}	だな	
32	057A	12	{0035}	ですな	
32	057A	13	{0036}{0036}{0026:530}{0026:510}	だな	
32	057A	14	{0035}	ですな	
32	057A	15	{0036}{0036}{0026:512}{0026:30}	だな	
32	057A	16	{0036}{0026:130}	ですな	
32	057A	17	{0036}{0026:514}	ですな	
32	057A	18	{0036}{0036}	だな	
33	057B	0	{0026:7}	でしょう	
33	057B	1	{0036}{0026:500}{0026:510}	だろう	
33	057B	2	{0036}	でしょう	
33	057B	3	{0036}{0026:1339}	だろう	
33	057B	4	{0036}{0026:513}{0026:510}	だろう	
33	057B	5	{0035}	でしょう	
33	057B	6	{0036}{0036}{0026:530}{0026:510}	だろう	
33	057B	7	{0035}	でしょう	
33	057B	8	{0036}{0036}{0026:512}{0026:30}	だろう	
33	057B	9	{0036}{0026:130}	でしょう	
33	057B	10	{0036}{0026:514}	でしょう	
33	057B	11	{0036}{0036}	だろう	
34	057C	0	{0026:7}	でした	
34	057C	1	{0036}{0026:500}{0026:510}	だった	
34	057C	2	{0036}	でした	
34	057C	3	{0036}{0026:1339}	だった	
34	057C	4	{0036}{0026:513}{0026:510}	だった	
34	057C	5	{0035}	でした	
34	057C	6	{0036}{0036}{0026:530}{0026:510}	だった	
34	057C	7	{0035}	でした	
34	057C	8	{0036}{0036}{0026:512}{0026:30}	だった	
34	057C	9	{0036}{0026:130}	でした	
34	057C	10	{0036}{0026:514}	でした	
34	057C	11	{0036}{0036}	だった	
35	057D	0	{0026:7}	ですって	
35	057D	1	{0036}{0026:500}{0026:510}	だと	
35	057D	2	{0036}	ですと	
35	057D	3	{0036}{0026:1339}	だと	
35	057D	4	{0036}{0026:513}{0026:510}	だと	
35	057D	5	{0035}	ですと	
35	057D	6	{0036}{0036}{0026:530}{0026:510}	だと	
35	057D	7	{0035}	ですと	
35	057D	8	{0036}{0036}{0026:512}{0026:30}	だと	
35	057D	9	{0036}{0026:130}	ですと	
35	057D	10	{0036}{0026:514}	ですと	
35	057D	11	{0036}{0036}{0026:6}	だと	
36	057E	0	{0026:7}	だわ	
37	057F	0	{0026:7}	でして	
37	057F	1	{0036}{0026:500}{0026:510}	で	
37	057F	2	{0036}	でして	
37	057F	3	{0036}{0026:1339}	で	
37	057F	4	{0036}{0026:513}{0026:510}	で	
37	057F	5	{0035}	でして	
37	057F	6	{0036}{0036}{0026:530}{0026:510}	で	
37	057F	7	{0035}	でして	
37	057F	8	{0036}{0036}{0026:512}{0026:30}	で	
37	057F	9	{0036}{0026:130}	でして	
37	057F	10	{0036}{0026:514}	でして	
37	057F	11	{0036}{0036}	で	
38	0580	0	{0026:7}	でしてね	
38	0580	1	{0036}{0026:500}{0026:510}	でな	
38	0580	2	{0036}	でしてな	
38	0580	3	{0036}{0026:1339}	でな	
38	0580	4	{0036}{0026:513}{0026:510}	でな	
38	0580	5	{0035}	でしてな	
38	0580	6	{0036}{0036}{0026:530}{0026:510}	でな	
38	0580	7	{0035}	でしてな	
38	0580	8	{0036}{0036}{0026:512}{0026:30}	でな	
38	0580	9	{0036}{0026:130}	でしてな	
38	0580	10	{0036}{0026:514}	でしてな	
38	0580	11	{0036}{0036}	でな	
39	0581	0	{0026:7}{0026:512}{0026:30}	かしら	
39	0581	1	{0036}{0036}{0026:513}{0026:510}	かしら	
39	0581	2	{0035}	ですか	
39	0581	3	{0036}{0036}{0026:530}{0026:510}	かしら	
39	0581	4	{0035}	ですか	
39	0581	5	{0036}{0036}	ですか	
39	0581	6	{0036}{0026:500}{0026:510}	だろうか	
39	0581	7	{0036}	ですか	
39	0581	8	{0036}{0026:1339}	か	
39	0581	9	{0036}{0026:513}{0026:510}	か	
39	0581	10	{0035}	ですか	
39	0581	11	{0036}{0036}{0026:530}{0026:510}	か	
39	0581	12	{0035}	ですか	
39	0581	13	{0036}{0036}{0026:512}{0026:30}{0026:17}	か	
39	0581	14	{0036}	かな	
39	0581	15	{0036}{0026:130}	ですか	
39	0581	16	{0036}{0026:514}	ですか	
39	0581	17	{0036}{0036}{0026:6}	だろうか	
40	0582	0	{0026:6}	けい	
40	0582	1	{0036}	きなさい	
41	0583	0	{0026:7}{0026:23}	どうですか	
41	0583	1	{0036}	いかがですか	
41	0583	2	{0036}{0026:500}{0026:510}	どうだ	
41	0583	3	{0036}	どうですか	
41	0583	4	{0036}{0026:1339}	どうだ	
41	0583	5	{0036}{0026:513}{0026:510}	どうだ	
41	0583	6	{0035}	どうですか	
41	0583	7	{0036}{0036}{0026:530}{0026:510}	どうだ	
41	0583	8	{0035}	どうですか	
41	0583	9	{0036}{0036}{0026:512}{0026:30}	どうだ	
41	0583	10	{0036}{0026:130}	いかがですか	
41	0583	11	{0036}{0026:514}	いかがですか	
41	0583	12	{0036}{0036}{0011:9399}{003B}{0026:18}	いかがか	
41	0583	13	{0036}{0026:11}	いかがか	
41	0583	14	{0036}	どうだ	
42	0584	0	{0026:7}	いなさい	
42	0584	1	{0036}	え	
43	0585	0	{0026:7}	けれど	
43	0585	1	{0036}	が	
44	0586	0	{0026:7}	ございます	
44	0586	1	{0036}	ござる	
45	0587	0	{0026:7}	ぎます	
45	0587	1	{0036}{0026:500}{0026:510}	ぐ	
45	0587	2	{0036}	ぎます	
45	0587	3	{0036}{0026:1339}	ぐ	
45	0587	4	{0036}{0026:513}{0026:510}	ぐ	
45	0587	5	{0035}	ぎます	
45	0587	6	{0036}{0036}{0026:530}{0026:510}	ぐ	
45	0587	7	{0035}	ぎます	
45	0587	8	{0036}{0036}{0026:512}{0026:30}	ぐ	
45	0587	9	{0036}{0026:130}	ぎます	
45	0587	10	{0036}{0026:514}	ぎます	
45	0587	11	{0036}{0036}	ぐ	
46	0588	0	{0026:7}	はい	
46	0588	1	{0036}	ははっ	
47	0589	0	{0026:7}	うふふ	
47	0589	1	{0036}	ほう	
48	058A	0	{0026:7}{0027:50}	ぎゃっ	
48	058A	1	{0036}	うっ	
48	058A	2	{0036}{0027:50}	うぐっ	
48	058A	3	{0036}	ぐわっ	
49	058B	0	{0026:7}	言って	
49	058B	1	{0036}	言いおって	
50	058C	0	{0026:7}{0026:23}	いくわよ	
50	058C	1	{0036}	いきますよ	
50	058C	2	{0036}{0026:1339}	いくぞ	
50	058C	3	{0036}{0026:513}{0026:510}	いくぞ	
50	058C	4	{0035}	いきますぞ	
50	058C	5	{0036}{0036}{0026:530}{0026:510}	いくぞ	
50	058C	6	{0035}	いきますぞ	
50	058C	7	{0036}{0036}{0026:23}	参るぞ	
50	058C	8	{0036}	いくぞ	
51	058D	0	{0026:7}{0026:30}	おりません	
51	058D	1	{0036}	いません	
51	058D	2	{0036}{0026:500}{0026:510}	いない	
51	058D	3	{0036}	おりません	
51	058D	4	{0036}{0026:1339}	いない	
51	058D	5	{0036}{0026:513}{0026:510}	いない	
51	058D	6	{0035}	おりません	
51	058D	7	{0036}{0036}{0026:530}{0026:510}	いない	
51	058D	8	{0035}	おりません	
51	058D	9	{0036}{0036}{0026:512}{0026:30}	おらぬ	
51	058D	10	{0036}{0026:130}	おりません	
51	058D	11	{0036}{0026:514}	おりません	
51	058D	12	{0036}{0036}	いない	
52	058E	0	{0026:7}	おります	
52	058E	1	{0036}{0026:500}{0026:510}	いる	
52	058E	2	{0036}	おります	
52	058E	3	{0036}{0026:1339}	いる	
52	058E	4	{0036}{0026:513}{0026:510}	いる	
52	058E	5	{0035}	おります	
52	058E	6	{0036}{0036}{0026:530}{0026:510}	いる	
52	058E	7	{0035}	おります	
52	058E	8	{0036}{0036}{0026:512}{0026:30}	いる	
52	058E	9	{0036}{0026:130}	おります	
52	058E	10	{0036}{0026:514}	おります	
52	058E	11	{0036}{0036}	いる	
53	058F	0	{0026:7}	いました	
53	058F	1	{0036}{0026:500}{0026:510}	いた	
53	058F	2	{0036}	おりました	
53	058F	3	{0036}{0026:1339}	いた	
53	058F	4	{0036}{0026:513}{0026:510}	いた	
53	058F	5	{0035}	おりました	
53	058F	6	{0036}{0036}{0026:530}{0026:510}	いた	
53	058F	7	{0035}	おりました	
53	058F	8	{0036}{0036}{0026:512}{0026:30}	いた	
53	058F	9	{0036}{0026:130}	おりました	
53	058F	10	{0036}{0026:514}	おりました	
53	058F	11	{0036}{0036}{0026:6}	いた	
54	0590	0	{0026:7}	きました	
54	0590	1	{0036}{0026:500}{0026:510}	いた	
54	0590	2	{0036}	きました	
54	0590	3	{0036}{0026:1339}	いた	
54	0590	4	{0036}{0026:513}{0026:510}	いた	
54	0590	5	{0035}	きました	
54	0590	6	{0036}{0036}{0026:530}{0026:510}	いた	
54	0590	7	{0035}	きました	
54	0590	8	{0036}{0036}{0026:512}{0026:30}	いた	
54	0590	9	{0036}{0026:130}	きました	
54	0590	10	{0036}{0026:514}	きました	
54	0590	11	{0036}{0036}	いた	
55	0591	0	{0026:7}	いたします	
55	0591	1	{0036}{0026:500}{0026:510}	いたす	
55	0591	2	{0036}	いたします	
55	0591	3	{0036}{0026:1339}	いたす	
55	0591	4	{0036}{0026:513}{0026:510}	いたす	
55	0591	5	{0035}	いたします	
55	0591	6	{0036}{0036}{0026:530}{0026:510}	いたす	
55	0591	7	{0035}	いたします	
55	0591	8	{0036}{0036}{0026:512}{0026:30}	いたす	
55	0591	9	{0036}{0026:130}	いたします	
55	0591	10	{0036}{0026:514}	いたします	
55	0591	11	{0036}{0036}	いたす	
56	0592	0	{0026:7}	いたしましょう	
56	0592	1	{0036}{0026:500}{0026:510}	いたそう	
56	0592	2	{0036}	いたします	
56	0592	3	{0036}{0026:1339}	いたそう	
56	0592	4	{0036}{0026:513}{0026:510}	いたそう	
56	0592	5	{0035}	いたしましょう	
56	0592	6	{0036}{0036}{0026:530}{0026:510}	いたそう	
56	0592	7	{0035}	いたしましょう	
56	0592	8	{0036}{0036}{0026:512}{0026:30}	いたそう	
56	0592	9	{0036}{0026:130}	いたしましょう	
56	0592	10	{0036}{0026:514}	いたしましょう	
56	0592	11	{0036}{0036}	いたそう	
57	0593	0	{0026:7}	いまして	
57	0593	1	{0036}{0026:500}{0026:510}	いて	
57	0593	2	{0036}	おりまして	
57	0593	3	{0036}{0026:1339}	いて	
57	0593	4	{0036}{0026:513}{0026:510}	いて	
57	0593	5	{0035}	おりまして	
57	0593	6	{0036}{0036}{0026:530}{0026:510}	いて	
57	0593	7	{0035}	おりまして	
57	0593	8	{0036}{0036}{0026:512}{0026:30}	いて	
57	0593	9	{0036}{0026:130}	おりまして	
57	0593	10	{0036}{0026:514}	おりまして	
57	0593	11	{0036}{0036}	いて	
58	0594	0	{0026:6}	いやいや	
58	0594	1	{0036}	いえいえ	
59	0595	0	{0026:7}	ですか	
59	0595	1	{0036}{0026:500}{0026:510}	か	
59	0595	2	{0036}	ですか	
59	0595	3	{0036}{0026:1339}	か	
59	0595	4	{0036}{0026:513}{0026:510}	か	
59	0595	5	{0035}	ですか	
59	0595	6	{0036}{0036}{0026:530}{0026:510}	か	
59	0595	7	{0035}	ですか	
59	0595	8	{0036}{0036}{0026:512}{0026:30}	か	
59	0595	9	{0036}{0026:130}	ですか	
59	0595	10	{0036}{0026:514}	ですか	
59	0595	11	{0036}{0036}	か	
60	0596	0	{0026:6}	か	
61	0597	0	{0026:6}	か	
61	0597	1	{0036}	わ	
62	0598	0	{0026:7}	かしら	
62	0598	1	{0036}{0026:500}{0026:510}	かな	
62	0598	2	{0036}	でしょうか	
62	0598	3	{0036}{0026:1339}	か	
62	0598	4	{0036}{0026:513}{0026:510}	か	
62	0598	5	{0035}	でしょうか	
62	0598	6	{0036}{0036}{0026:530}{0026:510}	か	
62	0598	7	{0035}	でしょうか	
62	0598	8	{0036}{0036}{0026:512}{0026:30}{0026:17}	か	
62	0598	9	{0036}	かな	
62	0598	10	{0036}{0026:130}	でしょうか	
62	0598	11	{0036}{0026:514}	でしょうか	
62	0598	12	{0036}{0036}	かな	
63	0599	0	{0026:7}	かぬ	
63	0599	1	{0036}{0026:500}{0026:510}	かぬ	
63	0599	2	{0036}	きません	
63	0599	3	{0036}{0026:1339}	かぬ	
63	0599	4	{0036}{0026:513}{0026:510}	かぬ	
63	0599	5	{0035}	きません	
63	0599	6	{0036}{0036}{0026:530}{0026:510}	かぬ	
63	0599	7	{0035}	きません	
63	0599	8	{0036}{0036}{0026:512}{0026:30}	かぬ	
63	0599	9	{0036}{0026:130}	きません	
63	0599	10	{0036}{0026:514}	きません	
63	0599	11	{0036}{0036}	かぬ	
64	059A	0	{0026:7}{0026:30}{0026:512}{0026:23}	お聞き	
64	059A	1	{0036}	聞きなさい	
64	059A	2	{0036}{0036}	お聞きください	
64	059A	3	{0036}{0026:500}	お聞きください	
64	059A	4	{0036}{0026:1339}	聞けい	
64	059A	5	{0036}{0026:513}{0026:510}	聞けい	
64	059A	6	{0035}	お聞きください	
64	059A	7	{0036}{0036}{0026:530}{0026:510}	聞けい	
64	059A	8	{0035}	お聞きください	
64	059A	9	{0036}{0036}{0026:512}{0026:30}	聞けい	
64	059A	10	{0036}{0026:130}	お聞きください	
64	059A	11	{0036}{0026:514}	お聞きください	
64	059A	12	{0036}{0036}	聞けい	
65	059B	0	{0026:7}{0026:23}	参れ	
65	059B	1	{0036}	来なさい	
65	059B	2	{0036}{0026:1339}	来い	
65	059B	3	{0036}{0026:513}{0026:510}	来い	
65	059B	4	{0035}	来られい	
65	059B	5	{0036}{0036}{0026:530}{0026:510}	来い	
65	059B	6	{0035}	来られい	
65	059B	7	{0036}{0036}{0026:25}{0026:23}	参れ	
65	059B	8	{0036}{0034:26}{0026:27}	来るがよい	
65	059B	9	{0036}{0036}	来い	
66	059C	0	{0026:7}	こられよ	
66	059C	1	{0036}{0026:500}{0026:510}	こい	
66	059C	2	{0036}	こられよ	
66	059C	3	{0036}{0026:1339}	こい	
66	059C	4	{0036}{0026:513}{0026:510}	こい	
66	059C	5	{0035}	こられよ	
66	059C	6	{0036}{0036}{0026:530}{0026:510}	こい	
66	059C	7	{0035}	こられよ	
66	059C	8	{0036}{0036}{0026:512}{0026:30}	こい	
66	059C	9	{0036}{0026:130}	こられよ	
66	059C	10	{0036}{0026:514}	こられよ	
66	059C	11	{0036}{0036}	こい	
67	059D	0	{0026:7}	きましょう	
67	059D	1	{0036}{0026:500}{0026:510}	こう	
67	059D	2	{0036}	きましょう	
67	059D	3	{0036}{0026:1339}	こう	
67	059D	4	{0036}{0026:513}{0026:510}	こう	
67	059D	5	{0035}	きましょう	
67	059D	6	{0036}{0036}{0026:530}{0026:510}	こう	
67	059D	7	{0035}	きましょう	
67	059D	8	{0036}{0036}{0026:512}{0026:30}	こう	
67	059D	9	{0036}{0026:130}	きましょう	
67	059D	10	{0036}{0026:514}	きましょう	
67	059D	11	{0036}{0036}	こう	
68	059E	0	{0026:7}	きましょう	
68	059E	1	{0036}{0026:500}{0026:510}	こよう	
68	059E	2	{0036}	きましょう	
68	059E	3	{0036}{0026:1339}	こよう	
68	059E	4	{0036}{0026:513}{0026:510}	こよう	
68	059E	5	{0035}	きましょう	
68	059E	6	{0036}{0036}{0026:530}{0026:510}	こよう	
68	059E	7	{0035}	きましょう	
68	059E	8	{0036}{0036}{0026:512}{0026:30}	こよう	
68	059E	9	{0036}{0026:130}	きましょう	
68	059E	10	{0036}{0026:514}	きましょう	
68	059E	11	{0036}{0036}	こよう	
69	059F	0	{0026:7}	きます	
69	059F	1	{0036}{0026:500}{0026:510}	く	
69	059F	2	{0036}	きます	
69	059F	3	{0036}{0026:1339}	く	
69	059F	4	{0036}{0026:513}{0026:510}	く	
69	059F	5	{0035}	きます	
69	059F	6	{0036}{0036}{0026:530}{0026:510}	く	
69	059F	7	{0035}	きます	
69	059F	8	{0036}{0036}{0026:512}{0026:30}	く	
69	059F	9	{0036}{0026:130}	きます	
69	059F	10	{0036}{0026:514}	きます	
69	059F	11	{0036}{0036}	く	
70	05A0	0	{0026:7}	ください	
70	05A0	1	{0036}{0026:500}{0026:510}	くだされ	
70	05A0	2	{0036}	ください	
70	05A0	3	{0036}{0026:1339}	くだされ	
70	05A0	4	{0036}{0026:513}{0026:510}	くだされ	
70	05A0	5	{0035}	ください	
70	05A0	6	{0036}{0036}{0026:530}{0026:510}	くだされ	
70	05A0	7	{0035}	ください	
70	05A0	8	{0036}{0036}{0026:512}{0026:30}	くだされ	
70	05A0	9	{0036}{0026:130}	ください	
70	05A0	10	{0036}{0026:514}	ください	
70	05A0	11	{0036}{0036}	くだされ	
71	05A1	0	{0026:7}	ください	
71	05A1	1	{0036}{0026:500}{0026:510}	くれ	
71	05A1	2	{0036}	くだされ	
71	05A1	3	{0036}{0026:1339}	くれ	
71	05A1	4	{0036}{0026:513}{0026:510}	くれ	
71	05A1	5	{0035}	くだされ	
71	05A1	6	{0036}{0036}{0026:530}{0026:510}	くれ	
71	05A1	7	{0035}	くだされ	
71	05A1	8	{0036}{0036}{0026:512}{0026:30}	くれ	
71	05A1	9	{0036}{0026:130}	くだされ	
71	05A1	10	{0036}{0026:514}	くだされ	
71	05A1	11	{0036}{0036}	くれ	
72	05A2	0	{0026:7}{0026:30}	くださる	
72	05A2	1	{0036}{0026:23}	くださる	
72	05A2	2	{0036}	くださいます	
72	05A2	3	{0036}{0026:500}{0026:510}	くれる	
72	05A2	4	{0036}	くださいます	
72	05A2	5	{0036}{0026:1339}	くれる	
72	05A2	6	{0036}{0026:513}{0026:510}	くれる	
72	05A2	7	{0035}	くださいます	
72	05A2	8	{0036}{0036}{0026:530}{0026:510}	くれる	
72	05A2	9	{0035}	くださいます	
72	05A2	10	{0036}{0036}{0026:512}{0026:30}	くれる	
72	05A2	11	{0036}{0026:130}	くださいます	
72	05A2	12	{0036}{0026:514}	くださいます	
72	05A2	13	{0036}{0036}	くれる	
73	05A3	0	{0026:7}{0026:30}	くれました	
73	05A3	1	{0036}{0026:513}{0026:510}	くれました	
73	05A3	2	{0035}	くださいました	
73	05A3	3	{0036}{0036}{0026:530}{0026:510}	くれました	
73	05A3	4	{0035}	くださいました	
73	05A3	5	{0036}{0036}	くださいました	
73	05A3	6	{0036}{0026:500}{0026:510}	くれた	
73	05A3	7	{0036}	くださいました	
73	05A3	8	{0036}{0026:1339}	くれた	
73	05A3	9	{0036}{0026:513}{0026:510}	くれた	
73	05A3	10	{0035}	くださいました	
73	05A3	11	{0036}{0036}{0026:530}{0026:510}	くれた	
73	05A3	12	{0035}	くださいました	
73	05A3	13	{0036}{0036}{0026:512}{0026:30}	くれた	
73	05A3	14	{0036}{0026:130}	くださいました	
73	05A3	15	{0036}{0026:514}	くださいました	
73	05A3	16	{0036}{0036}	くれた	
74	05A4	0	{0026:7}{0026:30}	くだされて	
74	05A4	1	{0036}{0026:23}	くだされて	
74	05A4	2	{0036}	くださって	
74	05A4	3	{0036}{0026:500}{0026:510}	くれて	
74	05A4	4	{0036}	くださって	
74	05A4	5	{0036}{0026:1339}	くれて	
74	05A4	6	{0036}{0026:513}{0026:510}	くれて	
74	05A4	7	{0035}	くださって	
74	05A4	8	{0036}{0036}{0026:530}{0026:510}	くれて	
74	05A4	9	{0035}	くださって	
74	05A4	10	{0036}{0036}{0026:512}{0026:30}	くれて	
74	05A4	11	{0036}{0026:130}	くださって	
74	05A4	12	{0036}{0026:514}	くださって	
74	05A4	13	{0036}{0036}	くれて	
75	05A5	0	{0026:1339}	ちっくしょおおお	
75	05A5	1	{0034:7}	ちいい	
75	05A5	2	{0035}{0026:23}	ちっ	
75	05A5	3	{0034:8}	ぐぬぬぬぬぬ	
75	05A5	4	{0036}{0036}	くぬう	
76	05A6	0	{0026:7}	みません	
76	05A6	1	{0036}{0026:500}{0026:510}	まぬ	
76	05A6	2	{0036}	みません	
76	05A6	3	{0036}{0026:1339}	まぬ	
76	05A6	4	{0036}{0026:513}{0026:510}	まぬ	
76	05A6	5	{0035}	みません	
76	05A6	6	{0036}{0036}{0026:530}{0026:510}	まぬ	
76	05A6	7	{0035}	みません	
76	05A6	8	{0036}{0036}{0026:512}{0026:30}	まぬ	
76	05A6	9	{0036}{0026:130}	みません	
76	05A6	10	{0036}{0026:514}	みません	
76	05A6	11	{0036}{0036}	まぬ	
77	05A7	0	{0026:6}	め	
78	05A8	0	{0026:7}	いただきましょう	
78	05A8	1	{0036}{0026:500}{0026:510}{0026:23}	いただこう	
78	05A8	2	{0036}	もらおう	
78	05A8	3	{0036}	いただきましょう	
78	05A8	4	{0036}{0026:1339}	もらおう	
78	05A8	5	{0036}{0026:513}{0026:510}	もらおう	
78	05A8	6	{0035}	いただきましょう	
78	05A8	7	{0036}{0036}{0026:530}{0026:510}	もらおう	
78	05A8	8	{0035}	いただきましょう	
78	05A8	9	{0036}{0036}{0026:512}{0026:30}	もらおう	
78	05A8	10	{0036}{0026:130}	いただきましょう	
78	05A8	11	{0036}{0026:514}	いただきましょう	
78	05A8	12	{0036}{0036}{0026:23}	いただこう	
78	05A8	13	{0036}	もらおう	
79	05A9	0	{0026:7}	みます	
79	05A9	1	{0036}{0026:500}{0026:510}	む	
79	05A9	2	{0036}	みます	
79	05A9	3	{0036}{0026:1339}	む	
79	05A9	4	{0036}{0026:513}{0026:510}	む	
79	05A9	5	{0035}	みます	
79	05A9	6	{0036}{0036}{0026:530}{0026:510}	む	
79	05A9	7	{0035}	みます	
79	05A9	8	{0036}{0036}{0026:512}{0026:30}	む	
79	05A9	9	{0036}{0026:130}	みます	
79	05A9	10	{0036}{0026:514}	みます	
79	05A9	11	{0036}{0036}	む	
80	05AA	0	{0026:7}	ね	
80	05AA	1	{0036}	な	
81	05AB	0	{0026:7}	わね	
81	05AB	1	{0036}	な	
82	05AC	0	{0026:7}	な	
83	05AD	0	{0026:6}	な	
84	05AE	0	{0026:7}	わね	
84	05AE	1	{0036}	な	
85	05AF	0	{0026:7}	ません	
85	05AF	1	{0036}{0026:500}{0026:510}{0026:28}	ぬ	
85	05AF	2	{0036}	ない	
85	05AF	3	{0036}	ません	
85	05AF	4	{0036}{0026:1339}	ぬ	
85	05AF	5	{0036}{0026:513}{0026:510}	ぬ	
85	05AF	6	{0035}	ません	
85	05AF	7	{0036}{0036}{0026:530}{0026:510}	ぬ	
85	05AF	8	{0035}	ません	
85	05AF	9	{0036}{0036}{0026:512}{0026:30}	ぬ	
85	05AF	10	{0036}{0026:130}	ません	
85	05AF	11	{0036}{0026:514}	ません	
85	05AF	12	{0036}{0036}{0026:28}	ぬ	
85	05AF	13	{0036}	ない	
86	05B0	0	{0026:7}	ありません	
86	05B0	1	{0036}{0026:500}{0026:510}	ない	
86	05B0	2	{0036}	ありません	
86	05B0	3	{0036}{0026:1339}	ない	
86	05B0	4	{0036}{0026:513}{0026:510}	ない	
86	05B0	5	{0035}	ありません	
86	05B0	6	{0036}{0036}{0026:530}{0026:510}	ない	
86	05B0	7	{0035}	ありません	
86	05B0	8	{0036}{0036}{0026:512}{0026:30}	ない	
86	05B0	9	{0036}{0026:514}	ありません	
86	05B0	10	{0036}{0036}	ない	
87	05B1	0	{0026:7}	ない	
87	05B1	1	{0036}	ぬ	
88	05B2	0	{0026:7}	なんですって	
88	05B2	1	{0036}{0026:500}{0026:510}	なんだと	
88	05B2	2	{0036}	なんですと	
88	05B2	3	{0036}{0026:1339}	なんだと	
88	05B2	4	{0036}{0026:513}{0026:510}	なんだと	
88	05B2	5	{0035}	なんですと	
88	05B2	6	{0036}{0036}{0026:530}{0026:510}	なんだと	
88	05B2	7	{0035}	なんですと	
88	05B2	8	{0036}{0036}{0026:512}{0026:30}	なんだと	
88	05B2	9	{0036}{0026:130}	なんですと	
88	05B2	10	{0036}{0026:514}	なんですと	
88	05B2	11	{0036}{0036}	なんだと	
89	05B3	0	{0026:7}	なりません	
89	05B3	1	{0036}{0026:500}{0026:510}	なるまい	
89	05B3	2	{0036}	なりません	
89	05B3	3	{0036}{0026:1339}	なるまい	
89	05B3	4	{0036}{0026:513}{0026:510}	なるまい	
89	05B3	5	{0035}	なりません	
89	05B3	6	{0036}{0036}{0026:530}{0026:510}	なるまい	
89	05B3	7	{0035}	なりません	
89	05B3	8	{0036}{0036}{0026:512}{0026:30}	なるまい	
89	05B3	9	{0036}{0026:130}	なりますまい	
89	05B3	10	{0036}{0026:514}	なりません	
89	05B3	11	{0036}{0036}	なるまい	
90	05B4	0	{0026:7}{0026:30}	ありますまい	
90	05B4	1	{0036}	ないでしょう	
90	05B4	2	{0036}{0026:500}{0026:510}	なかろう	
90	05B4	3	{0036}	ございますまい	
90	05B4	4	{0036}{0026:1339}	なかろう	
90	05B4	5	{0036}{0026:513}{0026:510}	なかろう	
90	05B4	6	{0035}	ございますまい	
90	05B4	7	{0036}{0036}{0026:530}{0026:510}	なかろう	
90	05B4	8	{0035}	ございますまい	
90	05B4	9	{0036}{0036}{0026:512}{0026:30}	なかろう	
90	05B4	10	{0036}{0026:130}	ございますまい	
90	05B4	11	{0036}{0026:514}	ありますまい	
90	05B4	12	{0036}{0036}	なかろう	
91	05B5	0	{0026:7}	ませんでした	
91	05B5	1	{0036}{0026:500}{0026:510}	なかった	
91	05B5	2	{0036}	ませんでした	
91	05B5	3	{0036}{0026:1339}	なかった	
91	05B5	4	{0036}{0026:513}{0026:510}	なかった	
91	05B5	5	{0035}	ませんでした	
91	05B5	6	{0036}{0036}{0026:530}{0026:510}	なかった	
91	05B5	7	{0035}	ませんでした	
91	05B5	8	{0036}{0036}{0026:512}{0026:30}	なかった	
91	05B5	9	{0036}{0026:130}	ませんでした	
91	05B5	10	{0036}{0026:514}	ませんでした	
91	05B5	11	{0036}{0036}	なかった	
92	05B6	0	{0026:7}	ね	
92	05B6	1	{0036}	だ	
93	05B7	0	{0026:7}	のですか	
93	05B7	1	{0036}{0026:500}{0026:510}	のか	
93	05B7	2	{0036}	のですか	
93	05B7	3	{0036}{0026:1339}	のか	
93	05B7	4	{0036}{0026:513}{0026:510}	のか	
93	05B7	5	{0035}	のですか	
93	05B7	6	{0036}{0036}{0026:530}{0026:510}	のか	
93	05B7	7	{0035}	のですか	
93	05B7	8	{0036}{0036}{0026:512}{0026:30}	のか	
93	05B7	9	{0036}{0026:130}	のですか	
93	05B7	10	{0036}{0026:514}	のですか	
93	05B7	11	{0036}{0036}	のか	
94	05B8	0	{0026:7}	くうう	
94	05B8	1	{0036}	ぬうう	
95	05B9	0	{0026:7}	思います	
95	05B9	1	{0036}{0026:500}{0026:510}	思う	
95	05B9	2	{0036}	存じます	
95	05B9	3	{0036}{0026:1339}	思う	
95	05B9	4	{0036}{0026:513}{0026:510}	思う	
95	05B9	5	{0035}	存じます	
95	05B9	6	{0036}{0036}{0026:530}{0026:510}	思う	
95	05B9	7	{0035}	存じます	
95	05B9	8	{0036}{0036}{0026:512}{0026:30}	思う	
95	05B9	9	{0036}{0026:130}	存じます	
95	05B9	10	{0036}{0026:514}	存じます	
95	05B9	11	{0036}{0036}	思う	
96	05BA	0	{0026:7}{0026:30}	ええ	
96	05BA	1	{0036}	はい	
96	05BA	2	{0036}{0026:500}{0026:510}	おお	
96	05BA	3	{0036}	はい	
96	05BA	4	{0036}{0026:1339}	おお	
96	05BA	5	{0036}{0026:513}{0026:510}	おお	
96	05BA	6	{0035}	はい	
96	05BA	7	{0036}{0036}{0026:530}{0026:510}	おお	
96	05BA	8	{0035}	はい	
96	05BA	9	{0036}{0036}{0026:512}{0026:30}	おお	
96	05BA	10	{0036}{0026:130}	はい	
96	05BA	11	{0036}{0026:514}	はい	
96	05BA	12	{0036}{0036}	おお	
97	05BB	0	{0026:7}	まあ	
97	05BB	1	{0036}	おお	
98	05BC	0	{0026:7}	いましょう	
98	05BC	1	{0036}{0026:500}{0026:510}	おう	
98	05BC	2	{0036}	いましょう	
98	05BC	3	{0036}{0026:1339}	おう	
98	05BC	4	{0036}{0026:513}{0026:510}	おう	
98	05BC	5	{0035}	いましょう	
98	05BC	6	{0036}{0036}{0026:530}{0026:510}	おう	
98	05BC	7	{0035}	いましょう	
98	05BC	8	{0036}{0036}{0026:512}{0026:30}	おう	
98	05BC	9	{0036}{0026:130}	いましょう	
98	05BC	10	{0036}{0026:514}	いましょう	
98	05BC	11	{0036}{0036}	おう	
99	05BD	0	{0026:7}	ほう	
99	05BD	1	{0036}	おう	
100	05BE	0	{0026:7}{0026:30}	りません	
100	05BE	1	{0036}	りません	
100	05BE	2	{0036}{0026:500}{0026:510}	らぬ	
100	05BE	3	{0036}	りません	
100	05BE	4	{0036}{0026:1339}	らぬ	
100	05BE	5	{0036}{0026:513}{0026:510}	らぬ	
100	05BE	6	{0035}	りません	
100	05BE	7	{0036}{0036}{0026:530}{0026:510}	らぬ	
100	05BE	8	{0035}	りません	
100	05BE	9	{0036}{0036}{0026:512}{0026:30}	らぬ	
100	05BE	10	{0036}{0026:130}	りません	
100	05BE	11	{0036}{0026:514}	りません	
100	05BE	12	{0036}{0036}	らぬ	
101	05BF	0	{0026:7}	なさい	
101	05BF	1	{0036}	ろ	
102	05C0	0	{0026:7}	りましょう	
102	05C0	1	{0036}{0026:500}{0026:510}	ろう	
102	05C0	2	{0036}	りましょう	
102	05C0	3	{0036}{0026:1339}	ろう	
102	05C0	4	{0036}{0026:513}{0026:510}	ろう	
102	05C0	5	{0035}	りましょう	
102	05C0	6	{0036}{0036}{0026:530}{0026:510}	ろう	
102	05C0	7	{0035}	りましょう	
102	05C0	8	{0036}{0036}{0026:512}{0026:30}	ろう	
102	05C0	9	{0036}{0026:130}	りましょう	
102	05C0	10	{0036}{0026:514}	りましょう	
102	05C0	11	{0036}{0036}	ろう	
103	05C1	0	{0026:7}	ります	
103	05C1	1	{0036}{0026:500}{0026:510}	る	
103	05C1	2	{0036}	ります	
103	05C1	3	{0036}{0026:1339}	る	
103	05C1	4	{0036}{0026:513}{0026:510}	る	
103	05C1	5	{0035}	ります	
103	05C1	6	{0036}{0036}{0026:530}{0026:510}	る	
103	05C1	7	{0035}	ります	
103	05C1	8	{0036}{0036}{0026:512}{0026:30}	る	
103	05C1	9	{0036}{0026:130}	ります	
103	05C1	10	{0036}{0026:514}	ります	
103	05C1	11	{0036}{0036}	る	
104	05C2	0	{0026:7}	ます	
104	05C2	1	{0036}{0026:500}{0026:510}	る	
104	05C2	2	{0036}	ます	
104	05C2	3	{0036}{0026:1339}	る	
104	05C2	4	{0036}{0026:513}{0026:510}	る	
104	05C2	5	{0035}	ます	
104	05C2	6	{0036}{0036}{0026:530}{0026:510}	る	
104	05C2	7	{0035}	ます	
104	05C2	8	{0036}{0036}{0026:512}{0026:30}	る	
104	05C2	9	{0036}{0026:130}	ます	
104	05C2	10	{0036}{0026:514}	ます	
104	05C2	11	{0036}{0036}	る	
105	05C3	0	{0026:7}	います	
105	05C3	1	{0036}{0026:500}{0026:510}	る	
105	05C3	2	{0036}	います	
105	05C3	3	{0036}{0026:1339}	る	
105	05C3	4	{0036}{0026:513}{0026:510}	る	
105	05C3	5	{0035}	います	
105	05C3	6	{0036}{0036}{0026:530}{0026:510}	る	
105	05C3	7	{0035}	います	
105	05C3	8	{0036}{0036}{0026:512}{0026:30}{0026:7}	います	
105	05C3	9	{0036}	る	
105	05C3	10	{0036}{0026:130}	います	
105	05C3	11	{0036}{0026:514}	います	
105	05C3	12	{0036}{0036}	る	
106	05C4	0	{0026:7}	りません	
106	05C4	1	{0036}{0026:500}{0026:510}	るまい	
106	05C4	2	{0036}	りません	
106	05C4	3	{0036}{0026:1339}	るまい	
106	05C4	4	{0036}{0026:513}{0026:510}	るまい	
106	05C4	5	{0035}	りません	
106	05C4	6	{0036}{0036}{0026:530}{0026:510}	るまい	
106	05C4	7	{0035}	りません	
106	05C4	8	{0036}{0036}{0026:512}{0026:30}	るまい	
106	05C4	9	{0036}{0026:130}	りますまい	
106	05C4	10	{0036}{0026:514}	りません	
106	05C4	11	{0036}{0036}	るまい	
107	05C5	0	{0026:7}	しません	
107	05C5	1	{0036}{0026:500}{0026:510}	さぬ	
107	05C5	2	{0036}	しません	
107	05C5	3	{0036}{0026:1339}	さぬ	
107	05C5	4	{0036}{0026:513}{0026:510}	さぬ	
107	05C5	5	{0035}	しません	
107	05C5	6	{0036}{0036}{0026:530}{0026:510}	さぬ	
107	05C5	7	{0035}	しません	
107	05C5	8	{0036}{0036}{0026:512}{0026:30}	さぬ	
107	05C5	9	{0036}{0026:130}	しません	
107	05C5	10	{0036}{0026:514}	しません	
107	05C5	11	{0036}{0036}	さぬ	
108	05C6	0	{0026:7}	しない	
108	05C6	1	{0036}	せぬ	
109	05C7	0	{0026:7}	しません	
109	05C7	1	{0036}	せぬ	
110	05C8	0	{0026:7}	しますまい	
110	05C8	1	{0036}{0026:500}{0026:510}	しまい	
110	05C8	2	{0036}	しますまい	
110	05C8	3	{0036}{0026:1339}	しまい	
110	05C8	4	{0036}{0026:513}{0026:510}	しまい	
110	05C8	5	{0035}	しますまい	
110	05C8	6	{0036}{0036}{0026:530}{0026:510}	しまい	
110	05C8	7	{0035}	しますまい	
110	05C8	8	{0036}{0036}{0026:512}{0026:30}	しまい	
110	05C8	9	{0036}{0026:130}	しますまい	
110	05C8	10	{0036}{0026:514}	しますまい	
110	05C8	11	{0036}{0036}	しまい	
111	05C9	0	{0026:7}{0026:510}{0026:23}	せよ	
111	05C9	1	{0035}	しなさい	
111	05C9	2	{0036}{0036}	されよ	
111	05C9	3	{0036}{0026:500}{0026:510}	せよ	
111	05C9	4	{0036}	されよ	
111	05C9	5	{0036}{0026:1339}	せよ	
111	05C9	6	{0036}{0026:513}{0026:510}	せよ	
111	05C9	7	{0035}	されよ	
111	05C9	8	{0036}{0036}{0026:530}{0026:510}	せよ	
111	05C9	9	{0035}	されよ	
111	05C9	10	{0036}{0036}{0026:512}{0026:30}	せよ	
111	05C9	11	{0036}{0026:130}	されよ	
111	05C9	12	{0036}{0026:514}	されよ	
111	05C9	13	{0036}{0036}	せよ	
112	05CA	0	{0026:7}	しましょう	
112	05CA	1	{0036}{0026:500}{0026:510}	しよう	
112	05CA	2	{0036}	いたしましょう	
112	05CA	3	{0036}{0026:1339}	しよう	
112	05CA	4	{0036}{0026:513}{0026:510}	しよう	
112	05CA	5	{0035}	いたしましょう	
112	05CA	6	{0036}{0036}{0026:530}{0026:510}	しよう	
112	05CA	7	{0035}	いたしましょう	
112	05CA	8	{0036}{0036}{0026:512}{0026:30}	しよう	
112	05CA	9	{0036}{0026:130}	いたしましょう	
112	05CA	10	{0036}{0026:514}	いたしましょう	
112	05CA	11	{0036}{0036}	しよう	
113	05CB	0	{0026:7}	します	
113	05CB	1	{0036}{0026:500}{0026:510}	す	
113	05CB	2	{0036}	します	
113	05CB	3	{0036}{0026:1339}	す	
113	05CB	4	{0036}{0026:513}{0026:510}	す	
113	05CB	5	{0035}	します	
113	05CB	6	{0036}{0036}{0026:530}{0026:510}	す	
113	05CB	7	{0035}	します	
113	05CB	8	{0036}{0036}{0026:512}{0026:30}	す	
113	05CB	9	{0036}{0026:130}	します	
113	05CB	10	{0036}{0026:514}	します	
113	05CB	11	{0036}{0036}	す	
114	05CC	0	{0026:7}	します	
114	05CC	1	{0036}{0026:500}{0026:510}	する	
114	05CC	2	{0036}	いたします	
114	05CC	3	{0036}{0026:1339}	する	
114	05CC	4	{0036}{0026:513}{0026:510}	する	
114	05CC	5	{0035}	いたします	
114	05CC	6	{0036}{0036}{0026:530}{0026:510}	する	
114	05CC	7	{0035}	いたします	
114	05CC	8	{0036}{0036}{0026:512}{0026:30}	する	
114	05CC	9	{0036}{0026:130}	いたします	
114	05CC	10	{0036}{0026:514}	いたします	
114	05CC	11	{0036}{0036}	する	
115	05CD	0	{0026:7}	ました	
115	05CD	1	{0036}{0026:500}{0026:510}	た	
115	05CD	2	{0036}	ました	
115	05CD	3	{0036}{0026:1339}	た	
115	05CD	4	{0036}{0026:513}{0026:510}	た	
115	05CD	5	{0035}	ました	
115	05CD	6	{0036}{0036}{0026:530}{0026:510}	た	
115	05CD	7	{0035}	ました	
115	05CD	8	{0036}{0036}{0026:512}{0026:30}	た	
115	05CD	9	{0036}{0026:130}	ました	
115	05CD	10	{0036}{0026:514}	ました	
115	05CD	11	{0036}{0036}	た	
116	05CE	0	{0026:7}	ちなさい	
116	05CE	1	{0036}	て	
117	05CF	0	{0026:7}	まして	
117	05CF	1	{0036}{0026:500}{0026:510}	て	
117	05CF	2	{0036}	まして	
117	05CF	3	{0036}{0026:1339}	て	
117	05CF	4	{0036}{0026:513}{0026:510}	て	
117	05CF	5	{0035}	まして	
117	05CF	6	{0036}{0036}{0026:530}{0026:510}	て	
117	05CF	7	{0035}	まして	
117	05CF	8	{0036}{0036}{0026:512}{0026:30}	て	
117	05CF	9	{0036}{0026:130}	まして	
117	05CF	10	{0036}{0026:514}	まして	
117	05CF	11	{0036}{0036}	て	
118	05D0	0	{0026:7}	なんて	
118	05D0	1	{0036}	とは	
119	05D1	0	{0026:7}	りました	
119	05D1	1	{0036}{0026:500}{0026:510}	った	
119	05D1	2	{0036}	りました	
119	05D1	3	{0036}{0026:1339}	った	
119	05D1	4	{0036}{0026:513}{0026:510}	った	
119	05D1	5	{0035}	りました	
119	05D1	6	{0036}{0036}{0026:530}{0026:510}	った	
119	05D1	7	{0035}	りました	
119	05D1	8	{0036}{0036}{0026:512}{0026:30}	った	
119	05D1	9	{0036}{0026:130}	りました	
119	05D1	10	{0036}{0026:514}	りました	
119	05D1	11	{0036}{0036}	った	
120	05D2	0	{0026:7}	いました	
120	05D2	1	{0036}{0026:500}{0026:510}	った	
120	05D2	2	{0036}	いました	
120	05D2	3	{0036}{0026:1339}	った	
120	05D2	4	{0036}{0026:513}{0026:510}	った	
120	05D2	5	{0035}	いました	
120	05D2	6	{0036}{0036}{0026:530}{0026:510}	った	
120	05D2	7	{0035}	いました	
120	05D2	8	{0036}{0036}{0026:512}{0026:30}	った	
120	05D2	9	{0036}{0026:130}	いました	
120	05D2	10	{0036}{0026:514}	いました	
120	05D2	11	{0036}{0036}	った	
121	05D3	0	{0026:7}	われた	
121	05D3	1	{0036}{0026:500}{0026:510}	った	
121	05D3	2	{0036}	われた	
121	05D3	3	{0036}{0026:1339}	った	
121	05D3	4	{0036}{0026:513}{0026:510}	った	
121	05D3	5	{0035}	われた	
121	05D3	6	{0036}{0036}{0026:530}{0026:510}	った	
121	05D3	7	{0035}	われた	
121	05D3	8	{0036}{0036}{0026:512}{0026:30}	った	
121	05D3	9	{0036}{0026:130}	われた	
121	05D3	10	{0036}{0026:514}	われた	
121	05D3	11	{0036}{0036}	った	
122	05D4	0	{0026:7}	いまして	
122	05D4	1	{0036}{0026:500}{0026:510}	って	
122	05D4	2	{0036}	いまして	
122	05D4	3	{0036}{0026:1339}	って	
122	05D4	4	{0036}{0026:513}{0026:510}	って	
122	05D4	5	{0035}	いまして	
122	05D4	6	{0036}{0036}{0026:530}{0026:510}	って	
122	05D4	7	{0035}	いまして	
122	05D4	8	{0036}{0036}{0026:512}{0026:30}	って	
122	05D4	9	{0036}{0026:130}	いまして	
122	05D4	10	{0036}{0026:514}	いまして	
122	05D4	11	{0036}{0036}	って	
123	05D5	0	{0026:7}	います	
123	05D5	1	{0036}{0026:500}{0026:510}	う	
123	05D5	2	{0036}	います	
123	05D5	3	{0036}{0026:1339}	う	
123	05D5	4	{0036}{0026:513}{0026:510}	う	
123	05D5	5	{0035}	います	
123	05D5	6	{0036}{0036}{0026:530}{0026:510}	う	
123	05D5	7	{0035}	います	
123	05D5	8	{0036}{0036}{0026:512}{0026:30}	う	
123	05D5	9	{0036}{0026:130}	います	
123	05D5	10	{0036}{0026:514}	います	
123	05D5	11	{0036}{0036}	う	
124	05D6	0	{0026:6}	うむ	
124	05D6	1	{0036}	ええ	
125	05D7	0	{0026:7}	ううん	
125	05D7	1	{0036}	ううむ	
126	05D8	0	{0026:7}	わ	
126	05D8	1	{0036}	ぞ	
127	05D9	0	{0026:7}{001E}{0036}{0026:1339}	わ	
127	05D9	1	{0036}{0026:513}{0026:510}	わ	
127	05D9	2	{0035}{001E}{0036}{0036}{0026:530}{0026:510}	わ	
127	05D9	3	{0035}{001E}{0036}{0036}{0026:512}{0026:30}	わ	
127	05D9	4	{0036}{0026:130}{001E}{0036}{0036}	わ	
128	05DA	0	{0026:7}	わ	
129	05DB	0	{0026:7}{0026:28}	おほほ	
129	05DB	1	{0036}	うふふ	
129	05DB	2	{0034:23}	ふっ	
129	05DB	3	{0036}{0026:1515}	わはははは	
129	05DB	4	{0036}	はっはっは	
130	05DC	0	{0026:7}{0026:30}	いません	
130	05DC	1	{0036}	いません	
130	05DC	2	{0036}{0026:500}{0026:510}	わぬ	
130	05DC	3	{0036}	いません	
130	05DC	4	{0036}{0026:1339}	わぬ	
130	05DC	5	{0036}{0026:513}{0026:510}	わぬ	
130	05DC	6	{0035}	いません	
130	05DC	7	{0036}{0036}{0026:530}{0026:510}	わぬ	
130	05DC	8	{0035}	いません	
130	05DC	9	{0036}{0036}{0026:512}{0026:30}	わぬ	
130	05DC	10	{0036}{0026:130}	いません	
130	05DC	11	{0036}{0026:514}	いません	
130	05DC	12	{0036}{0036}	わぬ	
131	05DD	0	{0026:7}	およしなさい	
131	05DD	1	{0036}{0026:500}{0026:510}	やめい	
131	05DD	2	{0036}	おやめください	
131	05DD	3	{0036}{0026:1339}	やめい	
131	05DD	4	{0036}{0026:513}{0026:510}	やめい	
131	05DD	5	{0035}	おやめください	
131	05DD	6	{0036}{0036}{0026:530}{0026:510}	やめい	
131	05DD	7	{0035}	おやめください	
131	05DD	8	{0036}{0036}{0026:512}{0026:30}	やめよ	
131	05DD	9	{0036}{0026:130}	おやめください	
131	05DD	10	{0036}{0026:514}	おやめください	
131	05DD	11	{0036}{0036}{0026:7}	やめなさい	
131	05DD	12	{0036}	やめい	
132	05DE	0	{0026:7}{0026:30}	あげましょう	
132	05DE	1	{0036}{0026:23}	やるわ	
132	05DE	2	{0036}	あげるわ	
132	05DE	3	{0036}{0026:500}{0026:510}	やろう	
132	05DE	4	{0036}	やりましょう	
132	05DE	5	{0036}{0026:1339}	やろう	
132	05DE	6	{0036}{0026:513}{0026:510}	やろう	
132	05DE	7	{0035}	やりましょう	
132	05DE	8	{0036}{0036}{0026:530}{0026:510}	やろう	
132	05DE	9	{0035}	やりましょう	
132	05DE	10	{0036}{0036}{0026:512}{0026:30}	やろう	
132	05DE	11	{0036}{0026:130}	やりましょう	
132	05DE	12	{0036}{0026:514}	やりましょう	
132	05DE	13	{0036}{0036}	やろう	
133	05DF	0	{0026:7}	いいでしょう	
133	05DF	1	{0036}{0026:500}{0026:510}	よかろう	
133	05DF	2	{0036}	よろしいでしょう	
133	05DF	3	{0036}{0026:1339}	よかろう	
133	05DF	4	{0036}{0026:513}{0026:510}	よかろう	
133	05DF	5	{0035}	よろしいでしょう	
133	05DF	6	{0036}{0036}{0026:530}{0026:510}	よかろう	
133	05DF	7	{0035}	よろしいでしょう	
133	05DF	8	{0036}{0036}{0026:512}{0026:30}	よかろう	
133	05DF	9	{0036}{0026:130}	よろしいでしょう	
133	05DF	10	{0036}{0026:514}	よろしいでしょう	
133	05DF	11	{0036}{0036}	よかろう	
134	05E0	0	{0026:7}{0026:23}	よし	
134	05E0	1	{0036}	やったわ	
134	05E0	2	{0036}	よし	
135	05E1	0	{0026:7}	ましょう	
135	05E1	1	{0036}{0026:500}{0026:510}	よう	
135	05E1	2	{0036}	ましょう	
135	05E1	3	{0036}{0026:1339}	よう	
135	05E1	4	{0036}{0026:513}{0026:510}	よう	
135	05E1	5	{0035}	ましょう	
135	05E1	6	{0036}{0036}{0026:530}{0026:510}	よう	
135	05E1	7	{0035}	ましょう	
135	05E1	8	{0036}{0036}{0026:512}{0026:30}	よう	
135	05E1	9	{0036}{0026:130}	ましょう	
135	05E1	10	{0036}{0026:514}	ましょう	
135	05E1	11	{0036}{0036}	よう	
136	05E2	0	{0026:6}	ぞ	
137	05E3	0	{0026:7}	です	
137	05E3	1	{0036}{0026:500}{0026:510}	ぞ	
137	05E3	2	{0036}	です	
137	05E3	3	{0036}{0026:1339}	ぞ	
137	05E3	4	{0036}{0026:513}{0026:510}	ぞ	
137	05E3	5	{0035}	です	
137	05E3	6	{0036}{0036}{0026:530}{0026:510}	ぞ	
137	05E3	7	{0035}	です	
137	05E3	8	{0036}{0036}{0026:512}{0026:30}	ぞ	
137	05E3	9	{0036}{0026:130}	です	
137	05E3	10	{0036}{0026:514}	です	
137	05E3	11	{0036}{0036}	ぞ	
138	05E4	0	{0026:7}	よ	
138	05E4	1	{0036}	ぞ	
139	05E5	0	{0026:7}	わよ	
139	05E5	1	{0036}	ぞ	
140	05E6	0	{0026:510}{0035}{0026:513}{0026:512}	です	
141	05E7	0	{0026:510}{0035}{0026:513}{0026:512}	です	
142	05E8	0	{0026:510}{0035}{0026:513}{0026:512}{0026:7}	ですね	
142	05E8	1	{0036}	ですな	
143	05E9	0	{0026:510}{0035}{0026:513}{0026:512}	でしょう	
144	05EA	0	{0026:510}{0035}{0026:513}{0026:512}	でして	
145	05EB	0	{0026:510}{0035}{0026:513}{0026:512}	おります	
146	05EC	0	{0026:510}{0035}{0026:513}{0026:512}	いまして	
148	05EE	0	{0026:510}{0035}{0026:513}{0026:512}{0026:7}	ですね	
148	05EE	1	{0036}	ですな	
149	05EF	0	{0026:510}{0035}{0026:513}{0026:512}	ません	
150	05F0	0	{0026:510}{0035}{0026:513}{0026:512}	りません	
151	05F1	0	{0026:510}{0035}{0026:513}{0026:512}	りましょう	
152	05F2	0	{0026:510}{0035}{0026:513}{0026:512}	ります	
153	05F3	0	{0026:510}{0035}{0026:513}{0026:512}	ます	
154	05F4	0	{0026:510}{0035}{0026:513}{0026:512}	ました	
155	05F5	0	{0026:510}{0035}{0026:513}{0026:512}	いました	
156	05F6	0	{0026:510}{0035}{0026:513}{0026:512}	ましょう	
157	05F7	0	{0037:3}	あっさり	
157	05F7	1		簡単に	
157	05F7	2		一方的に	
158	05F8	0	{0037:4}	全然	
158	05F8	1		まったく	
158	05F8	2		ほとんど	
158	05F8	3		少しも	
159	05F9	0	{0037:4}	あっさりと	
159	05F9	1		気持ちよく	
159	05F9	2		簡単に	
159	05F9	3		快く	
160	05FA	0	{0037:3}	強情に	
160	05FA	1		頑強に	
160	05FA	2		ひたすら	
