group	entry	limit
1	0	30
1	1	30
1	2	30
1	3	30
1	4	30
1	5	30
1	6	30
1	7	30
1	8	30
1	9	36
1	10	30
1	11	30
1	12	30
1	13	42
1	14	30
1	15	30
1	16	30
1	17	30
1	18	30
1	19	36
1	20	30
1	21	32
1	22	30
1	23	30
1	24	30
1	25	30
1	26	30
1	27	30
1	28	30
1	29	30
1	30	30
1	31	30
1	32	30
1	33	30
1	34	42
1	35	30
1	36	30
1	37	30
1	38	30
1	39	30
1	40	30
1	41	30
1	42	30
1	43	30
1	44	30
1	45	42
1	46	34
1	47	30
1	48	38
1	49	32
1	50	30
1	51	44
1	52	32
1	53	30
1	54	30
1	55	40
1	56	30
1	57	30
1	58	30
1	59	30
1	60	30
1	61	30
1	62	30
1	63	30
1	64	30
1	65	30
1	66	30
1	67	34
1	68	34
1	69	34
1	70	34
1	71	34
1	72	34
1	73	34
1	74	34
1	75	34
1	76	34
1	77	34
1	78	34
1	79	34
1	80	34
1	81	34
1	82	34
1	83	34
1	84	34
1	85	28
1	86	28
1	87	28
1	88	28
1	89	28
1	90	28
1	91	28
1	92	28
1	93	28
1	94	28
1	95	28
1	96	28
1	97	28
1	98	28
1	99	28
1	100	28
1	101	28
1	102	28
1	103	28
1	104	28
1	105	28
1	106	28
1	107	28
1	108	28
1	109	28
1	110	28
1	111	28
1	112	28
1	113	28
1	114	28
1	115	28
1	116	28
1	117	28
1	118	28
1	119	28
1	120	28
1	121	28
1	122	28
1	123	34
1	124	28
1	125	30
1	126	28
1	127	30
1	128	28
1	129	28
1	130	28
1	131	28
1	132	28
1	133	28
1	134	28
1	135	28
1	136	28
1	137	28
1	138	28
1	139	28
1	140	28
1	141	28
1	142	28
1	143	28
1	144	28
1	145	30
1	146	28
1	147	28
1	148	30
1	149	30
1	150	28
1	151	28
1	152	28
1	153	28
1	154	28
1	155	28
1	156	28
1	157	28
1	158	28
1	159	28
1	160	28
1	161	28
1	162	28
1	163	28
1	164	28
1	165	28
1	166	28
1	167	28
1	168	28
1	169	28
1	170	40
1	171	40
1	172	28
1	173	28
1	174	28
1	175	28
1	177	36
1	178	34
1	179	40
1	180	32
1	181	28
1	182	30
1	183	36
1	184	28
1	185	36
1	186	28
1	187	30
1	188	28
1	189	28
1	190	28
1	191	30
1	192	30
1	193	28
1	194	28
1	195	28
1	196	28
1	197	32
2	1	22
2	2	26
2	3	22
2	4	22
2	5	22
2	6	23
2	7	22
2	8	22
2	9	23
2	10	23
2	11	26
2	12	28
2	13	24
2	14	24
2	15	22
2	16	22
2	17	22
2	18	22
2	19	22
2	20	22
2	21	22
2	22	22
2	23	28
2	24	36
2	25	26
2	26	22
2	27	22
2	28	29
2	29	26
2	30	28
2	31	22
3	0	22
3	1	22
3	2	24
3	3	22
3	4	22
3	5	24
3	6	26
3	7	26
3	8	22
3	9	22
3	10	30
3	11	22
3	12	24
3	13	22
3	14	22
3	15	22
3	16	26
3	17	22
3	18	22
3	19	22
3	20	22
3	21	22
3	22	22
3	23	22
3	24	22
3	25	26
3	26	22
3	27	22
3	28	30
3	29	22
3	30	22
3	31	24
3	32	22
3	33	24
3	34	22
3	35	22
3	36	24
3	37	26
3	38	22
3	39	22
3	40	26
3	41	22
3	42	24
3	43	28
3	44	22
3	45	22
3	46	26
3	47	26
3	48	22
3	49	22
3	50	24
3	51	22
3	52	22
3	53	22
3	54	22
3	55	24
3	56	26
3	57	22
3	58	22
3	59	24
3	60	22
3	61	24
3	62	24
3	63	22
3	64	22
3	65	26
3	66	24
3	67	22
3	68	22
3	69	24
3	70	22
3	71	22
3	72	22
3	73	24
3	74	26
3	75	22
3	76	22
3	77	24
3	78	22
3	79	24
3	80	22
3	81	22
3	82	26
3	83	24
3	84	22
3	85	22
3	86	28
3	87	22
3	88	22
3	89	22
3	90	22
3	91	22
3	92	25
3	93	23
3	94	25
3	95	25
3	96	22
3	97	22
3	98	22
3	99	22
3	100	22
3	101	22
3	102	22
3	103	22
3	104	22
3	105	22
3	106	22
3	107	22
3	108	22
3	109	22
3	110	22
3	111	22
3	112	22
3	113	22
3	114	22
3	115	22
3	116	22
3	117	22
3	118	22
3	119	22
3	120	22
3	121	22
3	122	22
3	123	22
3	124	22
3	125	22
3	126	22
3	127	22
4	0	24
4	1	26
4	2	24
4	3	24
4	4	25
4	5	24
4	6	24
4	7	24
4	8	24
4	9	24
4	10	24
4	11	24
4	12	24
4	13	24
4	14	28
4	15	27
4	16	24
4	17	24
4	18	25
4	19	24
4	20	24
4	21	26
4	22	24
4	23	24
4	24	24
4	25	24
4	26	24
4	27	26
4	28	24
4	29	24
4	30	24
4	31	24
4	32	24
4	33	24
4	34	24
4	35	24
4	36	24
4	37	24
4	38	24
4	39	28
4	40	24
4	41	24
4	42	26
4	43	24
4	44	24
4	45	26
4	46	24
4	47	24
4	48	24
4	49	24
4	50	40
5	0	24
5	1	28
5	2	22
5	3	22
5	4	22
5	5	22
5	6	22
5	7	22
5	8	22
5	9	22
5	10	22
5	11	22
5	12	22
5	13	22
5	14	22
5	15	22
5	16	22
5	17	22
5	18	22
5	19	22
5	20	22
5	21	22
5	22	22
5	23	22
5	24	22
5	25	22
5	26	24
5	27	22
5	28	24
5	29	22
5	30	22
5	31	22
5	32	22
5	33	22
5	34	24
5	35	22
5	36	22
5	37	22
5	38	22
5	39	28
5	40	22
5	41	22
5	42	22
5	43	22
5	44	22
5	45	22
5	46	22
5	47	24
5	48	24
5	49	24
5	50	22
5	51	22
5	52	34
5	53	22
5	54	22
5	55	22
5	56	22
5	57	22
5	58	22
5	59	22
5	60	22
5	61	22
5	62	24
5	63	22
5	64	22
5	65	22
5	66	22
5	67	22
5	68	22
5	69	22
5	70	22
5	71	22
5	72	22
5	73	22
5	74	22
5	75	26
5	76	28
5	77	28
5	78	28
5	79	28
5	80	28
5	81	28
5	82	22
5	83	24
5	84	26
5	85	26
5	86	22
5	87	22
5	88	22
5	89	24
5	90	22
5	91	24
5	92	22
5	93	22
5	94	22
5	95	22
5	96	22
5	97	22
5	98	22
5	99	22
5	100	22
5	101	22
5	102	22
5	103	22
5	104	24
5	105	22
5	106	26
5	107	28
5	108	24
5	109	28
5	110	22
5	111	22
5	112	22
5	113	28
5	114	22
5	115	22
5	116	22
5	117	22
5	118	22
5	119	22
5	120	22
5	121	28
5	122	24
5	123	26
5	124	24
5	125	28
5	126	26
5	127	26
5	128	28
5	129	24
5	130	26
5	131	22
5	132	22
5	133	22
5	134	22
5	135	22
5	136	24
5	137	24
5	138	26
5	139	26
6	0	24
6	1	24
6	2	26
6	3	24
6	4	28
6	5	24
6	6	28
6	7	24
6	8	26
6	9	26
6	10	28
6	11	24
6	12	26
6	13	24
6	14	28
6	15	28
6	16	28
6	17	28
6	18	28
6	19	28
6	20	28
6	21	24
6	22	24
6	23	24
6	24	28
6	25	24
6	26	24
6	27	24
6	28	24
6	29	24
6	30	24
6	31	24
6	32	24
6	33	24
6	34	24
6	35	24
6	36	24
6	37	24
6	38	24
6	39	24
6	40	24
6	41	24
6	42	24
6	43	24
6	44	24
6	45	24
6	46	24
6	47	24
6	48	24
6	49	24
6	50	24
6	51	24
6	52	24
6	53	24
6	54	24
6	55	24
6	56	24
6	57	24
6	58	24
6	59	24
6	60	24
6	61	24
6	62	24
6	63	24
6	64	24
6	65	24
6	66	24
6	67	24
6	68	25
6	69	25
6	70	25
6	71	25
6	72	24
6	73	24
6	74	24
6	75	24
6	76	24
6	77	24
6	78	24
6	79	24
6	80	24
6	81	24
6	82	24
6	83	28
6	84	24
6	85	24
6	86	24
6	87	24
6	88	24
6	89	24
6	90	24
6	91	24
6	92	24
6	93	24
6	94	24
6	95	24
6	96	24
6	97	24
6	98	24
6	99	24
6	100	24
6	101	24
6	102	24
6	103	24
6	104	24
6	105	24
6	106	24
6	107	24
6	108	24
6	109	24
6	110	24
6	111	24
6	112	24
6	113	24
6	114	24
6	115	24
6	116	24
6	117	24
6	118	24
6	119	24
6	120	24
6	121	24
6	122	24
6	123	24
6	124	26
6	125	26
6	126	24
6	127	24
6	128	26
6	129	24
6	130	26
6	131	26
6	132	28
6	133	28
6	134	24
6	135	26
6	136	28
6	137	24
6	138	28
6	139	24
6	140	26
6	141	26
6	142	26
6	143	26
6	144	26
6	145	24
6	146	26
6	147	26
6	148	26
6	149	26
6	150	26
6	151	28
6	152	26
6	153	24
6	154	24
6	155	28
6	156	26
6	157	26
6	158	26
6	159	26
6	160	26
6	161	24
6	162	24
6	163	28
6	164	28
6	165	24
6	166	24
6	167	26
6	168	24
6	169	24
6	170	24
6	171	26
6	172	24
6	173	24
6	174	26
6	175	26
6	176	26
6	177	26
6	178	26
6	179	24
6	180	24
6	181	24
6	182	26
6	183	24
6	184	24
6	185	24
6	186	26
6	187	24
6	188	24
6	189	26
6	190	24
6	191	28
6	192	26
6	193	24
6	194	24
6	195	24
6	196	24
6	197	24
6	198	24
6	199	24
6	200	24
6	201	24
7	0	24
7	1	24
7	2	24
7	3	24
7	4	24
7	5	32
7	6	24
7	7	24
7	8	24
7	9	24
7	10	24
7	11	24
7	12	24
7	13	24
7	14	24
7	15	24
7	16	24
7	17	24
7	18	24
7	19	24
7	20	24
7	21	26
7	22	24
7	23	27
7	24	27
7	25	24
7	26	24
7	27	24
7	28	24
7	29	24
7	30	24
7	31	26
7	32	24
7	33	26
7	34	24
7	35	28
7	36	24
7	37	24
7	38	24
7	39	24
7	40	24
7	41	24
7	42	24
7	43	24
7	44	24
7	45	26
7	46	32
7	47	26
7	48	24
7	49	24
7	50	24
7	51	24
7	52	24
7	53	24
7	54	24
7	55	24
7	56	24
7	57	24
7	58	24
7	59	24
7	60	28
7	61	24
7	62	24
7	63	24
7	64	24
7	65	24
7	66	24
7	67	24
7	68	24
7	69	24
7	70	24
7	71	24
7	72	24
7	73	24
7	74	24
7	75	24
7	76	24
7	77	24
7	78	24
7	79	24
7	80	24
7	81	24
7	82	24
7	83	24
7	84	24
7	85	24
7	86	28
7	87	24
7	88	24
7	89	24
7	90	24
7	91	24
7	92	24
7	93	24
7	94	24
7	95	24
7	96	24
7	97	24
7	98	24
7	99	24
7	100	24
7	101	24
7	102	24
7	103	24
7	104	28
7	105	24
7	106	24
7	107	24
7	108	24
7	109	24
7	110	24
7	111	24
7	112	24
7	113	28
7	114	24
7	115	24
7	116	24
7	117	24
7	118	24
7	119	24
7	120	24
7	121	28
7	122	24
7	123	24
7	124	24
7	125	24
7	126	24
7	127	24
7	128	24
7	129	24
7	130	24
7	131	24
7	132	24
7	133	24
7	134	24
7	135	26
7	136	24
7	137	26
7	138	24
7	139	26
7	140	24
7	141	24
7	142	26
7	143	24
7	144	26
7	145	24
7	146	24
7	147	24
7	148	24
7	149	24
7	150	24
7	151	28
7	152	24
7	153	24
7	154	24
7	155	24
7	156	24
7	157	24
7	158	24
7	159	26
7	160	24
7	161	24
7	162	24
7	163	24
7	164	24
7	165	24
7	166	24
7	167	24
7	168	24
7	169	24
7	170	24
7	171	24
7	172	24
7	173	24
7	174	24
7	175	24
7	176	24
7	177	24
7	178	24
7	179	28
7	180	24
7	181	24
7	182	24
7	183	26
7	184	24
7	185	24
7	186	24
7	187	24
7	188	24
7	189	24
7	190	24
7	191	24
7	192	24
7	193	24
7	194	24
7	195	24
7	196	24
7	197	24
7	198	24
7	199	24
7	200	24
7	201	24
7	202	24
7	203	24
7	204	26
7	205	28
7	206	28
7	207	28
7	208	24
7	209	26
7	210	26
7	211	26
7	212	26
7	213	26
7	214	26
7	215	28
7	216	26
7	217	26
7	218	26
7	219	24
7	220	26
7	221	28
8	0	40
8	1	26
8	2	26
8	3	26
8	4	28
8	5	26
8	6	26
8	7	26
8	8	28
8	9	26
8	10	26
8	11	26
8	12	26
8	13	26
8	14	28
8	15	28
8	16	26
8	17	26
8	18	28
8	19	28
8	20	28
8	21	28
8	22	28
8	23	26
8	24	26
8	25	26
8	26	28
8	27	26
8	28	26
8	29	34
8	30	26
8	31	26
8	32	26
8	33	26
8	34	34
8	35	28
8	36	26
8	37	32
8	38	26
8	39	26
8	40	26
8	41	26
8	42	26
8	43	26
8	44	28
8	45	26
8	46	28
8	47	26
8	48	26
8	49	28
8	50	26
8	51	26
8	52	26
8	53	26
8	54	26
8	55	26
8	56	26
8	57	26
8	58	26
8	59	28
8	60	26
8	61	28
8	62	26
8	63	26
8	64	28
8	65	28
8	66	28
8	67	28
8	68	26
8	69	26
8	70	26
8	71	28
8	72	26
8	73	28
8	74	26
8	75	26
8	76	26
8	77	26
8	78	26
8	79	26
8	80	26
8	81	26
8	82	31
8	83	26
8	84	26
8	85	26
8	86	26
8	87	26
8	88	26
8	89	26
8	90	26
8	91	26
8	92	26
8	93	26
8	94	26
8	95	26
8	96	28
8	97	26
8	98	26
8	99	26
8	100	26
8	101	26
8	102	26
8	103	26
8	104	28
8	105	28
8	106	28
8	107	28
8	108	28
8	109	28
8	110	28
8	111	26
8	112	26
8	113	26
8	114	26
8	115	26
8	116	26
8	117	28
8	118	26
8	119	26
8	120	26
8	121	26
8	122	26
8	123	26
8	124	26
8	125	26
8	126	26
8	127	26
9	0	22
9	1	24
9	2	27
9	3	24
9	4	22
9	5	24
9	6	27
9	7	24
9	8	26
9	9	22
9	10	22
9	11	22
9	12	22
9	13	22
9	14	24
9	15	22
9	16	22
9	17	24
9	18	22
9	19	22
9	20	24
9	21	22
9	22	22
9	23	30
9	24	22
9	25	24
9	26	22
9	27	24
9	28	24
9	29	28
9	30	22
9	31	34
9	32	22
9	33	22
9	34	24
9	35	22
9	36	22
9	37	22
9	38	22
9	39	22
9	40	22
9	41	22
9	42	34
9	43	22
9	44	22
9	45	24
9	46	22
9	47	22
9	48	22
9	49	22
9	50	22
9	51	22
9	52	22
9	53	38
9	54	22
9	55	22
9	56	24
9	57	22
9	58	22
9	59	22
9	60	22
9	61	22
9	62	22
9	63	22
9	64	22
9	65	22
9	66	22
9	67	22
9	68	22
9	69	22
10	0	24
10	1	24
10	2	24
10	3	24
10	4	28
10	5	24
10	6	24
10	7	24
10	8	24
10	9	24
10	10	24
10	11	24
10	12	24
10	13	25
10	14	24
10	15	24
10	16	24
10	17	24
10	18	24
10	19	28
10	20	24
10	21	24
10	22	24
10	23	26
10	24	24
10	25	27
10	26	24
10	27	24
10	28	24
10	29	24
10	30	24
10	31	24
10	32	24
10	33	24
10	34	24
10	35	24
10	36	24
10	37	26
10	38	24
10	39	26
10	40	24
10	41	24
10	42	24
10	43	28
10	44	24
10	45	26
10	46	24
10	47	24
10	48	28
10	49	24
10	50	24
10	51	28
10	52	24
10	53	24
10	54	24
10	55	24
10	56	24
10	57	24
10	58	24
10	59	24
10	60	24
10	61	24
10	62	24
10	63	24
10	64	24
10	65	26
10	66	24
10	67	24
10	68	24
10	69	24
10	70	24
10	71	26
10	72	24
10	73	24
10	74	30
10	75	24
10	76	24
10	77	24
10	78	24
10	79	24
10	80	24
10	81	25
10	82	24
10	83	24
10	84	24
10	85	24
10	86	24
10	87	24
10	88	24
10	89	24
10	90	24
10	91	24
10	92	24
10	93	24
10	94	24
10	95	24
10	96	24
10	97	24
10	98	26
10	99	24
10	100	24
10	101	26
10	102	26
10	103	24
10	104	31
10	105	26
10	106	24
10	107	24
10	108	24
10	109	24
10	110	29
10	111	26
10	112	32
10	113	24
10	114	24
10	115	24
10	116	24
10	117	24
10	118	28
10	119	26
10	120	24
10	121	29
10	122	24
10	123	26
10	124	24
10	125	24
10	126	24
10	127	24
10	128	24
10	129	26
10	130	24
10	131	24
10	132	24
10	133	26
10	134	24
10	135	24
10	136	24
10	137	24
10	138	30
10	139	24
10	140	24
10	141	24
10	142	24
10	143	24
10	144	28
10	145	24
10	146	24
10	147	24
10	148	24
10	149	24
10	150	24
10	151	24
10	152	30
10	153	24
10	154	24
10	155	28
10	156	24
10	157	24
10	158	24
10	159	24
11	0	22
11	1	28
11	2	22
11	3	26
11	4	20
11	5	20
11	6	24
11	7	20
11	8	20
11	9	20
11	10	20
11	11	24
11	12	21
11	13	24
11	14	26
11	15	26
11	16	26
11	17	20
11	18	26
11	19	22
11	20	24
11	21	24
11	22	20
11	23	20
11	24	20
11	25	20
11	26	20
11	27	20
11	28	20
11	29	20
11	30	20
11	31	20
11	32	20
11	33	20
11	34	20
11	35	20
11	36	20
11	37	20
11	38	24
11	39	20
11	40	20
11	41	20
11	42	20
11	43	20
11	44	24
11	45	22
11	46	24
11	47	20
11	48	20
11	49	22
11	50	22
11	51	20
11	52	20
11	53	24
11	54	24
11	55	20
11	56	24
11	57	24
11	58	24
11	59	24
11	60	22
11	61	22
11	62	22
11	63	24
11	64	20
11	65	22
11	66	22
11	67	20
11	68	20
11	69	20
11	70	24
11	71	20
11	72	22
11	73	24
11	74	20
11	75	22
11	76	22
11	77	20
11	78	20
11	79	22
11	80	20
11	81	20
11	82	28
11	83	20
11	84	22
11	85	24
11	86	20
11	87	26
11	88	24
11	89	20
11	90	20
11	91	20
11	92	34
11	93	22
11	94	20
11	95	24
11	96	26
11	97	22
11	98	22
11	99	20
11	100	20
11	101	26
11	102	20
11	103	23
11	104	20
11	105	21
11	106	20
11	107	22
11	108	22
11	109	22
11	110	22
11	111	22
11	112	22
11	113	22
11	114	22
11	115	21
11	116	20
11	117	22
11	118	28
11	119	20
11	120	22
11	121	24
11	122	20
11	123	20
11	124	20
11	125	20
11	126	24
11	127	20
11	128	21
11	129	20
11	130	23
11	131	20
11	132	20
11	133	20
11	134	20
11	135	22
11	136	20
11	137	26
11	138	20
11	139	20
11	140	20
11	141	24
12	0	18
12	1	18
12	2	22
12	3	24
12	4	18
12	5	22
12	6	20
12	7	22
12	8	20
12	9	20
12	10	18
12	11	18
12	12	18
12	13	18
12	14	33
12	15	26
13	0	20
13	1	24
13	2	20
13	3	20
13	4	22
13	5	22
13	6	22
13	7	20
13	8	20
13	9	20
13	10	26
13	11	22
13	12	22
13	13	20
13	14	22
13	15	20
13	16	22
13	17	20
13	18	20
14	0	20
14	1	20
14	2	20
14	3	20
14	4	20
14	5	20
14	6	20
14	7	20
14	8	20
14	9	20
14	10	22
14	11	24
14	12	20
14	13	24
14	14	20
14	15	20
14	16	22
14	17	20
14	18	20
14	19	20
14	20	20
14	21	20
14	22	20
14	23	20
14	24	20
14	25	20
14	26	20
14	27	26
14	28	22
14	29	26
14	30	26
14	31	26
14	32	22
14	33	24
14	34	25
14	35	20
14	36	22
14	37	20
14	38	20
14	39	20
14	40	20
14	41	20
14	42	20
14	43	24
14	44	20
14	45	24
14	46	20
14	47	24
14	48	20
14	49	20
14	50	20
14	51	22
14	52	28
14	53	22
14	54	20
15	0	18
15	1	21
15	2	20
15	3	18
15	4	23
15	5	18
15	6	24
15	7	24
15	8	22
15	9	20
15	10	18
15	11	18
15	12	22
15	13	24
15	14	20
15	15	18
15	16	22
15	17	20
15	18	18
15	19	18
15	20	20
15	21	20
15	22	20
15	23	18
15	24	21
15	25	23
15	26	18
15	27	24
15	28	18
15	29	18
15	30	18
15	31	18
15	32	18
15	33	22
15	34	18
15	35	27
15	36	18
15	37	18
15	38	18
15	39	18
15	40	22
15	41	18
15	42	18
16	0	20
16	1	21
16	2	24
16	3	20
16	4	20
16	5	20
16	6	22
16	7	20
16	8	20
16	9	20
16	10	26
16	11	22
16	12	26
16	13	22
16	14	22
16	15	20
16	16	22
16	17	20
17	0	20
17	1	20
17	2	20
17	3	20
17	4	24
17	5	20
17	6	26
17	7	24
17	8	20
17	9	22
17	10	20
17	11	20
17	12	20
17	13	20
17	14	24
17	15	20
17	16	28
17	17	26
17	18	20
17	19	20
17	20	20
17	21	20
17	22	28
17	23	28
17	24	28
18	0	18
18	1	22
18	2	22
18	3	23
18	4	18
18	5	18
18	6	18
18	7	20
18	8	20
18	9	26
18	10	18
18	11	18
18	12	23
18	13	18
18	14	18
18	15	18
18	16	18
18	17	18
18	18	18
18	19	18
18	20	25
18	21	18
18	22	18
18	23	18
18	24	18
19	0	26
19	1	26
19	2	20
19	3	22
19	4	18
19	5	18
19	6	22
19	7	18
19	8	18
19	9	18
19	10	18
19	11	24
19	12	21
19	13	26
19	14	18
19	15	18
19	16	18
19	17	18
19	18	18
19	19	18
19	20	18
19	21	18
19	22	18
19	23	20
19	24	24
19	25	20
19	26	26
19	27	18
19	28	18
19	29	26
19	30	22
19	31	18
19	32	24
19	33	24
20	0	20
20	1	24
20	2	20
20	3	20
20	4	20
20	5	20
20	6	20
20	7	24
20	8	22
20	9	24
20	10	20
20	11	24
20	12	20
20	13	20
20	14	22
20	15	20
20	16	20
20	17	20
20	18	20
20	19	24
20	20	20
20	21	20
20	22	20
20	23	26
20	24	20
20	25	20
20	26	22
20	27	22
20	28	23
20	29	20
20	30	22
20	31	24
20	32	22
20	33	20
20	34	20
20	35	26
20	36	20
20	37	24
20	38	20
20	39	24
20	40	20
20	41	20
20	42	20
20	43	20
20	44	20
20	45	22
20	46	26
20	47	22
20	48	24
21	0	20
21	1	28
21	2	20
21	3	20
21	4	20
21	5	20
21	6	20
21	7	20
21	8	20
21	9	22
21	10	20
21	11	24
21	12	20
21	13	20
21	14	22
21	15	20
21	16	20
21	17	22
21	18	20
21	19	21
21	20	20
21	21	20
21	22	20
21	23	26
21	24	20
21	25	22
21	26	24
21	27	24
21	28	23
21	29	24
21	30	22
21	31	22
21	32	22
21	33	20
21	34	20
21	35	20
21	36	20
21	37	24
21	38	24
21	39	20
21	40	22
21	41	20
21	42	20
21	43	20
21	44	22
21	45	32
21	46	20
21	47	26
21	48	20
21	49	20
21	50	20
21	51	20
21	52	20
21	53	20
21	54	27
21	55	20
21	56	25
21	57	20
22	0	18
22	1	24
22	2	20
22	3	24
22	4	18
22	5	18
22	6	24
22	7	22
22	8	22
22	9	20
22	10	18
22	11	18
22	12	22
22	13	24
22	14	20
22	15	18
22	16	22
22	17	22
22	18	18
22	19	18
22	20	22
22	21	20
22	22	18
22	23	18
22	24	18
22	25	18
22	26	18
22	27	24
22	28	22
22	29	18
22	30	18
22	31	18
22	32	18
22	33	27
22	34	20
22	35	18
22	36	18
22	37	22
22	38	18
22	39	30
23	0	18
23	1	21
23	2	20
23	3	18
23	4	18
23	5	18
23	6	24
23	7	22
23	8	22
23	9	20
23	10	18
23	11	18
23	12	22
23	13	24
23	14	18
23	15	18
23	16	22
23	17	20
23	18	18
23	19	18
23	20	20
23	21	20
23	22	22
23	23	18
23	24	18
23	25	18
23	26	18
23	27	24
23	28	18
23	29	24
23	30	18
23	31	18
23	32	18
23	33	20
23	34	18
23	35	24
23	36	29
23	37	18
23	38	18
23	39	24
23	40	20
23	41	24
23	42	24
23	43	20
23	44	18
23	45	22
23	46	18
23	47	18
23	48	18
23	49	18
23	50	24
23	51	28
23	52	28
24	0	22
24	1	22
24	2	22
24	3	22
24	4	22
24	5	22
24	6	22
24	7	26
24	8	22
24	9	32
24	10	24
24	11	22
24	12	22
24	13	22
24	14	22
24	15	22
24	16	22
24	17	22
24	18	40
24	19	22
24	20	22
24	21	27
24	22	22
24	23	22
24	24	22
24	25	22
24	26	22
24	27	22
24	28	23
24	29	22
24	30	24
24	31	22
24	32	22
24	33	22
24	34	22
24	35	22
24	36	24
24	37	23
24	38	22
24	39	22
24	40	23
24	41	22
24	42	22
24	43	26
24	44	22
24	45	32
25	0	18
25	1	21
25	2	20
25	3	18
25	4	18
25	5	18
25	6	24
25	7	22
25	8	22
25	9	20
25	10	18
25	11	18
25	12	22
25	13	25
25	14	20
25	15	18
25	16	22
25	17	22
25	18	18
25	19	18
25	20	22
25	21	20
25	22	20
25	23	18
25	24	20
25	25	24
25	26	18
25	27	24
25	28	22
25	29	19
25	30	18
25	31	18
25	32	18
25	33	24
25	34	24
25	35	27
25	36	18
25	37	18
25	38	18
25	39	18
25	40	18
25	41	22
25	42	18
26	0	19
26	1	19
26	2	20
26	3	24
26	4	19
26	5	19
26	6	24
26	7	22
26	8	22
26	9	20
26	10	19
26	11	19
26	12	22
26	13	24
26	14	20
26	15	19
26	16	22
26	17	24
26	18	19
26	19	19
26	20	20
26	21	20
26	22	19
26	23	20
26	24	22
26	25	21
26	26	19
26	27	24
26	28	20
26	29	19
26	30	19
26	31	19
26	32	19
26	33	26
26	34	27
26	35	26
26	36	21
26	37	19
26	38	19
26	39	22
26	40	19
26	41	19
27	0	18
27	1	22
27	2	20
27	3	18
27	4	18
27	5	18
27	6	24
27	7	18
27	8	18
27	9	22
27	10	18
27	11	18
27	12	18
27	13	22
27	14	29
27	15	18
27	16	20
27	17	22
27	18	20
27	19	18
27	20	18
27	21	18
27	22	20
27	23	20
27	24	20
27	25	18
27	26	18
27	27	18
27	28	18
27	29	18
27	30	24
27	31	18
27	32	20
27	33	18
27	34	18
27	35	18
27	36	18
27	37	24
27	38	20
27	39	22
27	40	22
27	41	29
27	42	29
27	43	29
27	44	24
27	45	24
27	46	18
27	47	20
27	48	24
27	49	22
27	50	18
27	51	24
27	52	20
27	53	20
27	54	20
27	55	21
27	56	28
27	57	22
27	58	18
27	59	18
27	60	18
27	61	24
27	62	26
27	63	18
27	64	18
27	65	18
27	66	19
27	67	18
27	68	18
27	69	18
27	70	18
27	71	18
27	72	18
28	0	18
28	1	26
28	2	20
28	3	18
28	4	20
28	5	18
28	6	18
28	7	18
28	8	18
28	9	22
28	10	18
28	11	18
28	12	24
28	13	18
28	14	18
28	15	22
28	16	20
28	17	20
28	18	18
28	19	22
28	20	18
28	21	18
28	22	18
28	23	18
28	24	18
28	25	18
28	26	26
28	27	20
28	28	20
28	29	20
28	30	24
28	31	24
28	32	19
28	33	20
28	34	18
28	35	20
28	36	20
28	37	22
28	38	22
28	39	18
28	40	18
28	41	18
28	42	18
28	43	20
28	44	20
28	45	22
28	46	24
28	47	22
28	48	18
28	49	18
28	50	18
28	51	22
28	52	28
28	53	18
28	54	18
29	0	18
29	1	28
29	2	20
29	3	22
29	4	22
29	5	18
29	6	20
29	7	22
29	8	20
29	9	18
29	10	18
29	11	24
29	12	20
29	13	18
29	14	22
29	15	24
29	16	22
29	17	18
29	18	20
29	19	20
29	20	18
29	21	20
29	22	18
29	23	20
29	24	18
29	25	18
29	26	18
29	27	18
29	28	18
29	29	18
29	30	18
29	31	18
29	32	32
29	33	22
29	34	28
29	35	24
29	36	28
29	37	24
29	38	18
29	39	22
29	40	34
30	0	18
30	1	20
30	2	20
30	3	20
30	4	20
30	5	18
30	6	18
30	7	18
30	8	24
30	9	22
30	10	22
30	11	18
30	12	24
30	13	18
30	14	18
30	15	22
30	16	18
30	17	18
30	18	18
30	19	18
30	20	18
30	21	18
30	22	18
30	23	18
30	24	18
30	25	26
30	26	20
30	27	22
30	28	22
30	29	22
30	30	24
30	31	19
30	32	18
30	33	20
30	34	20
30	35	18
30	36	22
30	37	20
30	38	18
30	39	18
30	40	18
30	41	24
30	42	22
30	43	26
30	44	18
30	45	18
30	46	18
30	47	18
30	48	18
30	49	22
30	50	28
30	51	24
30	52	18
31	0	22
31	1	22
31	2	22
31	3	22
31	4	22
31	5	22
31	6	25
31	7	22
31	8	22
31	9	22
31	10	22
31	11	22
31	12	24
31	13	23
31	14	22
31	15	22
31	16	25
31	17	22
31	18	24
31	19	22
31	20	22
31	21	22
31	22	29
31	23	22
31	24	32
31	25	32
31	26	24
31	27	24
31	28	25
31	29	25
31	30	22
31	31	24
31	32	22
31	33	22
31	34	28
31	35	22
31	36	22
31	37	28
31	38	25
31	39	28
31	40	28
31	41	28
31	42	28
31	43	22
31	44	22
31	45	22
31	46	22
31	47	22
31	48	22
31	49	22
31	50	28
31	51	25
31	52	22
31	53	22
31	54	24
31	55	26
31	56	22
31	57	24
31	58	22
31	59	22
31	60	22
31	61	22
31	62	24
31	63	22
31	64	22
31	65	22
31	66	24
31	67	22
31	68	22
31	69	23
31	70	22
31	71	22
31	72	24
31	73	22
31	74	22
31	75	22
31	76	22
31	77	32
31	78	32
31	79	26
31	80	25
31	81	25
31	82	22
31	83	24
31	84	22
31	85	22
31	86	28
31	87	22
31	88	22
31	89	28
31	90	25
31	91	28
31	92	28
31	93	28
31	94	22
31	95	22
31	96	22
31	97	22
31	98	22
31	99	22
31	100	22
31	101	22
31	102	22
31	103	24
31	104	26
31	105	22
31	106	22
31	107	22
32	0	18
32	1	18
32	2	20
32	3	18
32	4	20
32	5	20
32	6	20
32	7	18
32	8	18
32	9	18
32	10	18
32	11	24
32	12	18
32	13	18
32	14	24
32	15	24
32	16	18
32	17	18
32	18	20
32	19	18
32	20	18
32	21	28
32	22	18
32	23	18
32	24	20
32	25	18
32	26	20
32	27	20
32	28	20
32	29	18
32	30	18
32	31	18
32	32	18
32	33	24
32	34	20
32	35	24
32	36	18
32	37	18
32	38	28
32	39	18
32	40	20
32	41	20
32	42	20
32	43	20
32	44	20
32	45	22
32	46	22
32	47	22
32	48	18
32	49	18
32	50	22
32	51	20
32	52	18
32	53	28
33	0	22
33	1	24
33	2	22
33	3	22
33	4	22
33	5	22
33	6	22
33	7	23
33	8	22
33	9	28
33	10	28
33	11	22
33	12	22
33	13	22
33	14	28
33	15	28
33	16	22
33	17	22
33	18	22
33	19	22
33	20	22
33	21	22
33	22	22
33	23	28
33	24	22
33	25	22
33	26	22
33	27	22
33	28	22
33	29	22
33	30	22
33	31	22
34	0	24
34	1	24
34	2	24
34	3	24
34	4	28
34	5	28
34	6	24
34	7	24
34	8	24
34	9	24
34	10	24
34	11	28
34	12	24
34	13	24
34	14	25
34	15	24
34	16	24
34	17	24
34	18	24
34	19	24
34	20	24
34	21	24
34	22	24
34	23	24
34	24	29
34	25	24
34	26	28
34	27	30
34	28	24
34	29	24
34	30	24
34	31	24
34	32	24
35	0	26
35	1	26
35	2	26
35	3	26
35	4	28
35	5	26
35	6	28
35	7	28
35	8	26
35	9	26
35	10	26
36	0	28
36	1	24
36	2	24
36	3	24
36	4	28
36	5	24
36	6	24
36	7	24
36	8	24
36	9	24
36	10	24
36	11	28
36	12	24
36	13	24
36	14	26
36	15	26
36	16	24
36	17	24
36	18	26
36	19	24
36	20	24
36	21	24
36	22	24
36	23	24
36	24	24
36	25	26
36	26	24
36	27	24
36	28	26
36	29	24
36	30	24
36	31	24
36	32	24
36	33	24
36	34	26
36	35	28
36	36	24
36	37	32
36	38	24
36	39	24
36	40	24
36	41	28
36	42	24
36	43	28
36	44	24
36	45	28
36	46	28
36	47	24
36	48	24
36	49	24
36	50	24
36	51	24
36	52	24
36	53	28
36	54	24
36	55	24
36	56	24
36	57	24
36	58	24
36	59	25
36	60	24
36	61	30
36	62	24
36	63	36
36	64	24
36	65	24
36	66	24
36	67	26
36	68	24
36	69	24
36	70	24
36	71	24
36	72	26
36	73	24
36	74	24
36	75	28
36	76	28
36	77	28
36	78	24
36	79	24
37	0	36
37	1	36
37	2	36
37	3	36
37	4	36
37	5	36
37	6	36
37	7	36
37	8	36
37	9	36
37	10	36
37	11	36
37	12	36
37	13	36
37	14	36
37	15	36
37	16	36
37	17	36
37	18	36
37	19	36
37	20	36
37	21	36
37	22	36
37	23	36
37	24	36
37	25	40
37	26	36
37	27	38
37	28	36
37	29	36
37	30	36
37	31	36
37	32	36
37	33	36
37	34	36
37	35	36
37	36	36
37	37	36
37	38	36
37	39	36
37	40	36
37	41	36
37	42	36
37	43	36
37	44	36
37	45	36
37	46	36
37	47	36
37	48	36
37	49	38
37	50	36
37	51	36
37	52	36
37	53	36
37	54	36
37	55	36
37	56	36
37	57	38
37	58	38
37	59	38
37	60	36
37	61	36
37	62	36
37	63	36
38	0	22
38	1	22
38	2	22
38	3	26
38	4	22
38	5	22
38	6	22
38	7	24
38	8	22
38	9	22
38	10	24
38	11	22
38	12	26
38	13	22
38	14	26
38	15	22
38	16	22
38	17	24
38	18	22
38	19	24
38	20	24
38	21	22
38	22	24
38	23	22
38	24	22
38	25	22
38	26	22
38	27	26
38	28	22
38	29	22
38	30	28
38	31	22
38	32	22
38	33	24
38	34	26
38	35	24
38	36	22
38	37	24
38	38	24
38	39	22
38	40	26
38	41	24
38	42	24
38	43	22
38	44	24
38	45	24
38	46	28
38	47	24
38	48	22
38	49	22
38	50	24
38	51	28
38	52	22
38	53	22
38	54	26
38	55	22
38	56	22
38	57	22
38	58	22
38	59	24
38	60	22
38	61	22
38	62	24
39	0	23
39	1	20
39	2	20
39	3	20
39	4	20
39	5	30
39	6	28
39	7	20
39	8	20
39	9	20
39	10	20
39	11	22
39	12	26
39	13	22
39	14	22
39	15	20
39	16	22
39	17	23
39	18	24
39	19	20
39	20	21
39	21	24
39	22	21
39	23	28
39	24	20
39	25	20
39	26	24
39	27	20
39	28	20
39	29	22
39	30	20
39	31	22
39	32	24
39	33	22
39	34	26
39	35	26
39	36	22
39	37	24
39	38	26
39	39	24
39	40	26
39	41	20
39	42	25
39	43	20
39	44	29
39	45	22
39	46	23
39	47	20
39	48	20
39	49	22
39	50	24
39	51	20
39	52	23
39	53	28
39	54	24
39	55	20
39	56	20
39	57	20
39	58	22
39	59	28
39	60	28
39	61	20
39	62	22
39	63	22
39	64	22
39	65	20
39	66	20
39	67	25
39	68	22
39	69	24
39	70	24
39	71	24
39	72	24
39	73	26
39	74	26
39	75	20
39	76	20
39	77	22
39	78	20
39	79	22
39	80	22
39	81	24
39	82	20
39	83	24
39	84	24
39	85	24
39	86	20
39	87	20
39	88	22
39	89	24
39	90	26
39	91	26
39	92	20
39	93	20
39	94	20
39	95	20
39	96	20
39	97	20
39	98	20
39	99	22
39	100	24
39	101	22
39	102	22
39	103	26
39	104	20
39	105	22
39	106	20
39	107	32
39	108	20
39	109	24
39	110	20
39	111	20
39	112	20
39	113	26
39	114	22
39	115	24
39	116	20
39	117	20
39	118	26
39	119	22
39	120	20
39	121	20
39	122	29
39	123	20
39	124	22
39	125	20
39	126	20
40	0	22
40	1	24
40	2	26
40	3	26
40	4	22
40	5	28
40	6	22
40	7	24
40	8	28
40	9	22
40	10	24
40	11	26
40	12	30
40	13	24
40	14	22
40	15	22
40	16	24
40	17	22
40	18	22
40	19	22
40	20	22
40	21	22
40	22	22
40	23	22
40	24	22
40	25	22
40	26	22
40	27	22
40	28	22
40	29	22
40	30	22
40	31	22
40	32	22
40	33	22
40	34	22
40	35	22
40	36	22
40	37	34
40	38	30
40	39	22
40	40	22
40	41	22
40	42	24
40	43	22
40	44	22
40	45	22
40	46	22
40	47	22
40	48	22
40	49	22
40	50	22
40	51	24
40	52	24
40	53	22
40	54	22
40	55	36
40	56	28
40	57	24
40	58	26
40	59	24
40	60	24
40	61	22
40	62	22
40	63	24
40	64	26
40	65	24
40	66	22
40	67	22
41	0	26
41	1	28
41	2	28
41	3	28
41	4	26
41	5	28
41	6	28
41	7	28
41	8	28
41	9	26
41	10	28
41	11	28
41	12	26
41	13	28
41	14	28
41	15	26
41	16	28
41	17	26
41	18	26
42	0	22
42	1	26
42	2	22
42	3	24
42	4	22
42	5	26
42	6	22
42	7	22
42	8	24
42	9	24
42	10	24
42	11	22
42	12	22
42	13	24
42	14	22
42	15	22
42	16	22
42	17	24
42	18	24
42	19	26
42	20	22
42	21	22
42	22	22
42	23	22
42	24	24
42	25	22
42	26	22
42	27	22
42	28	22
42	29	22
42	30	22
42	31	22
42	32	22
42	33	28
42	34	22
42	35	26
42	36	22
42	37	26
42	38	22
42	39	22
42	40	28
42	41	22
42	42	22
42	43	22
42	44	26
42	45	22
42	46	22
42	47	22
42	48	22
42	49	22
42	50	22
42	51	22
42	52	22
42	53	22
42	54	22
42	55	26
42	56	22
42	57	24
42	58	22
42	59	22
42	60	22
42	61	22
42	62	22
42	63	22
42	64	22
42	65	22
42	66	26
42	67	24
42	68	26
42	69	22
42	70	22
42	71	22
42	72	28
42	73	22
42	74	24
42	75	24
42	76	22
42	77	26
42	78	22
42	79	22
42	80	22
42	81	24
42	82	24
42	83	22
42	84	22
42	85	22
42	86	22
42	87	22
43	0	24
43	1	24
43	2	24
43	3	24
43	4	24
43	5	24
43	6	24
43	7	24
43	8	24
43	9	24
43	10	24
43	11	24
43	12	24
43	13	24
43	14	24
43	15	24
43	16	24
43	17	24
43	18	24
43	19	24
43	20	24
43	21	24
43	22	26
43	23	26
43	24	28
43	25	24
43	26	24
43	27	26
43	28	26
43	29	24
43	30	24
43	31	24
43	32	24
43	33	24
43	34	25
43	35	24
43	36	24
43	37	26
43	38	24
43	39	27
43	40	24
43	41	24
43	42	28
43	43	28
43	44	24
43	45	24
43	46	24
43	47	24
43	48	24
43	49	24
43	50	26
43	51	24
43	52	24
43	53	24
43	54	24
43	55	24
43	56	24
43	57	25
43	58	24
43	59	28
43	60	24
43	61	24
43	62	28
43	63	24
43	64	24
43	65	24
43	66	24
44	0	20
44	1	20
44	2	20
44	3	20
44	4	20
44	5	20
44	6	20
44	7	20
44	8	20
44	9	20
44	10	22
44	11	20
45	0	24
45	1	26
45	2	24
45	3	24
45	4	28
45	5	28
45	6	24
45	7	24
45	8	26
45	9	24
45	10	24
45	11	26
45	12	26
45	13	28
45	14	32
45	15	32
45	16	30
45	17	24
45	18	24
45	19	24
45	20	28
45	21	36
45	22	24
45	23	28
45	24	24
45	25	24
45	26	24
45	27	24
45	28	24
45	29	38
45	30	24
45	31	26
45	32	24
45	33	38
45	34	34
45	35	28
45	36	24
45	37	24
45	38	26
45	39	24
45	40	38
45	41	25
45	42	24
45	43	24
45	44	30
45	45	24
45	46	26
45	47	26
45	48	28
45	49	26
45	50	28
45	51	28
45	52	28
45	53	28
45	54	28
45	55	28
45	56	28
45	57	28
45	58	28
45	59	28
45	60	26
45	61	28
45	62	28
45	63	28
45	64	28
45	65	28
45	66	28
45	67	28
45	68	28
45	69	28
45	70	26
45	71	28
45	72	26
45	73	26
45	74	24
45	75	24
45	76	24
45	77	24
45	78	24
45	79	24
45	80	24
45	81	26
45	82	28
45	83	26
45	84	26
45	85	24
45	86	24
45	87	24
45	88	24
45	89	24
45	90	24
45	91	24
45	92	24
45	93	28
45	94	24
45	95	24
45	96	28
45	97	26
45	98	24
45	99	24
45	100	26
45	101	24
45	102	26
45	103	26
45	104	26
45	105	24
45	106	28
45	107	24
45	108	28
45	109	26
45	110	28
45	111	28
45	112	28
45	113	28
45	114	24
45	115	26
45	116	28
45	117	28
45	118	34
45	119	32
45	120	36
45	121	24
45	122	30
45	123	24
45	124	34
45	125	24
45	126	24
45	127	24
45	128	24
45	129	24
45	130	24
45	131	24
45	132	24
45	133	26
45	134	24
45	135	24
45	136	24
45	137	24
45	138	24
45	139	24
45	140	26
45	141	24
45	142	24
45	143	26
45	144	24
45	145	26
45	146	26
45	147	24
45	148	24
45	149	26
45	150	26
45	151	24
45	152	24
45	153	28
45	154	28
45	155	24
45	156	24
46	0	30
46	1	44
46	2	40
46	3	36
46	4	38
46	5	38
46	6	62
46	7	30
46	8	30
46	9	44
46	10	34
46	11	30
46	12	28
46	13	40
46	14	40
46	15	30
46	16	30
46	17	38
46	18	30
46	19	34
46	20	34
46	21	30
46	22	30
46	23	30
46	24	44
46	25	38
46	26	40
46	27	38
46	28	44
46	29	44
46	30	30
46	31	44
46	32	42
46	33	44
46	34	30
46	35	42
46	36	42
46	37	36
46	38	30
46	39	30
46	40	30
46	41	30
46	42	30
46	43	30
46	44	30
46	45	38
46	46	32
46	47	38
46	48	36
46	49	30
46	50	30
46	51	30
46	52	30
46	53	38
46	54	40
46	55	30
46	56	30
46	57	30
46	58	36
46	59	30
46	60	44
46	61	30
46	62	42
46	63	36
46	64	42
46	65	30
46	66	42
46	67	36
46	68	32
46	69	30
46	70	40
46	71	40
46	72	42
46	73	30
46	74	30
46	75	30
46	76	34
46	77	40
46	78	38
46	79	30
46	80	46
46	81	34
46	82	30
46	83	30
46	84	30
46	85	32
46	86	30
46	87	30
46	88	30
46	89	30
46	90	30
46	91	30
46	92	30
46	93	30
46	94	30
46	95	30
46	96	30
46	97	34
46	98	40
46	99	30
46	100	38
46	101	30
46	102	30
46	103	30
46	104	30
46	105	30
46	106	30
46	107	30
46	108	30
46	109	30
46	110	30
46	111	30
46	112	30
46	113	30
46	114	30
46	115	30
46	116	30
46	117	30
46	118	36
46	119	30
46	120	30
46	121	30
46	122	30
46	123	30
46	124	44
46	125	42
46	126	40
46	127	42
46	128	38
46	129	30
46	130	30
46	131	36
46	132	42
46	133	30
46	134	30
46	135	32
46	136	30
46	137	42
46	138	30
46	139	30
46	140	42
46	141	42
46	142	30
46	143	30
46	144	34
46	145	44
46	146	34
46	147	34
46	148	30
46	149	30
46	150	30
46	151	30
46	152	36
46	153	32
46	154	36
46	155	30
46	156	30
46	157	30
46	158	30
46	159	30
46	160	30
46	161	30
46	162	30
46	163	30
46	164	30
46	165	30
46	166	30
46	167	30
46	168	30
46	169	30
46	170	30
46	171	30
46	172	30
46	173	30
46	174	30
46	175	30
46	176	30
46	177	30
46	178	30
46	179	30
46	180	30
46	181	30
46	182	30
46	183	30
46	184	30
46	185	30
46	186	28
46	187	28
46	188	28
46	189	28
46	190	28
46	191	28
46	192	28
46	193	30
46	194	28
46	195	28
46	196	28
46	197	28
46	198	28
46	199	30
46	200	28
46	201	28
46	202	28
46	203	28
46	204	28
46	205	28
46	206	28
46	207	30
46	208	28
46	209	28
46	210	28
46	211	28
46	212	28
46	213	30
46	214	30
46	215	30
46	216	30
46	217	30
46	218	28
46	219	28
46	220	28
46	221	28
46	222	28
46	223	28
46	224	28
46	225	30
46	226	28
46	227	28
46	228	28
46	229	28
46	230	28
46	231	28
46	232	28
46	233	28
46	234	28
46	235	28
46	236	28
46	237	28
46	238	28
46	239	28
46	240	28
46	241	28
46	242	28
46	243	30
46	244	30
46	245	30
46	246	30
46	247	30
46	248	30
46	249	30
46	250	30
46	251	30
46	252	30
46	253	30
46	254	30
46	255	30
46	256	30
46	257	30
46	258	30
46	259	30
46	260	30
46	261	30
46	262	30
46	263	30
46	264	30
46	265	30
46	266	30
46	267	30
46	268	30
46	269	30
46	270	30
46	271	30
46	272	30
46	273	30
46	274	30
46	275	30
46	276	30
46	277	30
46	278	30
46	279	30
46	281	30
46	282	30
46	283	30
46	284	30
46	285	30
46	286	30
46	287	30
46	288	30
46	289	30
46	290	30
46	291	30
46	292	30
46	293	30
46	294	30
46	295	30
46	296	30
46	297	30
46	298	30
46	299	30
46	300	30
46	301	30
46	302	30
46	303	30
46	304	30
46	305	30
46	306	30
46	307	30
46	308	30
46	309	30
46	310	30
46	311	30
46	312	30
46	313	30
46	314	30
46	315	30
46	316	30
46	317	30
46	318	30
46	319	30
46	320	30
46	321	30
46	322	30
46	323	30
46	324	30
46	325	30
46	326	30
46	327	30
46	328	30
46	329	30
46	330	30
46	331	30
46	332	30
46	333	30
46	334	30
46	335	30
46	336	30
46	337	30
46	338	30
46	339	30
46	340	30
46	341	30
46	342	30
46	343	30
46	344	30
46	345	30
46	346	30
46	347	30
46	348	30
46	349	30
46	350	30
46	351	30
46	352	30
46	353	30
46	354	30
46	355	30
46	356	30
46	357	30
46	358	30
46	359	30
46	360	30
46	361	30
46	362	30
46	363	30
46	364	30
46	365	30
46	366	30
46	367	30
46	368	30
46	369	30
46	370	30
46	371	30
46	372	30
46	373	30
46	374	30
46	375	30
46	376	30
46	377	30
46	378	30
46	379	30
46	380	30
46	381	30
46	382	30
46	383	32
46	384	28
46	385	28
46	386	28
46	387	28
46	388	28
46	389	28
46	390	28
46	391	28
46	392	28
46	393	28
46	394	28
46	395	28
46	396	28
46	397	28
46	398	28
46	399	28
46	400	28
46	401	28
46	402	28
46	403	28
46	404	28
46	405	28
46	406	28
46	407	28
46	408	28
46	409	28
46	410	28
46	411	28
46	412	28
46	413	28
46	414	28
46	415	28
46	416	28
46	417	28
46	418	28
46	419	28
46	420	28
46	421	28
46	422	28
46	423	28
46	424	28
46	425	28
46	426	28
46	427	28
46	428	28
46	429	28
46	430	28
46	431	28
46	432	28
46	433	28
46	434	28
46	435	28
46	436	28
46	437	28
46	438	28
46	439	28
46	440	28
46	441	28
46	442	28
46	443	28
46	444	28
46	445	28
46	446	28
46	447	28
46	448	28
46	449	28
46	450	28
46	451	28
46	452	28
46	453	28
46	454	28
46	455	28
46	456	28
46	457	28
46	458	28
46	459	28
46	460	28
46	461	28
46	462	28
46	463	28
46	464	28
46	465	28
46	466	28
46	467	28
46	468	28
46	469	28
46	470	28
46	471	28
46	472	28
46	473	28
46	474	28
46	475	28
46	476	28
46	477	28
46	478	28
46	479	28
46	480	28
46	481	28
46	482	28
46	483	28
46	484	28
46	485	28
46	486	28
46	487	28
46	488	28
46	489	28
46	490	28
46	491	28
46	492	28
46	493	28
46	494	28
46	495	28
46	496	28
46	497	28
46	498	28
46	499	28
46	500	28
46	501	28
46	502	28
46	503	28
46	504	28
46	505	28
46	506	28
46	507	28
46	508	28
46	509	28
46	510	28
46	511	28
46	512	28
46	513	28
46	514	28
46	515	28
46	516	28
46	517	28
46	518	28
46	519	28
46	520	28
46	521	28
46	522	28
46	523	28
46	524	28
46	525	28
46	526	28
46	527	28
46	528	28
46	529	28
46	530	28
46	531	28
46	532	28
46	533	28
46	534	28
46	535	28
46	536	28
46	537	28
46	538	28
46	539	28
46	540	28
46	541	28
46	542	28
46	543	28
46	544	28
46	545	28
46	546	28
46	547	28
46	548	28
46	549	28
46	550	28
46	551	28
46	552	28
46	553	28
46	554	28
46	555	28
46	556	28
46	557	28
46	558	28
46	559	28
46	560	28
46	561	28
46	562	28
46	563	28
46	564	28
46	565	28
46	566	28
46	567	28
46	568	28
46	569	28
46	570	28
46	571	28
46	572	28
46	573	28
46	574	28
46	575	28
46	576	28
46	577	28
46	578	28
46	579	28
46	580	28
46	581	28
46	582	28
46	583	28
46	584	28
46	585	28
46	586	28
46	587	28
46	588	28
46	589	28
46	590	28
46	591	28
46	592	28
46	593	28
46	594	28
46	595	28
46	596	30
46	597	28
46	598	28
46	599	28
46	600	28
46	601	30
46	602	30
46	603	34
46	604	30
46	605	30
46	606	30
46	607	30
46	608	30
46	609	30
46	610	34
46	611	34
46	612	30
46	613	30
46	614	34
46	615	30
46	616	30
46	617	32
46	618	30
46	619	38
46	620	36
46	621	36
46	622	36
46	623	36
46	624	36
46	625	30
46	626	36
46	627	36
46	628	36
46	629	36
46	630	36
46	631	36
46	632	36
46	633	36
46	634	36
46	635	36
46	636	32
46	637	36
46	638	36
46	639	36
46	640	36
46	641	36
46	642	36
46	643	36
46	644	32
46	645	30
46	646	36
46	647	36
46	648	36
46	649	36
46	650	36
46	651	36
46	652	36
46	653	36
46	654	36
46	655	36
46	656	36
46	657	36
46	658	36
46	659	36
46	660	36
46	661	36
46	662	36
46	663	36
46	664	36
46	665	36
46	666	36
46	667	36
46	668	36
46	669	36
46	670	36
46	671	36
46	672	36
46	673	36
46	674	36
46	675	30
46	676	36
46	677	36
46	678	36
46	679	36
46	680	36
46	681	36
46	682	32
46	683	36
46	684	36
46	685	36
46	686	36
46	687	36
46	688	36
46	689	30
46	690	36
46	691	30
46	692	30
46	693	36
46	694	36
46	695	36
46	696	36
46	697	36
46	698	36
46	699	36
46	700	30
46	701	30
46	702	30
46	703	30
46	704	30
46	705	30
46	706	30
46	707	30
46	708	30
46	709	30
46	710	30
46	711	30
46	712	30
46	713	30
46	714	30
46	715	30
46	716	30
46	717	30
46	718	30
46	719	30
46	720	30
46	721	30
46	722	30
46	723	30
46	724	30
46	725	30
46	726	30
46	727	30
46	728	30
46	729	30
46	730	30
46	731	30
46	732	30
46	733	30
46	734	30
46	735	30
46	736	30
46	737	30
46	738	30
46	739	30
46	740	30
46	741	30
46	742	30
46	743	30
46	744	30
46	745	30
46	746	30
46	747	30
46	748	30
46	749	30
46	750	30
46	751	30
46	752	30
46	753	30
46	754	30
46	755	30
46	756	30
46	757	30
46	758	30
46	759	30
46	760	30
46	761	30
46	762	30
46	763	30
46	764	30
46	765	30
46	766	30
46	767	30
46	768	30
46	769	30
46	770	30
46	771	30
46	772	30
46	773	30
46	774	30
46	775	30
46	776	30
46	777	30
46	778	30
46	779	30
46	780	30
46	781	30
46	782	30
46	783	30
46	784	30
46	785	30
46	786	30
46	787	30
46	788	30
46	789	30
46	790	30
46	791	30
46	792	30
46	793	30
46	794	30
46	795	30
46	796	30
46	797	28
46	798	28
46	799	28
46	800	28
46	801	28
46	802	28
46	803	28
46	804	28
46	805	28
46	806	28
46	807	28
46	808	28
46	809	28
46	810	28
46	811	28
46	812	28
46	813	28
46	814	28
46	815	28
46	816	28
46	817	28
46	818	28
46	819	28
46	820	28
46	821	28
46	822	28
46	823	28
46	824	28
46	825	28
46	826	28
46	827	28
46	828	28
46	829	28
46	830	28
46	831	28
46	832	28
46	833	28
46	834	28
46	835	28
46	836	28
46	837	28
46	838	28
46	839	28
46	840	28
46	841	28
46	842	28
46	843	28
46	844	28
46	845	28
46	846	28
46	847	28
46	848	28
46	849	28
46	850	28
46	851	28
46	852	28
46	853	28
46	854	28
46	855	28
46	856	28
46	857	28
46	858	28
46	859	28
46	860	28
46	861	28
46	862	28
46	863	28
46	864	28
46	865	28
46	866	28
46	867	28
46	868	28
46	869	28
46	870	28
46	871	28
46	872	28
46	873	28
46	874	28
46	875	28
46	876	28
46	877	28
46	878	28
46	879	28
46	880	28
46	881	28
46	882	28
46	883	28
46	884	28
46	885	28
46	886	28
46	887	28
46	888	28
46	889	28
46	890	28
46	891	28
46	892	28
46	893	28
46	894	28
47	0	24
47	1	26
47	2	20
47	3	20
47	4	20
47	5	20
47	6	22
47	7	20
47	8	22
47	9	22
47	10	20
47	11	20
47	12	22
47	13	20
47	14	20
47	15	20
47	16	24
47	17	20
47	18	22
47	19	20
47	20	20
47	21	26
47	22	22
47	23	22
47	24	24
47	25	24
47	26	22
48	0	26
48	1	28
48	2	28
48	3	28
48	4	26
48	5	28
48	6	28
48	7	26
48	8	26
48	9	26
48	10	26
48	11	38
48	12	38
48	13	38
48	14	26
48	15	27
48	16	26
48	17	26
48	18	26
48	19	26
48	20	26
48	21	26
48	22	26
48	23	26
48	24	26
48	25	28
48	26	26
48	27	28
48	28	26
48	29	28
48	30	26
48	31	26
48	32	26
48	33	26
48	34	26
48	35	26
48	36	26
48	37	26
48	38	26
48	39	26
48	40	28
48	41	28
48	42	26
48	43	26
48	44	26
48	45	28
48	46	26
48	47	26
48	48	28
48	49	26
48	50	26
48	51	26
48	52	26
48	53	26
48	54	26
48	55	26
48	56	26
48	57	26
48	58	26
48	59	28
48	60	26
48	61	26
48	62	26
48	63	26
48	64	26
48	65	26
48	66	26
48	67	26
48	68	26
48	69	26
48	70	26
48	71	26
48	72	26
48	73	28
48	74	28
48	75	26
48	76	28
49	0	20
49	1	20
49	2	20
49	3	20
49	4	20
49	5	20
49	6	20
49	7	20
49	8	20
49	9	20
49	10	20
49	11	20
49	12	20
49	13	20
49	14	20
49	15	20
49	16	20
49	17	20
49	18	20
49	19	20
49	20	20
49	21	20
49	22	20
49	23	20
49	24	20
49	25	20
49	26	20
49	27	20
49	28	20
49	29	20
49	30	20
49	31	20
49	32	20
49	33	20
49	34	20
49	35	20
49	36	20
49	37	20
49	38	20
49	39	20
49	40	20
49	41	20
49	42	20
49	43	20
49	44	20
49	45	20
49	46	20
49	47	20
49	48	20
49	49	20
49	50	20
49	51	20
49	52	20
49	53	20
49	54	20
49	55	20
49	56	20
49	57	20
49	58	20
49	59	20
49	60	20
49	61	20
49	62	20
49	63	20
49	64	20
49	65	20
49	66	20
49	67	20
49	68	20
49	69	20
49	70	20
49	71	20
49	72	20
49	73	20
49	74	20
49	75	20
49	76	20
49	77	20
49	78	20
49	79	20
49	80	20
49	81	20
49	82	20
50	0	36
50	1	36
50	2	36
50	3	36
50	4	36
50	5	36
50	6	36
50	7	36
50	8	36
50	9	36
50	10	36
50	11	36
50	12	36
50	13	36
50	14	36
50	15	36
50	16	36
50	17	36
50	18	36
50	19	36
50	20	36
50	21	36
50	22	36
50	23	36
50	24	36
50	25	36
50	26	36
50	27	36
50	28	36
50	29	36
50	30	36
50	31	36
50	32	36
50	33	36
50	34	36
50	35	36
50	36	36
50	37	36
50	38	36
50	39	36
50	40	36
50	41	36
50	42	36
50	43	36
50	44	36
50	45	36
50	46	36
50	47	36
50	48	36
50	49	36
50	50	36
50	51	36
50	52	36
50	53	36
50	54	36
50	55	36
50	56	36
50	57	36
50	58	36
50	59	36
50	60	36
50	61	36
50	62	36
50	63	36
50	64	36
50	65	36
50	66	36
50	67	36
50	68	36
50	69	36
50	70	36
50	71	36
50	72	36
50	73	36
50	74	36
50	75	36
50	76	36
50	77	36
50	78	36
50	79	36
50	80	36
50	81	36
50	82	36
50	83	36
50	84	36
50	85	36
50	86	36
50	87	36
50	88	36
50	89	36
50	90	36
50	91	36
50	92	36
50	93	36
50	94	36
50	95	36
50	96	36
50	97	36
50	98	36
50	99	36
50	100	36
50	101	36
50	102	36
50	103	36
50	104	36
50	105	36
50	106	36
50	107	36
50	108	36
50	109	36
50	110	36
50	111	36
50	112	36
50	113	36
50	114	36
50	115	36
50	116	36
50	117	36
50	118	36
50	119	36
50	120	36
50	121	36
50	122	36
50	123	36
50	124	36
50	125	36
50	126	36
50	127	36
50	128	36
50	129	36
50	130	36
50	131	36
50	132	36
50	133	36
50	134	36
50	135	36
50	136	36
50	137	36
50	138	36
50	139	36
50	140	36
50	141	36
50	142	36
50	143	36
50	144	36
50	145	36
50	146	36
50	147	36
50	148	36
50	149	36
50	150	36
50	151	36
50	152	36
50	153	36
50	154	36
50	155	36
50	156	36
50	157	36
50	158	36
50	159	36
50	160	36
50	161	36
50	162	36
50	163	36
50	164	36
50	165	36
50	166	36
50	167	36
50	168	36
50	169	36
50	170	36
50	171	36
50	172	36
50	173	36
50	174	36
50	175	36
50	176	36
50	177	36
50	178	36
50	179	36
50	180	36
50	181	36
50	182	36
50	183	36
50	184	36
50	185	36
50	186	36
50	187	36
50	188	36
50	189	36
50	190	36
50	191	36
50	192	36
50	193	36
50	194	36
50	195	36
50	196	36
50	197	36
50	198	36
50	199	36
51	0	36
51	1	36
51	2	36
51	3	36
51	4	36
51	5	36
51	6	36
51	7	36
51	8	36
51	9	36
51	10	36
51	11	36
51	12	36
51	13	36
51	14	36
51	15	36
51	16	36
51	17	36
51	18	36
51	19	36
51	20	36
51	21	36
51	22	36
51	23	36
51	24	36
51	25	36
51	26	36
51	27	36
51	28	36
51	29	36
51	30	36
51	31	36
51	32	36
51	33	36
51	34	36
51	35	36
51	36	36
51	37	36
51	38	36
51	39	36
51	40	36
51	41	36
51	42	36
51	43	36
51	44	36
51	45	36
51	46	36
51	47	36
51	48	36
51	49	36
51	50	36
51	51	36
51	52	36
51	53	36
51	54	36
51	55	36
51	56	36
51	57	36
51	58	36
51	59	36
51	60	36
51	61	36
51	62	36
51	63	36
51	64	36
51	65	36
51	66	36
51	67	36
51	68	36
51	69	36
51	70	36
51	71	36
51	72	36
51	73	36
51	74	36
51	75	36
51	76	36
51	77	36
51	78	36
51	79	36
51	80	36
51	81	36
51	82	36
51	83	36
51	84	36
51	85	36
51	86	36
51	87	36
51	88	36
51	89	36
51	90	36
51	91	36
51	92	36
51	93	36
51	94	36
51	95	36
51	96	36
51	97	36
51	98	36
51	99	36
51	100	36
51	101	36
51	102	36
51	103	36
51	104	36
51	105	36
51	106	36
51	107	36
51	108	36
51	109	36
51	110	36
51	111	36
51	112	36
51	113	36
51	114	36
51	115	36
51	116	36
51	117	36
51	118	36
51	119	36
51	120	36
51	121	36
51	122	36
51	123	36
51	124	36
51	125	36
51	126	36
51	127	36
51	128	36
51	129	36
51	130	36
51	131	36
51	132	36
51	133	36
51	134	36
51	135	36
51	136	36
51	137	36
51	138	36
51	139	36
51	140	36
51	141	36
51	142	36
51	143	36
51	144	36
51	145	36
51	146	36
51	147	36
51	148	36
51	149	36
51	150	36
51	151	36
51	152	36
51	153	36
51	154	36
51	155	36
51	156	36
51	157	36
51	158	36
51	159	36
51	160	36
51	161	36
51	162	36
51	163	36
51	164	36
51	165	36
51	166	36
51	167	36
51	168	36
51	169	36
51	170	36
51	171	36
51	172	36
51	173	36
51	174	36
51	175	36
51	176	36
51	177	36
51	178	36
51	179	36
51	180	36
51	181	36
51	182	36
51	183	36
51	184	36
51	185	36
51	186	36
51	187	36
51	188	36
51	189	36
51	190	36
51	191	36
51	192	36
51	193	36
51	194	36
51	195	36
51	196	36
51	197	36
51	198	36
51	199	36
52	0	36
52	1	36
52	2	36
52	3	36
52	4	36
52	5	36
52	6	36
52	7	36
52	8	36
52	9	36
52	10	36
52	11	36
52	12	36
52	13	36
52	14	36
52	15	36
52	16	36
52	17	36
52	18	36
52	19	36
52	20	36
52	21	36
52	22	36
52	23	36
52	24	36
52	25	36
52	26	36
52	27	36
52	28	36
52	29	36
52	30	36
52	31	36
52	32	36
52	33	36
52	34	36
52	35	36
52	36	36
52	37	36
52	38	36
52	39	36
52	40	36
52	41	36
52	42	36
52	43	36
52	44	36
52	45	36
52	46	36
52	47	36
52	48	36
52	49	36
52	50	36
52	51	36
52	52	36
52	53	36
52	54	36
52	55	36
52	56	36
52	57	36
52	58	36
52	59	36
52	60	36
52	61	36
52	62	36
52	63	36
52	64	36
52	65	36
52	66	36
52	67	36
52	68	36
52	69	36
52	70	36
52	71	36
52	72	36
52	73	36
52	74	36
52	75	36
52	76	36
52	77	36
52	78	36
52	79	36
52	80	36
52	81	36
52	82	36
52	83	36
52	84	36
52	85	36
52	86	36
52	87	36
52	88	36
52	89	36
52	90	36
52	91	36
52	92	36
52	93	36
52	94	36
52	95	36
52	96	36
52	97	36
52	98	36
52	99	36
52	100	36
52	101	36
52	102	36
52	103	36
52	104	36
52	105	36
52	106	36
52	107	36
52	108	36
52	109	36
52	110	36
52	111	36
52	112	36
52	113	36
52	114	36
52	115	36
52	116	36
52	117	36
52	118	36
52	119	36
52	120	36
52	121	36
52	122	36
52	123	36
52	124	36
52	125	36
52	126	36
52	127	36
52	128	36
52	129	36
52	130	36
52	131	36
52	132	36
52	133	36
52	135	36
52	136	36
52	137	36
52	138	36
52	139	36
52	140	36
52	141	36
52	142	36
52	143	36
52	144	36
52	145	36
52	146	36
52	147	36
52	148	36
52	149	36
52	150	36
52	151	36
52	152	36
52	153	36
52	154	36
52	155	36
52	156	36
52	157	36
52	158	36
52	159	36
52	160	36
52	161	36
52	162	36
52	165	36
52	166	36
52	194	36
52	195	36
52	196	36
52	197	36
52	198	36
52	199	36
53	0	36
53	1	36
53	2	36
53	3	36
53	4	36
53	5	36
53	6	36
53	7	36
53	8	36
53	9	36
53	10	36
53	11	36
53	12	36
53	13	36
53	14	36
53	15	36
53	16	36
53	17	36
53	18	36
53	19	36
53	20	36
53	21	36
53	22	36
53	23	36
53	24	36
53	25	36
53	26	36
53	27	36
53	28	36
53	29	36
53	30	36
53	31	36
53	32	36
53	33	36
53	34	36
53	35	36
53	36	36
53	37	36
53	38	36
53	39	36
53	40	36
53	41	36
53	42	36
53	43	36
53	44	36
53	45	36
53	46	36
53	47	36
53	48	36
53	49	36
53	50	36
53	51	36
53	52	36
53	53	36
54	0	38
55	0	38
56	0	40
57	0	38
58	0	36
59	0	38
60	0	38
61	0	38
62	0	40
63	0	40
64	0	40
65	0	36
66	0	40
67	0	40
68	0	38
69	0	40
70	0	38
71	0	40
72	0	38
73	0	36
74	0	36
75	0	38
76	0	38
77	0	38
78	0	38
79	0	40
80	0	40
81	0	38
82	0	38
83	0	38
84	0	36
85	0	38
86	0	38
87	0	38
88	0	36
89	0	36
90	0	38
91	0	38
92	0	38
93	0	38
94	0	38
95	0	38
96	0	38
97	0	38
98	0	38
99	0	38
100	0	38
101	0	38
102	0	38
103	0	38
104	0	38
105	0	40
106	0	38
107	0	38
108	0	28
109	0	40
110	0	38
111	0	26
112	0	28
113	0	32
114	0	34
115	0	26
116	0	34
117	0	31
118	0	26
119	0	26
120	0	26
121	0	28
122	0	36
123	0	26
124	0	26
125	0	28
126	0	28
127	0	28
128	0	30
129	0	16
130	0	16
131	0	28
132	0	26
133	0	34
134	0	32
134	1	32
134	2	32
134	3	36
135	0	30
136	0	36
136	1	28
136	2	28
136	3	32
137	0	38
137	1	36
137	2	36
137	3	38
137	4	36
137	5	36
137	6	38
138	0	34
139	0	28
140	0	26
141	0	26
142	0	28
143	0	26
144	0	27
145	0	36
146	0	28
147	0	26
148	0	28
149	0	32
150	0	26
151	0	32
152	0	34
153	0	28
154	0	30
154	1	28
154	2	28
154	3	28
154	4	28
154	5	28
154	6	28
155	0	38
156	0	34
157	0	31
158	0	34
159	0	34
160	0	34
161	0	28
162	0	36
163	0	32
164	0	32
165	0	26
166	0	36
167	0	36
168	0	32
169	0	36
170	0	28
171	0	28
172	0	28
173	0	38
174	0	32
175	0	28
176	0	32
177	0	29
178	0	28
179	0	26
180	0	26
181	0	26
182	0	28
183	0	26
184	0	26
185	0	26
186	0	30
187	0	36
188	0	38
189	0	40
190	0	34
191	0	30
192	0	30
193	0	30
194	0	36
195	0	36
196	0	38
197	0	34
198	0	28
199	0	34
200	0	34
201	0	24
202	0	30
203	0	27
204	0	36
205	0	36
206	0	33
207	0	34
208	0	30
209	0	30
210	0	32
211	0	26
212	0	32
213	0	38
214	0	36
215	0	32
216	0	34
217	0	38
218	0	34
219	0	36
220	0	34
221	0	34
222	0	30
223	0	36
224	0	32
225	0	30
226	0	32
227	0	34
228	0	30
229	0	29
230	0	30
231	0	38
232	0	28
233	0	30
234	0	34
235	0	38
236	0	29
237	0	32
238	0	34
239	0	34
240	0	32
241	0	38
242	0	38
243	0	38
244	0	34
245	0	28
246	0	30
247	0	28
248	0	24
249	0	36
249	1	36
249	2	36
249	3	36
249	4	36
249	5	36
249	6	36
249	7	36
249	8	36
249	9	36
249	10	36
249	11	36
249	12	36
249	13	36
250	0	42
250	1	40
250	2	40
250	3	36
250	4	40
250	5	36
250	6	36
250	7	36
250	8	36
250	9	36
250	10	36
250	11	36
250	12	36
250	13	36
250	14	36
250	15	36
250	16	36
250	17	36
250	18	36
250	19	36
250	20	36
250	21	36
250	22	42
250	23	36
250	24	36
250	25	36
250	26	36
250	27	36
250	28	36
250	29	36
250	30	36
250	31	36
250	32	36
250	33	36
250	34	36
250	35	36
250	36	36
250	37	36
250	38	36
250	39	44
250	40	36
250	41	36
250	42	36
250	43	36
250	44	36
250	45	36
250	46	36
250	47	42
250	48	38
250	49	42
250	50	40
250	51	36
250	52	36
250	53	48
250	54	36
250	55	40
250	56	36
250	57	36
250	58	38
250	59	36
250	60	36
250	61	40
250	62	38
250	63	36
250	64	42
250	65	36
250	66	46
250	67	44
250	68	36
250	69	42
250	70	36
250	71	36
250	72	44
250	73	38
250	74	38
250	75	36
250	76	36
250	77	36
250	78	36
250	79	50
250	80	48
250	81	44
250	82	38
250	83	42
250	84	36
250	85	36
250	86	36
250	87	36
250	88	36
250	89	36
250	90	36
250	91	36
250	92	36
250	93	36
250	94	36
250	95	36
250	96	36
250	97	36
250	98	36
250	99	36
250	100	36
250	101	36
250	102	42
250	103	36
250	104	36
250	105	38
250	106	36
250	107	36
250	108	36
250	109	36
250	110	40
250	111	36
250	112	36
250	113	36
250	114	36
250	115	36
250	116	36
250	117	38
250	118	36
250	119	42
250	120	36
250	121	36
250	122	36
250	123	36
250	124	36
250	125	36
250	126	36
250	127	36
250	128	36
250	129	36
250	130	36
250	131	36
250	132	36
250	133	40
250	134	36
250	135	36
250	136	36
250	137	36
250	138	36
250	139	36
250	140	36
250	141	36
250	142	36
250	143	36
250	144	36
250	145	36
250	146	36
250	147	36
250	148	36
250	149	36
250	150	36
250	151	36
250	152	36
250	153	36
250	154	36
250	155	36
250	156	36
250	157	36
250	158	36
250	159	36
250	160	36
250	161	36
250	162	36
250	163	36
250	164	36
250	165	36
250	166	36
250	167	36
250	168	36
250	169	36
250	170	36
250	171	36
250	172	36
250	173	36
250	174	36
250	175	36
250	176	36
250	177	36
250	178	36
250	179	36
250	180	36
250	181	36
250	182	36
250	183	36
250	184	36
250	185	36
250	186	36
250	187	36
250	188	36
250	189	36
250	190	36
250	191	36
250	192	36
250	193	36
250	194	36
250	195	36
250	196	40
250	197	36
250	198	36
250	199	44
250	200	36
250	201	36
250	202	36
250	203	36
250	204	36
250	205	36
250	206	36
250	207	36
250	208	36
250	209	42
250	210	36
250	211	36
250	212	36
250	213	36
250	214	36
250	215	36
250	216	36
250	217	42
250	218	36
250	219	36
250	220	36
250	221	36
250	222	36
250	223	36
250	224	36
250	225	36
250	226	36
250	227	36
250	228	36
250	229	36
250	230	36
250	231	36
250	232	36
250	233	36
250	234	36
250	235	44
250	236	36
250	237	36
250	238	36
250	239	36
250	240	36
250	241	36
250	242	36
250	243	36
250	244	36
250	245	42
250	246	36
250	247	42
250	248	36
250	249	42
250	250	36
250	251	36
250	252	36
250	253	36
250	254	36
250	255	36
250	256	36
250	257	36
250	258	36
250	259	36
250	260	36
250	261	36
250	262	36
250	263	36
250	264	44
250	265	36
250	266	36
250	267	36
250	268	36
250	269	36
250	270	36
250	271	36
250	272	36
250	273	36
250	274	36
250	275	36
250	276	40
250	277	36
250	278	36
250	279	36
250	280	36
250	281	36
250	282	36
250	283	36
250	284	36
250	285	36
250	286	36
250	287	36
250	288	36
250	289	36
250	290	36
250	291	36
250	292	36
250	293	36
250	294	44
250	295	36
250	296	36
250	297	36
250	298	36
250	299	36
250	300	36
250	301	36
250	302	36
250	303	36
250	304	36
250	305	36
250	306	36
250	307	36
250	308	36
250	309	36
250	310	36
250	311	36
250	312	36
250	313	36
250	314	36
250	315	36
250	316	36
250	317	36
250	318	36
250	319	36
250	320	36
250	321	36
250	322	36
250	323	40
250	324	36
250	325	36
250	326	36
250	327	36
250	328	36
250	329	44
250	330	36
250	331	36
250	332	36
250	333	36
250	334	36
250	335	36
250	336	36
250	337	36
250	338	36
250	339	36
250	340	36
250	341	36
250	342	36
250	343	36
250	344	36
250	345	36
250	346	36
250	347	36
250	348	36
250	349	40
250	350	36
250	351	38
250	352	36
250	353	36
250	354	36
250	355	36
250	356	36
250	357	36
250	358	36
250	359	36
250	360	36
250	361	36
250	362	36
250	363	36
250	364	36
250	365	36
250	366	36
250	367	36
250	368	36
250	369	36
250	370	36
250	371	36
250	372	36
250	373	36
250	374	36
250	375	36
250	376	36
250	377	36
250	378	36
250	379	36
250	380	36
250	381	36
250	382	36
250	383	36
250	384	36
250	385	36
250	386	36
250	387	36
250	388	36
250	389	36
250	390	36
250	391	36
250	392	36
250	393	36
250	394	36
250	395	36
250	396	36
250	397	36
250	398	36
250	399	36
250	400	36
250	401	36
250	402	36
250	403	36
250	404	36
250	405	36
250	406	36
250	407	36
250	408	36
250	409	36
250	410	36
250	411	36
250	412	36
250	413	36
250	414	36
250	415	36
250	416	36
250	417	36
250	418	36
250	419	36
250	420	36
250	421	36
250	422	36
250	423	36
250	424	36
250	425	36
250	426	36
250	427	36
250	428	36
250	429	36
250	430	36
250	431	36
250	432	36
250	433	36
250	434	36
250	435	36
250	436	38
250	437	36
250	438	36
250	439	36
250	440	36
250	441	36
250	442	36
250	443	36
250	444	36
250	445	36
250	446	36
250	447	36
250	448	36
250	449	36
250	450	36
250	451	36
250	452	36
250	453	36
250	454	36
250	455	36
250	456	36
250	457	36
250	458	36
250	459	38
250	460	36
250	461	36
250	462	36
250	463	36
250	464	36
250	465	36
250	466	36
250	467	36
250	468	36
250	469	36
250	470	36
250	471	36
250	472	36
250	473	36
250	474	36
250	475	36
250	476	36
250	477	36
250	478	36
250	479	36
250	480	36
250	481	36
250	482	36
250	483	36
250	484	36
250	485	36
250	486	36
250	487	36
250	488	36
250	489	36
250	490	36
250	491	36
250	492	36
250	493	36
250	494	36
250	495	36
250	496	36
250	497	36
250	498	36
250	499	36
250	500	36
250	501	36
250	502	36
250	503	36
250	504	36
250	505	36
250	506	36
250	507	36
250	508	36
250	509	36
250	510	36
250	511	36
250	512	36
250	513	36
250	514	36
250	515	36
250	516	36
250	517	36
250	518	36
250	519	36
250	520	36
250	521	36
250	522	38
250	523	36
250	524	36
250	525	36
250	526	36
250	527	36
250	528	36
250	529	36
250	530	36
250	531	36
250	532	36
250	533	36
250	534	36
250	535	36
250	536	36
250	537	36
250	538	36
250	539	44
250	540	36
250	541	36
250	542	36
250	543	36
250	544	36
250	545	36
250	546	36
250	547	36
250	548	36
250	549	36
250	550	36
250	551	36
250	552	36
250	553	36
250	554	36
250	555	36
250	556	36
250	557	36
250	558	36
250	559	36
250	560	36
250	561	36
250	562	36
250	563	36
250	564	36
250	565	36
250	566	36
250	567	36
250	568	36
250	569	36
250	570	36
250	571	36
250	572	36
250	573	36
250	574	36
250	575	44
250	576	36
250	577	36
250	578	36
250	579	36
250	580	36
250	581	36
250	582	36
250	583	36
250	584	36
250	585	36
250	586	36
250	587	36
250	588	36
250	589	36
250	590	36
250	591	44
250	592	36
250	593	36
250	594	36
250	595	36
250	596	36
250	597	36
250	598	36
250	599	36
250	600	36
250	601	36
250	602	36
250	603	36
250	604	36
250	605	36
250	606	36
250	607	36
250	608	36
250	609	36
250	610	36
250	611	36
250	612	36
250	613	36
250	614	36
250	615	36
250	616	36
250	617	36
250	618	36
250	619	36
250	620	36
250	621	36
250	622	36
250	623	36
250	624	36
250	625	36
250	626	36
250	627	36
250	628	36
250	629	36
250	630	36
250	631	36
250	632	36
250	633	36
250	634	36
250	635	36
250	636	36
250	637	36
250	638	36
250	639	36
250	640	36
250	641	36
250	642	36
250	643	36
250	644	36
250	645	36
250	646	36
250	647	36
250	648	36
250	649	36
250	650	36
250	651	36
250	652	36
250	653	36
250	654	36
250	655	36
250	656	36
250	657	36
250	658	36
250	659	36
250	660	36
250	661	36
250	662	36
250	663	36
250	664	36
250	665	36
250	666	36
250	667	36
250	668	36
250	669	36
250	670	36
250	671	36
250	672	36
250	673	36
250	674	36
250	675	36
250	676	36
250	677	36
250	678	36
250	679	36
250	680	36
250	681	36
250	682	36
250	683	36
250	684	36
250	685	36
250	686	36
250	687	36
250	688	36
250	689	36
250	690	44
250	691	36
250	692	36
250	693	36
250	694	36
250	695	36
250	696	36
250	697	36
250	698	36
250	699	36
250	700	36
250	701	36
250	702	36
250	703	36
250	704	36
250	705	36
250	706	36
250	707	36
250	708	36
250	709	36
250	710	36
250	711	36
250	712	36
250	713	36
250	714	36
250	715	36
250	716	36
250	717	36
250	718	36
250	719	36
250	720	36
250	721	36
250	722	36
250	723	36
250	724	36
250	725	36
250	726	36
250	727	36
250	728	36
250	729	36
250	730	36
250	731	36
250	732	36
250	733	36
250	734	36
250	735	36
250	736	36
250	737	36
250	738	36
250	739	36
250	740	36
250	741	36
250	742	36
250	743	36
250	744	36
250	745	36
250	746	38
250	747	36
250	748	36
250	749	36
250	750	36
250	751	36
250	752	36
250	753	36
250	754	36
250	755	36
250	756	36
250	757	36
250	758	36
250	759	36
250	760	36
250	761	36
250	762	36
250	763	36
250	764	36
250	765	36
250	766	36
250	767	36
250	768	36
250	769	36
250	770	36
250	771	36
250	772	36
250	773	36
250	774	36
250	775	36
250	776	36
250	777	36
250	778	36
250	779	36
250	780	36
250	781	36
250	782	36
250	783	36
250	784	36
250	785	36
250	786	36
250	787	36
250	788	36
250	789	36
250	790	40
250	791	36
250	792	36
250	793	36
250	794	42
250	795	44
250	796	36
250	797	36
250	798	36
250	799	36
250	800	36
250	801	42
250	802	36
250	803	36
250	804	36
250	805	36
250	806	38
250	807	46
250	808	40
250	809	36
250	810	36
250	811	36
250	812	36
250	813	36
250	814	36
250	815	36
250	816	36
250	817	36
250	818	36
250	819	36
250	820	36
250	821	36
251	0	28
251	1	28
251	2	28
251	3	28
251	4	28
251	5	28
251	6	28
251	7	28
251	8	28
251	9	32
251	10	28
251	11	28
251	12	28
251	13	28
251	14	28
251	15	28
251	16	28
251	17	28
251	18	28
251	19	28
251	20	28
251	21	28
251	22	28
251	23	28
251	24	28
251	25	28
251	26	28
251	27	28
251	28	28
251	29	28
251	30	28
251	31	28
251	32	28
251	33	28
251	34	28
251	35	28
251	36	28
251	37	28
251	38	28
251	39	28
251	40	28
251	41	28
251	42	34
251	43	28
251	44	28
251	45	32
251	46	28
251	47	28
251	48	28
251	49	28
251	50	28
251	51	28
251	52	28
251	53	28
251	54	28
251	55	28
251	56	28
251	57	48
251	58	28
251	59	28
251	60	28
251	61	32
251	62	28
251	63	28
251	64	28
251	65	28
251	66	28
251	67	28
251	68	28
251	69	28
251	70	28
251	71	28
251	72	28
251	73	28
251	74	28
251	75	28
251	76	28
251	77	28
251	78	28
251	79	28
251	80	28
251	81	28
251	82	28
251	83	28
251	84	32
251	85	32
251	86	28
251	87	28
251	88	28
251	89	28
251	90	28
251	91	28
251	92	28
251	93	30
251	94	28
251	95	28
251	96	34
251	97	28
251	98	28
251	99	28
251	100	28
251	101	28
251	102	28
251	103	28
251	104	28
251	105	28
251	106	28
251	107	28
251	108	28
251	109	28
251	110	28
251	111	28
251	112	30
251	113	28
251	114	28
251	115	28
251	116	28
251	117	28
251	118	28
251	119	28
251	120	28
251	121	28
251	122	28
251	123	28
251	124	28
251	125	28
251	126	28
251	127	38
251	128	30
251	129	30
251	130	28
252	0	32
252	1	32
252	2	34
252	3	34
252	4	32
252	5	32
252	6	32
252	7	32
252	8	32
252	9	32
252	10	32
252	11	32
252	12	32
252	13	32
252	14	32
252	15	32
252	16	32
252	17	32
252	18	32
252	19	36
252	20	36
252	21	32
252	22	32
252	23	36
252	24	32
252	25	32
252	26	32
252	27	32
252	28	32
252	29	32
252	30	32
252	31	32
252	32	32
252	33	32
252	34	32
252	35	32
252	36	32
252	37	32
252	38	32
252	39	32
252	40	32
252	41	32
252	42	32
252	43	32
252	44	32
252	45	32
252	46	32
252	47	32
252	48	32
252	49	32
252	50	32
252	51	32
252	52	32
252	53	32
252	54	32
252	55	32
252	56	32
253	0	26
254	0	26
255	0	36
256	0	40
257	0	40
258	0	40
259	0	36
260	0	44
260	1	44
260	2	44
260	3	44
260	4	44
260	5	44
260	6	44
260	7	44
260	8	44
260	9	44
260	10	44
260	11	44
260	12	44
261	0	22
261	1	22
261	2	22
261	3	22
261	4	22
261	5	22
261	6	22
261	7	22
262	0	32
262	1	32
262	2	32
262	3	32
262	4	32
262	5	32
262	6	32
262	7	32
262	8	32
262	9	32
262	10	32
262	11	32
262	12	32
262	13	32
262	14	32
262	15	32
262	16	32
262	17	32
262	18	32
262	19	32
262	20	32
262	21	32
262	22	32
262	23	32
262	24	32
262	25	32
262	26	32
262	27	32
262	28	32
262	29	32
262	30	32
262	31	32
262	32	32
262	33	32
262	34	32
262	35	32
262	36	32
262	37	32
262	38	32
262	39	32
262	40	32
262	41	32
262	42	32
262	43	32
262	44	32
262	45	32
262	46	32
262	47	32
262	48	32
262	49	32
262	50	32
262	51	32
262	52	32
262	53	32
262	54	32
262	55	32
262	56	32
262	57	32
262	58	32
262	59	32
262	60	32
262	61	32
262	62	32
262	63	32
262	64	32
262	65	32
262	66	32
262	67	32
262	68	32
262	69	32
262	70	32
262	71	32
262	72	32
262	73	32
262	74	32
262	75	32
262	76	32
262	77	32
262	78	32
262	79	32
262	80	32
262	81	32
262	82	32
262	83	32
262	84	32
262	85	32
262	86	32
262	87	32
262	88	32
262	89	32
262	90	32
262	91	32
262	92	32
262	93	32
262	94	32
262	95	32
262	96	32
262	97	32
262	98	32
262	99	32
262	100	32
262	101	32
262	102	32
262	103	32
262	104	32
262	105	32
262	106	32
262	107	32
262	108	32
262	109	32
262	110	32
262	111	32
262	112	32
262	113	32
262	114	32
262	115	32
262	116	32
262	117	32
262	118	32
262	119	32
262	120	32
262	121	32
262	122	32
262	123	32
262	124	32
262	125	32
262	126	32
262	127	32
262	128	32
262	129	32
262	130	32
262	131	32
262	132	32
262	133	32
262	134	32
262	135	32
262	136	32
262	137	32
262	138	32
262	139	32
262	140	32
262	141	32
262	142	32
262	143	32
262	144	32
262	145	32
262	146	32
262	147	32
262	148	32
262	149	32
262	150	32
262	151	32
262	152	32
262	153	32
262	154	32
262	155	32
262	156	32
262	157	32
262	158	32
262	159	32
262	160	32
262	161	32
262	162	32
262	163	32
262	164	32
262	165	32
262	166	32
262	167	32
262	168	32
262	169	32
262	170	32
262	171	32
262	172	32
262	173	32
262	174	32
262	175	32
262	176	32
262	177	32
262	178	32
262	179	32
262	180	32
262	181	32
262	182	32
262	183	32
262	184	32
262	185	32
262	186	32
262	187	32
262	188	32
262	189	32
262	190	32
262	191	32
262	192	32
262	193	32
262	194	32
262	195	32
262	196	32
262	197	32
262	198	32
262	199	32
262	200	32
262	201	32
262	202	32
262	203	32
262	204	32
262	205	32
262	206	32
262	207	32
262	208	32
262	209	32
262	210	32
262	211	32
262	212	32
262	213	32
262	214	32
262	215	32
262	216	32
262	217	32
262	218	32
262	219	32
262	220	32
262	221	32
262	222	32
262	223	32
262	224	32
262	225	32
262	226	32
262	227	32
262	228	32
262	229	32
262	230	32
262	231	32
262	232	32
262	233	32
262	234	32
262	235	32
262	236	32
262	237	32
262	238	32
262	239	32
262	240	32
262	241	32
262	242	32
262	243	32
262	244	32
262	245	32
262	246	32
262	247	32
262	248	32
262	249	32
262	250	32
262	251	32
262	252	32
262	253	32
262	254	32
262	255	32
262	256	32
262	257	32
262	258	32
262	259	32
262	260	32
262	261	32
262	262	32
262	263	32
262	264	32
262	265	32
262	266	32
262	267	32
262	268	32
262	269	32
262	270	32
262	271	32
262	272	32
262	273	32
262	274	32
262	275	32
262	276	32
262	277	32
262	278	32
262	279	32
262	280	32
262	281	32
262	282	32
262	283	32
262	284	32
262	285	32
262	286	32
262	287	32
262	288	32
262	289	32
262	290	32
262	291	32
262	292	32
262	293	32
262	294	32
262	295	32
262	296	32
262	297	32
262	298	32
262	299	32
262	300	32
262	301	32
262	302	32
262	303	32
262	304	32
262	305	32
262	306	32
262	307	32
262	308	32
262	309	32
262	310	32
262	311	32
262	312	32
262	313	32
262	314	32
262	315	32
262	316	32
262	317	32
262	318	32
262	319	32
262	320	32
262	321	32
262	322	32
262	323	32
262	324	32
262	325	32
262	326	32
262	327	32
262	328	32
262	329	32
262	330	32
262	331	32
262	332	32
262	333	32
262	334	32
262	335	32
262	336	32
262	337	32
262	338	32
262	339	32
262	340	32
262	341	32
262	342	32
262	343	32
262	344	32
262	345	32
262	346	32
262	347	32
262	348	32
262	349	32
262	350	32
262	351	32
262	352	32
262	353	32
262	354	32
262	355	32
262	356	32
262	357	32
262	358	32
262	359	32
262	360	32
262	361	32
262	362	32
262	363	32
262	364	32
262	365	32
262	366	32
262	367	32
262	368	32
262	369	32
262	370	32
262	371	32
262	372	32
262	373	32
262	374	32
262	375	32
262	376	32
262	377	32
262	378	32
262	379	32
262	380	32
262	381	32
262	382	32
262	383	32
262	384	32
262	385	32
262	386	32
262	387	32
262	388	32
262	389	32
262	390	32
262	391	32
262	392	32
262	393	32
262	394	32
262	395	32
262	396	32
262	397	32
262	398	32
262	399	32
262	400	32
262	401	32
262	402	32
262	403	32
262	404	32
262	405	32
262	406	32
262	407	32
262	408	32
262	409	32
262	410	32
262	411	32
262	412	32
262	413	32
262	414	32
262	415	32
262	416	32
262	417	32
262	418	32
262	419	32
262	420	32
262	421	32
262	422	32
262	423	32
262	424	32
262	425	32
262	426	32
262	427	32
262	428	32
262	429	32
262	430	32
262	431	32
262	432	32
262	433	32
262	434	32
262	435	32
262	436	32
262	437	32
262	438	32
262	439	32
262	440	32
262	441	32
262	442	32
262	443	32
262	444	32
262	445	32
262	446	32
262	447	32
262	448	32
262	449	32
262	450	32
262	451	32
262	452	32
262	453	32
262	454	32
262	455	32
262	456	32
262	457	32
262	458	32
262	459	32
262	460	32
262	461	32
262	462	32
262	463	32
262	464	32
262	465	32
262	466	32
262	467	32
262	468	32
262	469	32
262	470	32
262	471	32
262	472	32
262	473	32
262	474	32
262	475	32
262	476	32
262	477	32
262	478	32
262	479	32
262	480	32
262	481	32
262	482	32
262	483	32
262	484	32
262	485	32
262	486	32
262	487	32
262	488	32
262	489	32
262	490	32
262	491	32
262	492	32
262	493	32
262	494	32
262	495	32
262	496	32
262	497	32
262	498	32
262	499	32
262	500	32
262	501	32
262	502	32
262	503	32
262	504	32
262	505	32
262	506	32
262	507	32
262	508	32
262	509	32
262	510	32
262	511	32
262	512	32
262	513	32
262	514	32
262	515	32
262	516	32
262	517	32
262	518	32
262	519	32
262	520	32
262	521	32
262	522	32
262	523	32
262	524	32
262	525	32
262	526	32
262	527	32
262	528	32
262	529	32
262	530	32
262	531	32
262	532	32
262	533	32
262	534	32
262	535	32
262	536	32
262	537	32
262	538	32
262	539	32
262	540	32
262	541	32
262	542	32
262	543	32
262	544	32
262	545	32
262	546	32
262	547	32
262	548	32
262	549	32
262	550	32
262	551	32
262	552	32
262	553	32
262	554	32
262	555	32
262	556	32
262	557	32
262	558	32
262	559	32
262	560	32
262	561	32
262	562	32
262	563	32
262	564	32
262	565	32
262	566	32
262	567	32
262	568	32
262	569	32
262	570	32
262	571	32
262	572	32
262	573	32
262	574	32
262	575	32
262	576	32
262	577	32
262	578	32
262	579	32
262	580	32
262	581	32
262	582	32
262	583	32
262	584	32
262	585	32
262	586	32
262	587	32
262	588	32
262	589	32
262	590	32
262	591	32
262	592	32
262	593	32
262	594	32
262	595	32
262	596	32
262	597	32
262	598	32
262	599	32
262	600	32
262	601	32
262	602	32
262	603	32
262	604	32
262	605	32
262	606	32
262	607	32
262	608	32
262	609	32
262	610	32
262	611	32
262	612	32
262	613	32
262	614	32
262	615	32
262	616	32
262	617	32
262	618	32
262	619	32
262	620	32
262	621	32
262	622	32
262	623	32
262	624	32
262	625	32
262	626	32
262	627	32
262	628	32
262	629	32
262	630	32
262	631	32
262	632	32
262	633	32
262	634	32
262	635	32
262	636	32
262	637	32
262	638	32
262	639	32
262	640	32
262	641	32
262	642	32
262	643	32
262	644	32
262	645	32
262	646	32
262	647	32
262	648	32
262	649	32
262	650	32
262	651	32
262	652	32
262	653	32
262	654	32
262	655	32
262	656	32
262	657	32
262	658	32
262	659	32
262	660	32
262	661	32
262	662	32
262	663	32
262	664	32
262	665	32
262	666	32
262	667	32
262	668	32
262	669	32
262	670	32
262	671	32
262	672	32
262	673	32
262	674	32
262	675	32
262	676	32
262	677	32
262	678	32
262	679	32
262	680	32
262	681	32
262	682	32
262	683	32
262	684	32
262	685	32
262	686	32
262	687	32
262	688	32
262	689	32
262	690	32
262	691	32
262	692	32
262	693	32
262	694	32
262	695	32
262	696	32
262	697	32
262	698	32
262	699	32
262	700	32
262	701	32
262	702	32
262	703	32
262	704	32
262	705	32
262	706	32
262	707	32
262	708	32
262	709	32
262	710	32
262	711	32
262	712	32
262	713	32
262	714	32
262	715	32
262	716	32
262	717	32
262	718	32
262	719	32
262	720	32
262	721	32
262	722	32
262	723	32
262	724	32
262	725	32
262	726	32
262	727	32
262	728	32
262	729	32
262	730	32
262	731	32
262	732	32
262	733	32
262	734	32
262	735	32
262	736	32
262	737	32
262	738	32
262	739	32
262	740	32
262	741	32
262	742	32
262	743	32
262	744	32
262	745	32
262	746	32
262	747	32
262	748	32
262	749	32
262	750	32
262	751	32
262	752	32
262	753	32
262	754	32
262	755	32
262	756	32
262	757	32
262	758	28
262	759	32
262	760	32
262	761	32
262	762	32
262	763	32
262	764	34
262	765	28
262	766	28
262	767	28
262	768	28
262	769	28
262	770	28
262	771	28
262	772	28
262	773	28
262	774	28
262	775	28
262	776	28
262	777	28
262	778	28
262	779	28
262	780	28
262	781	28
262	782	28
262	783	28
262	784	28
262	785	28
262	786	28
262	787	28
262	788	28
262	789	28
262	790	28
262	791	28
262	792	28
262	793	28
262	794	28
262	795	28
262	796	28
262	797	28
262	798	28
262	799	28
262	800	28
262	801	28
262	802	28
262	803	28
262	804	28
262	805	28
262	806	28
262	807	28
262	808	28
262	809	28
262	810	28
262	811	28
262	812	28
262	813	28
262	814	28
262	815	28
262	816	28
262	817	28
262	818	28
262	819	28
262	820	28
262	821	28
262	822	28
262	823	28
262	824	28
262	825	28
262	826	28
262	827	28
262	828	28
262	829	28
262	830	28
262	831	28
262	832	28
262	833	28
262	834	28
262	835	28
262	836	28
262	837	28
262	838	28
262	839	28
262	840	28
262	841	28
262	842	28
262	843	28
262	844	28
262	845	28
262	846	28
262	847	28
262	848	28
262	849	28
262	850	28
262	851	28
262	852	28
262	853	28
262	854	28
262	855	28
262	856	28
262	857	28
262	858	28
262	859	28
262	860	28
262	861	28
262	862	28
262	863	28
262	864	28
262	865	28
262	866	28
262	867	28
262	868	28
262	869	28
262	870	28
262	871	28
262	872	28
262	873	28
262	874	32
262	875	32
262	876	32
262	877	32
262	878	32
262	879	32
262	880	32
262	881	34
262	882	32
262	883	32
262	884	32
262	885	32
262	886	32
262	887	32
262	888	32
262	889	32
262	890	32
262	891	32
262	892	32
262	893	32
262	894	32
262	895	32
262	896	32
262	897	32
262	898	32
262	899	32
262	900	32
262	901	32
262	902	32
262	903	32
262	904	32
262	905	32
262	906	32
262	907	32
262	908	32
262	909	32
262	910	32
262	911	32
262	912	34
262	913	32
262	914	32
262	915	32
262	916	32
262	917	32
262	918	32
262	919	32
262	920	32
262	921	32
262	922	32
262	923	32
262	924	32
262	925	32
262	926	32
262	927	32
262	928	32
262	929	32
262	930	32
262	931	32
262	932	32
262	933	32
262	934	32
262	935	34
262	936	32
262	937	32
262	938	34
262	939	32
262	940	32
262	941	32
262	942	32
262	943	32
262	944	32
262	945	32
262	946	32
262	947	32
262	948	32
262	949	32
262	950	32
262	951	34
262	952	32
262	953	32
262	954	32
262	955	32
262	956	32
262	957	32
262	958	32
262	959	32
262	960	34
262	961	32
262	962	32
262	963	32
262	964	32
262	965	32
262	966	32
262	967	32
262	968	32
262	969	32
262	970	34
262	971	32
262	972	32
262	973	32
262	974	32
262	975	32
262	976	32
262	977	32
262	978	32
262	979	32
262	980	32
262	981	32
262	982	32
262	983	32
262	984	32
262	985	32
262	986	32
262	987	32
262	988	32
262	989	32
262	990	32
262	991	32
262	992	32
262	993	32
262	994	32
262	995	32
262	996	32
262	997	32
262	998	34
262	999	32
262	1000	32
262	1001	32
262	1002	32
262	1003	32
262	1004	32
262	1005	32
262	1006	32
262	1007	32
262	1008	32
262	1009	32
262	1010	32
262	1011	32
262	1012	32
262	1013	34
262	1014	32
262	1015	32
262	1016	32
262	1017	32
262	1018	32
262	1019	32
262	1020	32
262	1021	32
262	1022	32
262	1023	32
262	1024	32
262	1025	32
262	1026	32
262	1027	32
262	1028	32
262	1029	32
262	1030	32
262	1031	32
262	1032	32
262	1033	32
262	1034	32
262	1035	32
262	1036	32
262	1037	32
262	1038	32
262	1039	32
262	1040	32
262	1041	34
262	1042	32
262	1043	32
262	1044	36
262	1045	32
262	1046	32
262	1047	32
262	1048	32
262	1049	32
262	1050	32
262	1051	32
262	1052	32
262	1053	32
262	1054	32
262	1055	34
262	1056	32
262	1057	32
262	1058	32
262	1059	32
262	1060	32
262	1061	32
262	1062	32
262	1063	32
262	1064	32
262	1065	32
262	1066	32
262	1067	32
262	1068	32
262	1069	32
262	1070	32
262	1071	32
262	1072	32
262	1073	32
262	1074	32
262	1075	34
262	1076	32
262	1077	32
262	1078	32
262	1079	32
262	1080	32
262	1081	32
262	1082	32
262	1083	32
262	1084	32
262	1085	32
262	1086	32
262	1087	32
262	1088	32
262	1089	32
262	1090	32
262	1091	32
262	1092	32
262	1093	32
262	1094	32
262	1095	32
262	1096	32
262	1097	32
262	1098	32
262	1099	32
262	1100	32
262	1101	32
262	1102	32
262	1103	32
262	1104	32
262	1105	34
262	1106	32
262	1107	32
262	1108	32
262	1109	28
262	1110	28
262	1111	28
262	1112	28
262	1113	32
262	1114	32
262	1115	32
262	1116	32
262	1117	32
262	1118	32
262	1119	32
262	1120	32
262	1121	32
262	1122	32
262	1123	32
262	1124	32
262	1125	32
262	1126	32
262	1127	32
262	1128	32
262	1129	32
262	1130	32
262	1131	32
262	1132	32
262	1133	32
262	1134	32
262	1135	32
262	1136	32
262	1137	28
262	1138	32
262	1139	32
262	1140	28
262	1141	32
262	1142	32
262	1143	32
262	1144	32
262	1145	28
262	1146	32
262	1147	32
262	1148	32
262	1149	32
262	1150	32
262	1151	32
262	1152	32
262	1153	32
262	1154	32
262	1155	32
262	1156	32
262	1157	30
262	1158	32
262	1159	32
262	1160	32
262	1161	32
262	1162	28
262	1163	32
262	1164	30
262	1165	32
262	1166	32
262	1167	32
262	1168	32
262	1169	30
262	1170	32
262	1171	32
262	1172	32
262	1173	32
262	1174	32
262	1175	32
262	1176	32
262	1177	32
262	1178	32
262	1179	32
262	1180	32
262	1181	32
262	1182	32
262	1183	32
262	1184	32
262	1185	34
262	1186	34
262	1187	32
262	1188	32
262	1189	32
262	1190	32
262	1191	32
262	1192	32
262	1193	32
262	1194	32
262	1195	32
262	1196	36
262	1197	32
262	1198	32
262	1199	32
262	1200	32
262	1201	32
262	1202	32
262	1203	32
262	1204	32
262	1205	32
262	1206	32
262	1207	32
262	1208	32
262	1209	28
262	1210	32
262	1211	32
262	1212	32
262	1213	32
262	1214	32
262	1215	30
262	1216	32
262	1217	32
262	1218	32
262	1219	32
262	1220	32
262	1221	32
262	1222	32
262	1223	32
262	1224	32
262	1225	32
262	1226	32
262	1227	32
262	1228	32
262	1229	32
262	1230	36
262	1231	28
262	1232	32
262	1233	32
262	1234	32
262	1235	32
262	1236	32
262	1237	32
262	1238	32
262	1239	34
262	1240	28
262	1241	32
262	1242	32
262	1243	32
262	1244	32
262	1245	32
262	1246	32
262	1247	32
262	1248	32
262	1249	32
262	1250	32
262	1251	32
262	1252	32
262	1253	32
262	1254	32
262	1255	32
262	1256	32
262	1257	32
262	1258	32
262	1259	32
262	1260	32
262	1261	28
262	1262	32
262	1263	32
262	1264	32
262	1265	32
262	1266	28
262	1267	32
262	1268	32
262	1269	32
262	1270	32
262	1271	28
262	1272	28
262	1273	32
262	1274	32
262	1275	32
262	1276	32
262	1277	32
262	1278	32
262	1279	32
262	1280	32
262	1281	28
262	1282	32
262	1283	32
262	1284	32
262	1285	32
262	1286	28
262	1287	32
262	1288	32
262	1289	32
262	1290	32
262	1291	32
262	1292	32
262	1293	32
262	1294	34
262	1295	34
262	1296	28
262	1297	32
262	1298	32
262	1299	32
262	1300	32
262	1301	32
262	1302	32
262	1303	32
262	1304	32
262	1305	32
262	1306	32
262	1307	32
262	1308	32
262	1309	32
262	1310	32
262	1311	32
262	1312	36
262	1313	28
262	1314	32
262	1315	32
262	1316	28
262	1317	32
262	1318	32
262	1319	32
262	1320	32
262	1321	32
262	1322	32
262	1323	32
262	1324	32
262	1325	32
262	1326	36
262	1327	32
262	1328	32
262	1329	28
262	1330	32
262	1331	36
262	1332	32
262	1333	32
262	1334	32
262	1335	32
262	1336	32
262	1337	32
262	1338	32
262	1339	32
262	1340	32
262	1341	32
262	1342	32
262	1343	32
262	1344	36
262	1345	32
262	1346	32
262	1347	32
262	1348	32
262	1349	28
262	1350	32
262	1351	32
262	1352	32
262	1353	32
262	1354	32
262	1355	32
262	1356	32
262	1357	32
262	1358	32
262	1359	32
262	1360	32
262	1361	32
262	1362	32
262	1363	32
262	1364	32
262	1365	32
262	1366	28
262	1367	32
262	1368	32
262	1369	32
262	1370	32
262	1371	32
262	1372	32
262	1373	32
262	1374	32
262	1375	32
262	1376	32
262	1377	32
262	1378	32
262	1379	32
262	1380	32
262	1381	32
262	1382	32
262	1383	32
262	1384	32
262	1385	32
262	1386	32
262	1387	32
262	1388	32
262	1389	28
262	1390	32
262	1391	32
262	1392	32
262	1393	30
262	1394	32
262	1395	32
262	1396	32
262	1397	32
262	1398	32
262	1399	32
262	1400	32
262	1401	32
262	1402	32
262	1403	28
262	1404	28
262	1405	30
262	1406	32
262	1407	32
262	1408	32
262	1409	32
262	1410	32
262	1411	32
262	1412	28
262	1413	32
262	1414	32
262	1415	32
262	1416	32
262	1417	32
262	1418	32
262	1419	32
262	1420	32
263	0	36
263	1	36
263	2	36
263	3	36
263	4	36
263	5	36
263	6	36
263	7	36
263	8	36
263	9	36
263	10	36
263	11	36
263	12	36
263	13	36
263	14	36
263	15	36
263	16	38
263	17	42
263	18	36
263	19	36
263	20	36
263	21	36
263	22	36
263	23	36
263	24	36
263	25	36
263	26	36
263	27	36
263	28	36
263	29	36
263	30	36
263	31	36
263	32	36
263	33	36
263	34	36
263	35	36
263	36	36
263	37	40
263	38	36
263	39	36
263	40	36
263	41	36
263	42	36
263	43	36
263	44	36
263	45	36
263	46	36
263	47	36
263	48	36
263	49	38
263	50	36
263	51	36
263	52	42
263	53	36
263	54	36
263	55	38
263	56	36
263	57	36
263	58	36
263	59	36
263	60	36
263	61	36
263	62	36
263	63	38
263	64	36
263	65	36
263	66	40
263	67	44
263	68	36
263	69	36
263	70	36
263	71	36
263	72	36
263	73	36
263	74	36
263	75	36
263	76	36
263	77	36
263	78	36
263	79	48
263	80	36
263	81	36
263	82	36
263	83	36
263	84	36
263	85	36
263	86	36
263	87	40
263	88	36
263	89	36
263	90	36
263	91	36
263	92	36
263	93	42
263	94	36
263	95	36
263	96	40
263	97	36
263	98	36
263	99	36
263	100	36
263	101	36
263	102	36
263	103	36
263	104	36
263	105	36
263	106	36
263	107	36
263	108	36
263	109	36
263	110	36
263	111	36
263	112	38
263	113	36
263	114	36
263	115	36
263	116	36
263	117	36
263	118	38
263	119	36
263	120	36
263	121	36
263	122	38
263	123	36
263	124	36
263	125	36
263	126	36
263	127	36
263	128	36
263	129	36
263	130	36
263	131	36
263	132	36
263	133	36
263	134	36
263	135	36
263	136	36
263	137	36
263	138	36
263	139	36
263	140	36
263	141	36
263	142	36
263	143	36
263	144	36
263	145	36
263	146	36
263	147	36
263	148	36
263	149	36
263	150	36
263	151	38
263	152	36
263	153	36
263	154	36
263	155	36
263	156	36
263	157	36
263	158	36
263	159	36
263	160	36
263	161	36
263	162	36
263	163	36
263	164	36
263	165	36
263	166	36
263	167	36
263	168	36
263	169	36
263	170	36
263	171	36
263	172	36
263	173	36
263	174	36
263	175	36
263	176	36
263	177	36
263	178	36
263	179	36
263	180	40
263	181	36
263	182	36
263	183	36
263	184	36
263	185	36
263	186	36
263	187	36
263	188	36
263	189	36
263	190	36
263	191	36
263	192	36
263	193	36
263	194	36
263	195	36
263	196	36
263	197	36
263	198	36
263	199	36
263	200	36
263	201	36
263	202	36
263	203	38
263	204	36
263	205	36
263	206	36
263	207	36
263	208	36
263	209	36
263	210	36
263	211	36
263	212	36
263	213	36
263	214	36
263	215	36
263	216	36
263	217	36
263	218	36
263	219	36
263	220	36
263	221	36
263	222	36
263	223	36
263	224	36
263	225	36
263	226	36
263	227	36
263	228	36
263	229	36
263	230	36
263	231	36
263	232	36
263	233	36
263	234	36
263	235	36
263	236	36
263	237	36
263	238	36
263	239	36
263	240	36
263	241	36
263	242	36
263	243	36
263	244	36
263	245	36
263	246	36
264	0	45
264	1	45
264	2	45
264	3	45
264	4	45
264	5	45
264	6	45
264	7	45
264	8	45
264	9	45
264	10	45
264	11	45
264	12	45
264	13	45
264	14	48
264	15	45
264	16	45
264	17	45
264	18	48
264	19	45
264	20	45
264	21	45
264	22	45
264	23	45
264	24	45
264	25	45
264	26	45
264	27	45
264	28	45
264	29	45
264	30	45
264	31	45
264	32	45
264	33	48
264	34	45
264	35	45
264	36	45
264	37	45
264	38	45
264	39	45
264	40	45
264	41	45
264	42	45
264	43	61
264	44	45
264	45	51
264	46	45
264	47	45
264	48	45
264	49	45
264	50	45
264	51	45
264	52	45
264	53	45
264	54	45
264	55	45
264	56	45
264	57	45
264	58	45
264	59	45
264	60	45
264	61	45
264	62	45
264	63	45
264	64	45
264	65	54
264	66	45
264	67	55
264	68	45
264	69	45
264	70	45
264	71	45
264	72	45
264	73	45
264	74	45
264	75	45
264	76	45
264	77	45
264	78	45
264	79	45
264	80	45
264	81	45
264	82	45
264	83	45
264	84	46
264	85	45
264	86	48
264	87	45
264	88	48
264	89	45
264	90	53
264	91	45
264	92	51
264	93	45
264	94	45
264	95	45
264	96	45
264	97	45
264	98	48
264	99	45
264	100	45
264	101	45
264	102	45
264	103	45
264	104	45
264	105	45
264	106	45
264	107	45
264	108	45
264	109	45
264	110	45
264	111	45
264	112	45
264	113	45
264	114	45
264	115	45
264	116	45
264	117	45
264	118	45
264	119	45
264	120	45
264	121	45
264	122	45
264	123	45
264	124	45
264	125	45
264	126	45
264	127	45
264	128	45
264	129	45
264	130	45
264	131	45
264	132	45
264	133	45
264	134	45
264	135	45
264	136	45
264	137	45
264	138	45
264	139	45
264	140	45
264	141	45
264	142	45
264	143	45
264	144	45
264	145	45
264	146	45
264	147	45
264	148	45
264	149	45
264	150	45
264	151	45
264	152	45
264	153	45
264	154	45
264	155	45
264	156	45
264	157	45
264	158	46
264	159	54
264	160	68
264	161	45
264	162	48
264	163	60
264	164	45
264	165	45
264	166	50
264	167	53
264	168	45
264	169	45
264	170	45
264	171	45
264	172	45
264	173	45
264	174	45
264	175	45
264	176	45
264	177	45
264	178	53
264	179	45
264	180	51
264	181	45
264	182	45
264	183	45
264	184	53
264	185	45
264	186	45
264	187	45
264	188	45
264	189	45
264	190	45
264	191	45
264	192	45
264	193	45
264	194	45
264	195	45
264	196	45
264	197	45
264	198	45
264	199	45
264	200	45
264	201	45
264	202	45
264	203	45
264	204	45
264	205	45
264	206	45
264	207	45
264	208	45
264	209	45
264	210	59
264	211	57
264	212	63
264	213	45
264	214	45
264	215	45
264	216	45
264	217	45
264	218	45
264	219	55
264	220	45
264	221	45
264	222	45
264	223	45
264	224	45
264	225	52
264	226	66
264	227	45
264	228	45
264	229	45
264	230	52
264	231	45
264	232	45
264	233	30
264	234	45
264	235	54
264	236	45
264	237	45
264	238	45
264	239	45
264	240	28
264	241	32
264	242	45
264	243	45
264	244	45
264	245	45
264	246	45
264	247	45
264	248	45
264	249	45
264	250	38
264	251	45
264	252	45
264	253	45
264	254	45
264	255	45
264	256	45
264	257	45
264	258	45
264	259	45
264	260	45
264	261	45
264	262	45
264	263	45
264	264	45
264	265	45
264	266	45
264	267	45
264	268	45
264	269	45
264	270	45
264	271	45
264	272	45
264	273	45
264	274	45
264	275	45
264	276	45
264	277	45
264	278	45
264	279	45
264	280	45
264	281	45
264	282	50
264	283	45
264	284	45
264	285	45
264	286	45
264	287	45
264	288	45
264	289	45
264	290	45
264	291	45
264	292	45
264	293	45
264	294	46
264	295	45
264	296	54
264	297	45
264	298	45
264	299	45
264	300	45
264	301	45
264	302	45
264	303	46
264	304	45
264	305	45
264	306	45
264	307	45
264	308	45
264	309	45
264	310	45
264	311	45
264	312	45
264	313	45
264	314	45
264	315	45
264	316	45
264	317	45
264	318	45
264	319	45
264	320	45
264	321	45
264	322	45
264	323	45
264	324	45
264	325	45
264	326	45
264	327	45
264	328	60
264	329	66
264	330	45
264	331	45
264	332	45
264	333	45
264	334	45
264	335	45
264	336	45
264	337	45
264	338	45
264	339	45
264	340	45
264	341	45
264	342	45
264	343	45
264	344	45
264	345	45
264	346	45
264	347	45
264	348	45
264	349	45
264	350	45
264	351	45
264	352	45
264	353	45
264	354	45
264	355	45
264	356	45
264	357	45
264	358	45
264	359	45
264	360	54
264	361	45
264	362	45
264	363	45
264	364	45
264	365	45
264	366	45
264	367	45
264	368	45
264	369	45
264	370	45
264	371	45
264	372	45
264	373	45
264	374	45
264	375	45
264	376	45
264	377	45
264	378	45
264	379	46
264	380	45
264	381	45
264	382	46
264	383	45
264	384	50
264	385	45
264	386	45
264	387	45
264	388	45
264	389	45
264	390	45
264	391	45
264	392	45
264	393	45
264	394	45
264	395	45
264	396	45
264	397	45
264	398	45
264	399	45
264	400	45
264	401	45
264	402	45
264	403	45
264	404	45
264	405	45
264	406	45
264	407	45
264	408	45
264	409	45
264	410	45
264	411	45
264	412	45
264	413	45
264	414	45
264	415	45
264	416	45
264	417	45
264	418	45
265	0	28
265	1	32
265	2	28
265	3	28
265	4	28
265	5	32
265	6	28
265	7	34
265	8	28
265	9	28
265	10	32
265	11	28
265	12	28
265	13	28
265	14	28
265	15	28
265	16	36
265	17	28
265	18	28
265	19	28
265	20	34
265	21	28
265	22	32
265	23	28
265	24	40
265	25	28
265	26	36
265	27	28
265	28	32
265	29	28
265	30	28
265	31	28
265	32	28
265	33	28
265	34	28
265	35	28
265	36	28
265	37	28
265	38	32
265	39	28
265	40	28
265	41	28
265	42	40
265	43	36
265	44	36
265	45	36
265	46	28
265	47	28
265	48	28
265	49	28
265	50	28
265	51	28
265	52	32
265	53	28
265	54	32
265	55	28
265	56	28
265	57	32
265	58	28
265	59	32
265	60	28
265	61	28
265	62	28
265	63	28
265	64	34
265	65	28
265	66	28
265	67	28
265	68	28
265	69	28
265	70	28
265	71	28
265	72	28
265	73	28
265	74	32
265	75	28
265	76	28
265	77	32
265	78	28
265	79	34
265	80	38
265	81	34
265	82	36
265	83	28
265	84	36
265	85	28
265	86	36
265	87	28
265	88	32
265	89	34
265	90	28
265	91	28
265	92	28
265	93	28
265	94	28
265	95	28
265	96	34
265	97	28
265	98	28
265	99	32
265	100	40
265	101	28
265	102	28
265	103	32
265	104	28
265	105	28
265	106	32
265	107	28
265	108	28
265	109	28
265	110	28
265	111	28
265	112	28
265	113	36
265	114	36
265	115	36
265	116	34
265	117	28
265	118	28
265	119	28
265	120	28
265	121	28
265	122	28
265	123	28
265	124	28
265	125	28
265	126	28
265	127	34
265	130	28
265	131	28
265	132	28
265	133	28
265	134	32
265	135	30
265	136	40
265	137	38
265	138	40
265	139	28
265	140	28
265	141	28
265	142	28
265	143	28
265	144	28
265	145	32
265	146	28
265	147	28
265	148	28
265	149	28
265	150	28
265	151	28
265	152	28
265	153	28
265	154	40
265	155	28
265	156	36
265	157	28
265	158	28
265	159	36
265	160	28
265	161	28
265	162	28
265	163	28
265	164	28
265	165	28
265	166	28
265	167	28
265	168	32
265	169	36
265	170	36
265	171	40
265	172	38
265	173	28
265	174	28
265	175	28
265	176	28
265	177	36
265	178	28
265	179	28
265	180	28
265	181	32
265	182	32
265	183	28
265	184	28
265	185	28
265	186	28
265	187	28
265	188	28
265	189	36
265	190	32
265	191	36
265	192	28
265	193	28
265	194	28
265	195	28
265	196	28
265	197	34
265	198	28
265	199	28
265	200	28
265	201	36
265	202	28
265	203	28
265	204	28
265	205	32
265	206	28
265	207	28
265	208	28
265	209	32
265	210	28
265	211	34
265	212	28
265	213	32
265	214	34
265	215	28
265	216	28
265	217	28
265	218	28
265	219	40
265	220	28
265	221	28
265	222	28
265	223	28
265	224	28
265	225	28
265	226	28
265	227	28
265	228	28
265	229	28
265	230	28
265	231	28
265	232	32
265	233	28
265	234	28
265	235	28
265	236	28
265	237	28
265	238	28
265	239	28
265	240	36
265	241	28
265	242	28
265	243	28
265	244	28
265	245	28
266	0	40
266	1	38
266	2	40
266	3	40
267	0	36
267	1	28
267	2	28
267	3	28
267	4	36
267	5	28
267	6	28
267	7	28
267	8	28
267	9	40
267	10	28
267	11	28
267	12	28
267	13	28
267	14	28
267	15	28
267	16	28
267	17	28
267	18	28
267	19	28
267	20	32
267	21	36
267	22	28
267	23	28
267	24	28
267	25	28
267	26	32
267	27	40
267	28	38
267	29	38
267	30	40
267	31	28
267	32	28
267	33	28
267	34	28
267	35	28
267	36	28
267	37	30
267	38	28
267	39	34
267	40	38
267	41	28
267	42	28
267	43	32
267	44	36
267	45	28
267	46	28
267	47	32
267	48	28
267	49	32
267	50	28
267	51	32
267	52	38
267	53	38
267	54	40
267	55	34
267	56	28
267	57	28
267	58	28
267	59	28
267	60	28
267	61	28
267	62	32
267	63	28
267	64	28
267	65	28
267	66	32
267	67	28
267	68	28
267	69	28
267	70	28
267	71	28
267	72	32
267	73	28
267	74	28
267	75	28
267	76	28
267	77	28
267	78	28
267	79	28
267	80	28
267	81	34
267	82	28
267	83	28
267	84	28
267	85	32
267	86	40
267	87	36
267	88	40
267	89	28
267	90	34
267	91	28
267	92	34
267	93	28
267	94	28
267	95	28
267	96	28
267	97	32
267	98	28
267	99	40
267	100	28
267	101	34
267	102	38
267	103	36
267	104	38
267	105	40
267	106	28
267	107	28
267	108	28
267	109	32
267	110	28
267	111	28
267	112	28
267	113	28
267	114	28
267	115	28
267	116	36
267	117	28
267	118	28
267	119	34
267	120	28
267	121	36
267	122	28
267	123	28
267	124	28
267	125	28
267	126	28
267	127	28
267	128	28
267	129	28
267	130	28
267	131	32
267	132	32
267	133	28
267	134	28
267	135	38
267	136	36
267	137	40
267	138	32
267	139	28
267	142	28
267	143	28
267	144	28
267	145	28
267	146	34
267	147	28
267	148	28
267	149	28
267	150	28
267	151	28
267	152	28
267	153	28
267	154	34
267	155	40
267	156	28
267	159	28
267	160	28
267	161	28
267	162	28
267	163	28
267	164	28
267	165	28
267	166	28
267	167	34
267	168	28
267	169	28
267	170	40
267	171	28
267	172	28
267	173	28
267	174	28
267	175	28
267	176	28
267	177	36
267	178	36
267	179	36
267	180	36
267	181	28
267	182	28
267	183	28
267	184	32
267	185	28
267	186	28
267	187	34
267	188	28
267	189	32
267	190	28
267	191	36
267	192	36
267	193	28
267	194	28
267	195	28
268	0	32
268	1	28
268	2	28
268	3	28
268	4	28
268	5	34
268	6	28
268	7	28
268	8	40
268	9	28
268	10	34
268	11	28
268	12	28
268	13	28
268	14	36
268	15	28
268	16	28
268	17	28
268	18	28
268	19	28
268	20	28
268	21	28
268	22	28
268	23	28
268	24	28
268	25	28
268	26	28
268	27	28
268	28	28
268	29	28
268	30	38
268	31	28
268	32	36
268	33	40
268	34	28
268	35	28
268	36	28
268	37	28
268	38	34
268	39	28
268	40	28
268	41	28
268	42	28
268	43	34
268	44	32
268	45	28
268	46	36
268	47	28
268	48	28
268	49	32
268	50	28
268	51	28
268	52	34
268	53	28
268	54	28
268	55	28
268	56	32
268	57	28
268	58	28
268	59	28
268	60	34
268	61	28
268	62	32
268	63	32
268	64	38
268	65	28
268	66	28
268	67	28
268	68	32
268	69	28
268	70	28
268	71	38
268	72	34
268	73	36
268	74	36
268	75	28
268	76	28
268	77	28
268	78	28
268	79	28
268	80	34
268	81	28
268	82	28
268	83	28
268	84	28
268	85	28
268	86	36
268	87	38
268	88	28
268	89	28
268	90	32
268	91	28
268	92	28
268	93	36
268	94	28
268	95	32
268	96	34
268	97	38
268	98	34
268	99	28
268	100	28
268	101	28
268	102	28
268	103	28
268	104	34
268	105	28
268	106	28
268	107	38
268	108	28
268	109	40
268	110	28
268	111	28
268	112	28
268	113	28
268	114	28
268	115	34
268	116	40
268	117	36
268	118	28
268	119	34
268	120	28
268	121	28
268	122	28
268	123	34
268	124	28
268	125	28
268	126	28
268	127	34
268	128	28
268	129	28
268	130	28
268	131	34
268	132	28
268	133	28
268	134	28
268	135	34
268	136	28
268	137	28
268	138	28
268	139	38
268	140	28
268	141	28
268	142	28
268	143	32
268	144	40
268	145	38
268	146	28
268	147	28
268	148	28
268	149	28
268	150	28
268	151	28
268	152	28
268	153	28
268	154	28
268	155	28
268	156	32
268	157	28
268	158	36
268	159	28
268	160	36
268	161	32
268	162	36
268	163	28
268	164	28
268	165	28
268	166	28
268	167	28
268	168	28
268	169	28
268	170	28
268	171	28
268	172	28
268	173	40
268	174	28
268	175	28
268	176	28
268	177	38
268	178	32
268	179	28
268	180	38
268	181	28
268	182	30
268	183	40
268	184	28
268	185	34
268	186	38
268	187	30
268	188	28
268	189	28
268	190	28
268	191	28
268	192	28
268	193	28
268	194	36
268	195	28
268	196	28
268	197	28
268	198	28
268	199	28
268	200	28
268	201	28
268	202	34
268	203	28
268	204	34
268	205	28
268	206	28
268	207	28
268	208	28
268	209	32
268	210	28
268	211	28
269	0	38
269	1	38
269	2	38
269	3	38
269	4	38
269	5	38
269	6	38
269	7	38
269	8	38
269	9	38
269	10	38
269	11	38
269	12	38
269	13	38
269	14	38
269	15	38
269	16	38
269	17	38
269	18	38
269	19	38
269	20	38
269	21	38
269	22	38
269	23	38
269	24	38
269	25	38
269	26	38
269	27	38
269	28	38
269	29	38
269	30	38
269	31	38
269	32	38
269	33	38
269	34	42
269	35	38
269	36	38
269	37	38
270	0	28
270	1	28
270	2	28
270	3	28
270	4	36
270	5	36
270	6	36
270	7	36
270	8	36
270	9	36
270	10	36
270	11	36
270	12	36
270	13	36
270	14	36
270	15	36
270	16	36
270	17	36
270	18	36
270	19	36
270	20	36
270	21	36
270	22	36
270	23	36
270	24	36
270	25	36
270	26	36
270	27	36
270	28	36
270	29	36
270	30	36
270	31	36
270	32	36
270	33	36
270	34	36
270	35	36
270	36	36
270	37	36
270	38	36
270	39	36
270	40	36
270	41	36
270	42	36
270	43	36
270	44	36
270	45	36
270	46	36
270	47	36
270	48	36
270	49	36
270	50	36
270	51	36
270	52	36
270	53	36
270	54	36
270	55	36
270	56	36
270	57	36
270	58	36
270	59	36
270	60	36
270	61	36
270	62	36
270	63	36
270	64	36
270	65	36
270	66	36
270	67	36
271	0	38
271	1	38
271	2	40
271	3	40
271	4	38
271	5	40
271	6	40
271	7	40
271	8	40
271	9	32
271	10	40
272	0	38
272	1	28
272	2	28
272	3	28
272	4	28
272	5	32
272	6	28
272	7	28
272	8	28
272	9	28
272	10	32
272	11	28
272	12	28
272	13	28
272	14	28
272	15	32
272	16	38
272	17	34
272	18	38
272	19	28
272	20	28
272	21	28
272	22	28
272	23	28
272	24	28
272	25	28
272	26	28
272	27	28
272	28	40
272	29	34
272	30	36
272	31	28
272	32	28
272	33	28
272	34	28
272	35	28
272	36	28
272	37	38
272	38	28
272	39	38
272	40	28
272	41	28
272	42	28
272	43	28
272	44	28
272	45	28
272	46	28
272	47	28
272	48	28
272	49	34
272	50	32
272	51	32
272	52	32
272	53	32
272	54	32
272	55	32
272	56	32
272	57	32
272	58	32
272	59	36
272	60	28
272	61	28
273	0	32
273	1	24
274	0	28
275	0	24
275	1	24
275	2	24
275	3	24
275	4	28
275	5	24
275	6	24
275	7	24
276	0	34
277	0	34
278	0	36
279	0	32
280	0	30
281	0	34
282	0	34
283	0	32
284	0	30
285	0	30
286	0	34
287	0	32
288	0	32
289	0	32
290	0	32
291	0	32
292	0	32
293	0	32
294	0	32
295	0	34
296	0	34
297	0	34
298	0	34
299	0	34
300	0	26
301	0	40
302	0	40
303	0	28
304	0	30
305	0	30
305	1	23
305	2	23
305	3	24
305	4	28
305	5	28
305	6	28
306	0	30
