offset	jp	ko
0x472070	数を入力してください	수를 입력해 주십시오
0x4E0820	攻撃	공격
0x4E0828	守備	수비
0x4EE778	囮劔劔ｹ?囮劔劔ｹ?	
0x4EFD28	番号	번호
0x4EFD30	州	주
0x4EFD38	ﾙﾋﾞ	읽기
0x4EFD40	都市	도시
0x4EFD48	象兵	상병
0x4EFD50	山騎	산기
0x4EFD58	楼船	누선
0x4EFD60	台風	태풍
0x4EFD68	大雪	대설
0x4EFD70	金	금
0x4EFD78	兵糧	병량
0x4EFD80	兵士	병사
0x4EFD88	武将	무장
0x4EFD90	放浪軍	방랑군
0x4EFD98	ﾃﾞｰﾀ	데이터
0x4EFDE0	、	,
0x4EFFE0	番号	번호
0x4EFFE8	都市	도시
0x4EFFF0	ﾙﾋﾞ	읽기
0x4EFFF8	勢力	세력
0x4F0000	軍団	군단
0x4F0008	規模	규모
0x4F0010	特徴	특징
0x4F0018	都督	도독
0x4F0020	太守	태수
0x4F0028	軍師	군사
0x4F0030	身分	신분
0x4F0038	武将	무장
0x4F0040	在野	재야
0x4F0048	放浪軍	방랑군
0x4F0050	賊	적
0x4F0058	洪水	홍수
0x4F0060	台風	태풍
0x4F0068	豊作	풍작
0x4F0070	大雪	대설
0x4F0078	いなご	메뚜기
0x4F0080	疫病	역병
0x4F0088	常駐商人	상주상인
0x4F0098	州	주
0x4F00A0	隣接都市	인접도시
0x4F00B0	隣接種類	인접종류
0x4F00C0	前線	전선
0x4F00C8	攻略	공략
0x4F00D0	諜報残月	첩보잔월
0x4F00E0	農村	농촌
0x4F00E8	市場	시장
0x4F00F0	屯所	둔소
0x4F00F8	工房	공방
0x4F0100	城門	성문
0x4F0108	兵舎	병영
0x4F0110	金	금
0x4F0118	兵糧	병량
0x4F0120	金収支	금수지
0x4F0128	兵糧収支	병량수지
0x4F0138	金収入	금수입
0x4F0140	兵糧収入	병량수입
0x4F0150	金支出	금지출
0x4F0158	兵糧支出	병량지출
0x4F0168	人口	인구
0x4F0170	兵士	병사
0x4F0178	開発	개발
0x4F0180	開発上限	개발상한
0x4F0190	開発／開発上限	개발/개발상한
0x4F01A0	商業	상업
0x4F01A8	商業上限	상업상한
0x4F01B8	商業／商業上限	상업/상업상한
0x4F01C8	防御	방어
0x4F01D0	防御上限	방어상한
0x4F01E0	防御／防御上限	방어/방어상한
0x4F01F0	技術	기술
0x4F01F8	技術上限	기술상한
0x4F0208	技術／技術上限	기술/기술상한
0x4F0218	治安	치안
0x4F0220	治安／治安上限	치안/치안상한
0x4F0230	技術Lv	기술Lv
0x4F0238	ｱｲﾃﾑ	아이템
0x4F0240	商人	상인
0x4F0248	方針	방침
0x4F0250	方針残月	방침잔월
0x4F0260	開発目標	개발목표
0x4F0270	商業目標	상업목표
0x4F0280	技術目標	기술목표
0x4F0290	防御目標	방어목표
0x4F02A0	攻込先	공격처
0x4F02A8	輸送先	수송처
0x4F02B0	輸送金	수송금
0x4F02B8	目標	목표
0x4F02C0	目標残量	목표잔량
0x4F02D0	隣接	인접
0x4F02D8	友好	우호
0x4F02E0	内通武将	내통무장
0x4F02F0	埋伏武将	매복무장
0x4F0300	委任	위임
0x4F0308	戦争重視	전쟁중시
0x4F0318	内政重視	내정중시
0x4F0328	輸送重視	수송중시
0x4F0338	農耕	농경
0x4F0340	城塞	성새
0x4F0348	放牧	방목
0x4F0350	通常	통상
0x4F0358	山岳	산악
0x4F0360	河川	하천
0x4F0368	海上	해상
0x4F0370	桟道	잔도
0x4F0378	小	소
0x4F0380	中	중
0x4F0388	大	대
0x4F0390	建業	건업
0x4F0398	ｹﾝｷﾞｮｳ	건업
0x4F06F8	所属	소속
0x4F0700	状態	상태
0x4F0708	経済	경제
0x4F0710	内政	내정
0x4F0718	方針	방침
0x4F0720	災害	재해
0x4F0728	個人	개인
0x4F0730	都市選択	도시선택
0x4F0740	地図	지도
0x4F07C8	都市一覧	도시일람
0x4F0808	実行	실행
0x4F0810	中止	중지
0x4F0878	第一軍団	제1군단
0x4F0888	第二軍団	제2군단
0x4F0898	第三軍団	제3군단
0x4F08A8	第四軍団	제4군단
0x4F08B8	第五軍団	제5군단
0x4F08C8	第六軍団	제6군단
0x4F08D8	第七軍団	제7군단
0x4F08E8	第八軍団	제8군단
0x4F08F8	第一	제1
0x4F0900	第二	제2
0x4F0908	第三	제3
0x4F0910	第四	제4
0x4F0918	第五	제5
0x4F0920	第六	제6
0x4F0928	第七	제7
0x4F0930	第八	제8
0x4F0938	委任	위임
0x4F0940	州制覇	주제패
0x4F0948	勢力打倒	세력타도
0x4F0958	番号	번호
0x4F0960	軍団	군단
0x4F0968	勢力	세력
0x4F0970	都督	도독
0x4F0978	軍師	군사
0x4F0980	本拠	본거
0x4F0988	都市	도시
0x4F0990	方針	방침
0x4F0998	目標	목표
0x4F09A0	武将	무장
0x4F09A8	金	금
0x4F09B0	兵糧	병량
0x4F09B8	兵士	병사
0x4F09C0	人口	인구
0x4F09C8	残都市	잔도시
0x4F0AB8	状態	상태
0x4F0AC0	資源	자원
0x4F0AC8	方針	방침
0x4F0AD0	軍団選択	군단선택
0x4F0AE0	地図	지도
0x4F0B28	軍団一覧	군단일람
0x4F0B60	未知	미지
0x4F0B68	無視	무시
0x4F0B70	知己	지기
0x4F0B78	好意	호의
0x4F0B80	信頼	신뢰
0x4F0B88	敬愛	경애
0x4F0C10	%sの太守を選択して下さい	%s의 태수를 선택하십시오
0x4F0C30	%sの都督を選択して下さい	%s의 도독을 선택하십시오
0x4F0C50	%s%s%s所在の%s	%s%s%s 소재 %s
0x4F0C60	%s%s%s所在の%s%s%s軍・%s	%s%s%s 소재 %s%s%s군・%s
0x4F0C80	%s%s%s所在の%s%s%s軍配下	%s%s%s 소재 %s%s%s군 휘하
0x4F0CA0	%s%s%s所在の放浪軍%s	%s%s%s 소재 방랑군%s
0x4F0CB8	%s%s%s所在の	%s%s%s 소재
0x4F0CD0	その後の展開を見守りますか？	이후 전개를 지켜보시겠습니까?
0x4F1398	魏	위
0x4F13A0	呉	오
0x4F13A8	蜀	촉
0x4F13B0	燕	연
0x4F13B8	趙	조
0x4F13C0	斉	제
0x4F13C8	宋	송
0x4F13D0	楚	초
0x4F13D8	韓	한
0x4F13E0	秦	진
0x4F13E8	越	월
0x4F13F0	涼	양
0x4F13F8	大越	대월
0x4F1400	成	성
0x4F1408	周	주
0x4F1410	魯	노
0x4F1418	巴	파
0x4F1420	隋	수
0x4F1428	陳	진
0x4F1430	沛	패
0x4F1438	黄	황
0x4F1440	商	상
0x4F1448	陽	양
0x4F1450	夏	하
0x4F1458	遼	요
0x4F1460	梁	양
0x4F1468	殷	은
0x4F1470	新	신
0x4F1478	金	금
0x4F1480	鮮	선
0x4F1488	麗	여
0x4F1490	北魏	북위
0x4F1498	東魏	동위
0x4F14A0	西魏	서위
0x4F14A8	東呉	동오
0x4F14B0	西蜀	서촉
0x4F14B8	北燕	북연
0x4F14C0	東燕	동연
0x4F14C8	北趙	북조
0x4F14D0	南趙	남조
0x4F14D8	北斉	북제
0x4F14E0	東斉	동제
0x4F14E8	南斉	남제
0x4F14F0	北宋	북송
0x4F14F8	南宋	남송
0x4F1500	北楚	북초
0x4F1508	東楚	동초
0x4F1510	北秦	북진
0x4F1518	南秦	남진
0x4F1520	北越	북월
0x4F1528	南越	남월
0x4F1530	東越	동월
0x4F1538	西越	서월
0x4F1540	北涼	북량
0x4F1548	南涼	남량
0x4F1550	北周	북주
0x4F1558	南周	남주
0x4F1560	東周	동주
0x4F1568	西周	서주
0x4F1570	北晋	북진
0x4F1578	南晋	남진
0x4F1580	東晋	동진
0x4F1588	西晋	서진
0x4F1590	東夏	동하
0x4F1598	西夏	서하
0x4F15A0	北遼	북요
0x4F15A8	南遼	남요
0x4F15B0	東遼	동요
0x4F15B8	西遼	서요
0x4F15C0	北梁	북량
0x4F15C8	南梁	남량
0x4F15D0	東梁	동량
0x4F15D8	西梁	서량
0x4F1B60	劉	유
0x4F1B80	武勇	무용
0x4F1B88	知謀	지모
0x4F1B90	才能	재능
0x4F1E40	突撃	돌격
0x4F1E48	乱撃	난격
0x4F1E50	撹乱	교란
0x4F1E58	奇襲	기습
0x4F1E60	槍衾	창벽
0x4F1E68	車懸	차현
0x4F1E70	火矢	화시
0x4F1E78	斉射	제사
0x4F1E80	乱射	난사
0x4F1E88	矢嵐	화살비
0x4F1E90	激流	격류
0x4F1E98	烈火	열화
0x4F1EA0	落石	낙석
0x4F1EA8	妖術	요술
0x4F1EB0	攻城	공성
0x4F1EB8	武力	무력
0x4F1EC0	知力	지력
0x4F1EC8	政治	정치
0x4F1ED0	魅力	매력
0x4F1ED8	冷静	냉정
0x4F1EE0	勇猛	용맹
0x4F1FD8	金	금
0x4F1FE0	兵糧	병량
0x4F1FE8	兵士	병사
0x4F2090	＋	＋
0x4F2098	－	－
0x4F20A0	（	（
0x4F20A8	）	）
0x4F20B0	［	［
0x4F20B8	］	］
0x4F20C0	／	／
0x4F20C8	，	，
0x4F20D0	．	．
0x4F20D8	Ａ	Ａ
0x4F20E0	Ｂ	Ｂ
0x4F20E8	Ｃ	Ｃ
0x4F20F0	Ｄ	Ｄ
0x4F20F8	Ｅ	Ｅ
0x4F2100	Ｆ	Ｆ
0x4F2108	Ｇ	Ｇ
0x4F2110	Ｈ	Ｈ
0x4F2118	Ｉ	Ｉ
0x4F2120	Ｊ	Ｊ
0x4F2128	Ｋ	Ｋ
0x4F2130	Ｌ	Ｌ
0x4F2138	Ｍ	Ｍ
0x4F2140	Ｎ	Ｎ
0x4F2148	Ｏ	Ｏ
0x4F2150	Ｐ	Ｐ
0x4F2158	Ｑ	Ｑ
0x4F2160	Ｒ	Ｒ
0x4F2168	Ｓ	Ｓ
0x4F2170	Ｔ	Ｔ
0x4F2178	Ｕ	Ｕ
0x4F2180	Ｖ	Ｖ
0x4F2188	Ｗ	Ｗ
0x4F2190	Ｘ	Ｘ
0x4F2198	Ｙ	Ｙ
0x4F21A0	Ｚ	Ｚ
0x4F21A8	ａ	ａ
0x4F21B0	ｂ	ｂ
0x4F21B8	ｃ	ｃ
0x4F21C0	ｄ	ｄ
0x4F21C8	ｅ	ｅ
0x4F21D0	ｆ	ｆ
0x4F21D8	ｇ	ｇ
0x4F21E0	ｈ	ｈ
0x4F21E8	ｉ	ｉ
0x4F21F0	ｊ	ｊ
0x4F21F8	ｋ	ｋ
0x4F2200	ｌ	ｌ
0x4F2208	ｍ	ｍ
0x4F2210	ｎ	ｎ
0x4F2218	ｏ	ｏ
0x4F2220	ｐ	ｐ
0x4F2228	ｑ	ｑ
0x4F2230	ｒ	ｒ
0x4F2238	ｓ	ｓ
0x4F2240	ｔ	ｔ
0x4F2248	ｕ	ｕ
0x4F2250	ｖ	ｖ
0x4F2258	ｗ	ｗ
0x4F2260	ｘ	ｘ
0x4F2268	ｙ	ｙ
0x4F2270	ｚ	ｚ
0x4F2620	番号	번호
0x4F2628	勢力	세력
0x4F2630	放浪軍	방랑군
0x4F2638	ﾙﾋﾞ	읽기
0x4F2640	国号	국호
0x4F2648	官爵	관작
0x4F2650	君主	군주
0x4F2658	軍師	군사
0x4F2660	本拠	본거
0x4F2668	軍団	군단
0x4F2670	都市	도시
0x4F2678	武将	무장
0x4F2680	擁立	옹립
0x4F2688	友好	우호
0x4F2690	同盟	동맹
0x4F2698	同盟残月	동맹잔월
0x4F26A8	連合盟主	연합맹주
0x4F26B8	盟主勢力	맹주세력
0x4F26C8	連合標的	연합표적
0x4F26D8	標的勢力	표적세력
0x4F26E8	加盟勢力	가맹세력
0x4F26F8	連合残月	연합잔월
0x4F2708	旗番号	기번호
0x4F2710	隣接	인접
0x4F2718	金	금
0x4F2720	兵糧	병량
0x4F2728	兵士	병사
0x4F2730	金収支	금수지
0x4F2738	兵糧収支	병량수지
0x4F2748	技術Lv	기술Lv
0x4F2750	軽歩	경보병
0x4F2758	重歩	중보병
0x4F2760	蛮兵	만병
0x4F2768	軽騎	경기병
0x4F2770	重騎	중기병
0x4F2778	山騎	산기
0x4F2780	弩兵	노병
0x4F2788	連弩	연노
0x4F2790	象兵	상병
0x4F2798	衝車	충차
0x4F27A0	投石	투석
0x4F27A8	井闌	정란
0x4F27B0	蒙衝	몽충
0x4F27B8	楼船	누선
0x4F27C0	人口	인구
0x4F27C8	標的距離	표적거리
0x4F29B8	友好	우호
0x4F29C0	連盟	연맹
0x4F29C8	資源	자원
0x4F29D0	状態	상태
0x4F29D8	兵科	병과
0x4F29E0	兵器	병기
0x4F29E8	勢力選択	세력선택
0x4F29F8	地図	지도
0x4F2A78	勢力一覧	세력일람
0x4F2B28	歩兵	보병
0x4F2B30	騎兵	기병
0x4F2B38	弩兵	노병
0x4F2B40	船	선
0x4F2B48	守備	수비
0x4F2B50	番号	번호
0x4F2B58	兵科	병과
0x4F2B60	ﾙﾋﾞ	읽기
0x4F2B68	系統	계통
0x4F2B70	編成金	편성금
0x4F2B78	技術Lv	기술Lv
0x4F2B80	説明	설명
0x4F2B88	突撃	돌격
0x4F2B90	乱撃	난격
0x4F2B98	撹乱	교란
0x4F2BA0	奇襲	기습
0x4F2BA8	槍衾	창벽
0x4F2BB0	車懸	차현
0x4F2BB8	火矢	화시
0x4F2BC0	斉射	제사
0x4F2BC8	乱射	난사
0x4F2BD0	矢嵐	화살비
0x4F2BD8	激流	격류
0x4F2BE0	烈火	열화
0x4F2BE8	落石	낙석
0x4F2BF0	妖術	요술
0x4F2BF8	攻城	공성
0x4F2DA0	攻城兵器	공성병기
0x4F2DB0	水上兵器	수상병기
0x4F2DC0	番号	번호
0x4F2DC8	兵器	병기
0x4F2DD0	ﾙﾋﾞ	읽기
0x4F2DD8	系統	계통
0x4F2DE0	編成金	편성금
0x4F2DE8	技術Lv	기술Lv
0x4F2DF0	説明	설명
0x4F2E60	ＨＥＬＰ	HELP
0x4F2E88	＋  頁切替	＋  쪽전환
0x4F2EA8	チュートリアル	튜토리얼
0x4F2EB8	用語辞典	용어사전
0x4F2EE0	回復	회복
0x4F2EE8	逃亡	도망
0x4F2EF0	愚弄	우롱
0x4F2EF8	威圧	위압
0x4F2F00	斬り(弱)	베기(약)
0x4F2F10	斬り(強)	베기(강)
0x4F2F20	突き(弱)	찌르기(약)
0x4F2F30	突き(強)	찌르기(강)
0x4F2F40	隙狙い 突き(弱)	허점 찌르기(약)
0x4F2F50	隙狙い 突き(強)	허점 찌르기(강)
0x4F2F60	防御～ダメージ受け(弱)	방어~피해받기(약)
0x4F2F80	防御～ダメージ受け(強)	방어~피해받기(강)
0x4F2F98	無防備	무방비
0x4F2FA0	継続	계속
0x4F30C0	番号	번호
0x4F30C8	アイテム	아이템
0x4F30D8	種類	종류
0x4F30E0	ＣＧ	CG
0x4F30E8	忠誠	충성
0x4F30F0	効果	효과
0x4F30F8	武将	무장
0x4F3100	武力	무력
0x4F3108	知力	지력
0x4F3110	政治	정치
0x4F3118	魅力	매력
0x4F3120	価格	가격
0x4F3128	特技	특기
0x4F3130	発掘	발굴
0x4F3138	売買	매매
0x4F3140	都市	도시
0x4F3148	ﾃﾞｰﾀ	데이터
0x4F3150	売値	판매가
0x4F3158	買値	구매가
0x4F3160	説明	설명
0x4F3168	能力	능력
0x4F3170	名馬	명마
0x4F3178	武具	무구
0x4F3180	地図	지도
0x4F3188	医書	의서
0x4F3190	奇書	기서
0x4F3198	兵書	병서
0x4F31A0	経書	경서
0x4F31A8	史書	사서
0x4F31B0	論文	논문
0x4F31B8	玉璽	옥새
0x4F31C0	宝物	보물
0x4F31C8	装飾	장식
0x4F36F8	ｱｲﾃﾑ情報	아이템 정보
0x4F3730	種類	종류
0x4F3738	能力	능력
0x4F3778	特徴	특징
0x4F3780	ｱｲﾃﾑ選択	아이템 선택
0x4F37C8	ｱｲﾃﾑ一覧	아이템 일람
0x4F3868	並替	정렬
0x4F3870	解除	해제
0x4F3878	最大	최대
0x4F3880	決定	결정
0x4F3898	項目切替	항목전환
0x4F38E8	済	제
0x4F38F0	未	미
0x4F38F8	男	남
0x4F3900	女	여
0x4F3908	少し	조금
0x4F3918	かなり	상당히
0x4F3920	仲良く	친하게
0x4F3928	気まずく	어색하게
0x4F3938	攻撃	공격
0x4F3940	守備	수비
0x4F3948	勝利	승리
0x4F3950	敗北	패배
0x4F39A8	突撃	돌격
0x4F39B0	乱撃	난격
0x4F39B8	撹乱	교란
0x4F39C0	奇襲	기습
0x4F39C8	槍衾	창벽
0x4F39D0	車懸	차현
0x4F39D8	火矢	화시
0x4F39E0	斉射	제사
0x4F39E8	乱射	난사
0x4F39F0	矢嵐	화살비
0x4F39F8	激流	격류
0x4F3A00	烈火	열화
0x4F3A08	落石	낙석
0x4F3A10	妖術	요술
0x4F3A18	攻城	공성
0x4F3A20	　　	
0x4F3A28	－	－
0x4F3A30	－－	－－
0x4F3A38	－－－	－－－
0x4F3A40	－－－－	－－－－
0x4F3A50	－－－－－－－－－－	－－－－－－－－－－
0x4F3AD0	　	
0x4F3AD8	　　　	
0x4F3AE0	　　　　	
0x4F3AF0	　　　　　	
0x4F3B00	外字	외자
0x4F3BC0	未設定	미설정
0x4F3EE0	番号	번호
0x4F3EE8	武将ID	무장ID
0x4F3EF0	武将	무장
0x4F3EF8	字	자
0x4F3F00	ﾙﾋﾞ	읽기
0x4F3F10	性別	성별
0x4F3F18	身分	신분
0x4F3F20	所在	소재
0x4F3F28	軍団	군단
0x4F3F30	勢力	세력
0x4F3F38	親密	친밀
0x4F3F40	埋伏	매복
0x4F3F48	内通	내통
0x4F3F50	武力	무력
0x4F3F58	知力	지력
0x4F3F60	政治	정치
0x4F3F68	魅力	매력
0x4F3F70	悪名	악명
0x4F3F78	血縁	혈연
0x4F3F80	相性	상성
0x4F3F88	義理	의리
0x4F3F90	野望	야망
0x4F3F98	冷静	냉정
0x4F3FA0	勇猛	용맹
0x4F3FA8	寿命	수명
0x4F3FB0	有名	유명
0x4F3FB8	成長	성장
0x4F3FC0	戦略傾向	전략경향
0x4F3FD0	人物傾向	인물경향
0x4F3FE0	賊武将	적무장
0x4F3FE8	再仕官禁止武将	재사관금지무장
0x4F3FF8	再仕官禁止期間	재사관금지기간
0x4F4008	前仕事	전임무
0x4F4010	前成果	전성과
0x4F4018	提案	제안
0x4F4020	意欲	의욕
0x4F4028	命令	명령
0x4F4030	成果0	성과0
0x4F4038	成果1	성과1
0x4F4040	成果2	성과2
0x4F4048	成果	성과
0x4F4050	特権回数	특권횟수
0x4F4060	親	친
0x4F4068	生年	생년
0x4F4070	年齢	연령
0x4F4078	仕官	사관
0x4F4080	武力経験	무력경험
0x4F4090	知力経験	지력경험
0x4F40A0	政治経験	정치경험
0x4F40B0	魅力経験	매력경험
0x4F40C0	忠誠	충성
0x4F40C8	階級	계급
0x4F40D0	俸禄	봉록
0x4F40D8	功績	공적
0x4F40E0	失策	실책
0x4F40E8	名声	명성
0x4F40F0	健康	건강
0x4F40F8	兵科	병과
0x4F4100	兵士上限	병사상한
0x4F4110	実行	실행
0x4F4118	行動力	행동력
0x4F4120	所持金	소지금
0x4F4128	仕事	업무
0x4F4130	ｱｲﾃﾑ	아이템
0x4F4138	猛者	맹자
0x4F4140	智嚢	지낭
0x4F4148	治略	치략
0x4F4150	人徳	인덕
0x4F4158	医術	의술
0x4F4160	天文	천문
0x4F4168	耕作	경작
0x4F4170	商才	상재
0x4F4178	築城	축성
0x4F4180	警備	경비
0x4F4188	発明	발명
0x4F4190	威風	위풍
0x4F4198	弁舌	변설
0x4F41A0	反計	반계
0x4F41A8	挑発	도발
0x4F41B0	混乱	혼란
0x4F41B8	虚報	허보
0x4F41C0	歩兵	보병
0x4F41C8	騎兵	기병
0x4F41D0	弩兵	노병
0x4F41D8	水軍	수군
0x4F41E0	偵察	정찰
0x4F41E8	？？	??
0x4F41F0	突撃	돌격
0x4F41F8	乱撃	난격
0x4F4200	撹乱	교란
0x4F4208	奇襲	기습
0x4F4210	槍衾	창벽
0x4F4218	車懸	차현
0x4F4220	火矢	화시
0x4F4228	斉射	제사
0x4F4230	乱射	난사
0x4F4238	矢嵐	화살비
0x4F4240	激流	격류
0x4F4248	烈火	열화
0x4F4250	落石	낙석
0x4F4258	妖術	요술
0x4F4260	攻城	공성
0x4F4268	列伝	열전
0x4F4270	仇敵	구적
0x4F4278	総大将	총대장
0x4F4280	参軍	참군
0x4F4288	兵士	병사
0x4F4290	兵器	병기
0x4F4298	役	역
0x4F42A0	親友	친우
0x4F42A8	編集	편집
0x4F42B0	史実	사실
0x4F42B8	全能	전능
0x4F42C0	神眼	신안
0x4F42C8	鬼謀	귀모
0x4F42D0	神算	신산
0x4F42D8	君主	군주
0x4F42E0	都督	도독
0x4F42E8	太守	태수
0x4F42F0	軍師	군사
0x4F42F8	一般	일반
0x4F4300	頭領	두령
0x4F4308	同志	동지
0x4F4310	在野	재야
0x4F4318	未発見	미발견
0x4F4320	待機	대기
0x4F4328	死亡	사망
0x4F4330	－－	－－
0x4F4338	軽歩	경보병
0x4F4340	重歩	중보병
0x4F4348	蛮兵	만병
0x4F4350	軽騎	경기병
0x4F4358	重騎	중기병
0x4F4360	山騎	산기
0x4F4368	連弩	연노
0x4F4370	象兵	상병
0x4F4378	城門	성문
0x4F4380	城壁	성벽
0x4F4388	門兵	문병
0x4F4390	ｹｲﾎ	경보
0x4F4398	ｼﾞｭｳﾎ	중보
0x4F43A0	ﾊﾞﾝﾍｲ	만병
0x4F43A8	ｹｲｷ	경기
0x4F43B0	ｼﾞｭｳｷ	중기
0x4F43B8	ｻﾝｷ	산기
0x4F43C0	ﾄﾞﾍｲ	노병
0x4F43C8	ﾚﾝﾄﾞ	연노
0x4F43D0	ｿﾞｳﾍｲ	상병
0x4F43D8	ｼﾞｮｳﾓﾝ	성문
0x4F43E0	ｼﾞｮｳﾍｷ	성벽
0x4F43E8	ﾓﾝﾍﾟｲ	문병
0x4F43F0	衝車	충차
0x4F43F8	投石	투석
0x4F4400	井闌	정란
0x4F4408	蒙衝	몽충
0x4F4410	楼船	누선
0x4F4418	ｼｮｳｼｬ	충차
0x4F4420	ﾄｳｾｷ	투석
0x4F4428	ｾｲﾗﾝ	정란
0x4F4430	ﾓｳｼｮｳ	몽충
0x4F4438	ﾛｳｾﾝ	누선
0x4F4440	猛将型	맹장형
0x4F4448	知力型	지력형
0x4F4450	政治型	정치형
0x4F4458	魅力型	매력형
0x4F4460	将軍型	장군형
0x4F4468	軍師型	군사형
0x4F4470	万能型	만능형
0x4F4478	平凡型	평범형
0x4F4480	良	양호
0x4F4488	軽症	경상
0x4F4490	重症	중상
0x4F4498	無関心	무관심
0x4F44A0	内政	내정
0x4F44A8	バランス	균형
0x4F44B8	好戦	호전
0x4F44C0	軍備	군비
0x4F44C8	謀略	모략
0x4F44D0	私欲	사욕
0x4F44D8	能力	능력
0x4F44E0	義理低	의리저
0x4F44E8	なし	없음
0x4F44F0	自宅	자택
0x4F44F8	宮城	궁성
0x4F4500	農村	농촌
0x4F4508	市場	시장
0x4F4510	屯所	둔소
0x4F4518	工房	공방
0x4F4520	兵舎	병영
0x4F4528	酒家	주점
0x4F4530	飯店	반점
0x4F4538	初	초
0x4F4540	弐	이
0x4F4548	参	삼
0x4F4550	四	사
0x4F4558	五	오
0x4F4560	極	극
0x4F4568	未	미
0x4F4580	飲	음
0x4F4588	悪	악
0x4F4590	宦	환
0x4F4598	文	문
0x4F45A0	住	주
0x4F45A8	湖	호
0x4F45B0	異	이
0x4F45B8	倭	왜
0x4F45C0	使	사
0x4F45C8	衛	위
0x4F45D0	農	농
0x4F45D8	兵	병
0x4F45E0	商	상
0x4F45E8	大	대
0x4F45F0	老	노
0x4F45F8	若	약
0x4F4600	富	부
0x4F4608	子	자
0x4F4610	手	수
0x4F4618	職	직
0x4F4620	泥	니
0x4F4628	旅	여
0x4F4630	酒	주
0x4F4638	宿	숙
0x4F4640	夫	부
0x4F4648	小	소
0x4F4650	釣	조
0x4F4658	暴	폭
0x4F4660	質	질
0x4F4668	豪	호
0x4F4670	闇	암
0x4F4678	行	행
0x4F4680	女	여
0x4F4688	な	
0x4F4690	平	평
0x4F4698	臣	신
0x4F46A0	官	관
0x4F46A8	民	민
0x4F46B0	賊	적
0x4F46B8	民族	민족
0x4F46C0	人	인
0x4F46C8	者	자
0x4F46D0	士	사
0x4F46D8	工	공
0x4F46E0	娘	낭
0x4F46E8	供	공
0x4F46F0	伝	전
0x4F46F8	棒	봉
0x4F4700	那	나
0x4F4708	梅	매
0x4F4710	屋	옥
0x4F4718	の子	의 자식
0x4F4720	し	
0x4F4730	－	－
0x4F4E48	能力	능력
0x4F4E50	所属	소속
0x4F4E58	実績	실적
0x4F4E60	個人	개인
0x4F4E68	人脈	인맥
0x4F4E70	特技１	특기1
0x4F4E78	特技２	특기2
0x4F4E80	特技３	특기3
0x4F4E88	特技４	특기4
0x4F4E90	戦法１	전법1
0x4F4E98	戦法２	전법2
0x4F4EA0	戦法３	전법3
0x4F4EA8	戦法４	전법4
0x4F4EB0	武将選択	무장 선택
0x4F4EC0	個別編成	개별 편성
0x4F4F48	武将一覧	무장 일람
0x4F4F98	武将編集	무장 편집
0x4F4FE8	番号	번호
0x4F4FF0	官爵	관작
0x4F4FF8	勢力	세력
0x4F5000	説明	설명
0x4F5008	、	,
0x4F5010	、他%2d勢力	, 외 %2d세력
0x4F5020	種類	종류
0x4F5028	対象１	대상1
0x4F5030	対象２	대상2
0x4F5038	対象３	대상3
0x4F5040	義兄	의형
0x4F5048	義姉	의누나
0x4F5050	義弟	의아우
0x4F5058	義妹	의누이
0x4F5060	夫	남편
0x4F5068	妻	아내
0x4F5070	父	부
0x4F5078	母	모
0x4F5080	息子	아들
0x4F5088	娘	딸
0x4F5090	兄	형
0x4F5098	姉	자
0x4F50A0	弟	제
0x4F50A8	妹	매
0x4F50B0	一族	일족
0x4F50B8	友	우
0x4F50D8	閉じる	닫기
0x4F50E8	実行	실행
0x4F50F0	中止	중지
0x4F50F8	 はい 	 예 
0x4F5108	いいえ	아니요
0x4F5250	魅力 100	매력 100
0x4F5330	セーブをしないと\n現在のデータが失われます\nタイトル画面に戻りますか？	세이브하지 않으면\n현재 데이터를 잃게 됩니다\n타이틀로 돌아가시겠습니까?
0x4F5380	タイトル画面に戻りますか？	타이틀로 돌아가시겠습니까?
0x4F53A0	軍団方針	군단 방침
0x4F53B0	都市方針	도시 방침
0x4F53C0	軍団編成	군단 편성
0x4F53D0	配属	배속
0x4F53D8	異動	이동
0x4F53E0	登用	등용
0x4F53E8	授与	수여
0x4F53F0	没収	몰수
0x4F53F8	太守	태수
0x4F5400	軍師	군사
0x4F5408	解雇	해고
0x4F5410	輸送	수송
0x4F5418	出陣	출진
0x4F5420	購入	구입
0x4F5428	売却	매각
0x4F5430	徴兵	징병
0x4F5438	反乱	반란
0x4F5440	放浪	방랑
0x4F5448	贈呈	증정
0x4F5450	要求	요구
0x4F5458	同盟	동맹
0x4F5460	破棄	파기
0x4F5468	勧告	권고
0x4F5470	連合	연합
0x4F5478	脱退	탈퇴
0x4F5480	加盟	가맹
0x4F5488	離間	이간
0x4F5490	破壊	파괴
0x4F5498	扇動	선동
0x4F54A0	内通	내통
0x4F54A8	埋伏	매복
0x4F54B0	諜報	첩보
0x4F54B8	開墾	개간
0x4F54C0	商業	상업
0x4F54C8	技術	기술
0x4F54D0	補修	보수
0x4F54D8	治安	치안
0x4F54E0	仕官	사관
0x4F54E8	納入	납입
0x4F54F0	引出	인출
0x4F54F8	買う	구매
0x4F5500	売る	판매
0x4F5508	討伐	토벌
0x4F5510	訓練	훈련
0x4F5518	募兵	모병
0x4F5520	入金	입금
0x4F5528	出金	출금
0x4F5530	略奪	약탈
0x4F5538	訪問	방문
0x4F5540	転居	이주
0x4F5548	鍛練	단련
0x4F5550	宴会	연회
0x4F5558	悪言	악언
0x4F5560	下野	하야
0x4F5568	発起	발기
0x4F5570	会話	대화
0x4F5578	寄贈	기증
0x4F5580	推挙	천거
0x4F5588	見聞	견문
0x4F5590	休養	휴양
0x4F5598	転地	이전
0x4F55A0	旗揚	거병
0x4F55A8	なし	없음
0x4F55B8	pｭ	
0x4F5910	ここで可否メッセージを表示します	여기에 가부 메시지를 표시합니다
0x4F5940	選択ダイアログの表示	선택 대화상자 표시
0x4F5958	選択肢１	선택지1
0x4F5968	選択肢２	선택지2
0x4F5978	選択肢３	선택지3
0x4F5988	選択肢４	선택지4
0x4F59A0	ここで\nスチル付ナレーションメッセージを\n表示します	여기서\n스틸 첨부 내레이션 메시지를\n표시합니다
0x4F5B50	身分	신분
0x4F5B58	%3d年%02d月	%3d년 %02d월
0x4F5B68	評定	평정
0x4F5B70	都市	도시
0x4F5B78	%3d年開始	%3d년 시작
0x4F5B88	上級	상급
0x4F5B90	初級	초급
0x4F5B98	史実	사실
0x4F5BA0	仮想	가상
0x4F5BA8	－－－－	－－－－
0x4F5BB8	---年--月	---년 --월
0x4F5BC8	---年開始	---년 시작
0x4F5E00	提案	제안
0x4F5F00	仕事	업무
0x4F6250	ﾄﾂｹﾞｷ	돌격
0x4F6258	ﾗﾝｹﾞｷ	난격
0x4F6260	ｶｸﾗﾝ	교란
0x4F6268	ｷｼｭｳ	기습
0x4F6270	ﾔﾘﾌﾞｽﾏ	창벽
0x4F6278	ｸﾙﾏｶﾞｶﾘ	차현
0x4F6280	ﾋﾔ	화시
0x4F6288	ｾｲｼｬ	제사
0x4F6290	ﾗﾝｼｬ	난사
0x4F6298	ﾔｱﾗｼ	화살비
0x4F62A0	ｹﾞｷﾘｭｳ	격류
0x4F62A8	ﾚｯｶ	열화
0x4F62B0	ﾗｸｾｷ	낙석
0x4F62B8	ﾖｳｼﾞｭﾂ	요술
0x4F62C0	ｺｳｼﾞｮｳ	공성
0x4F62D0	番号	번호
0x4F62D8	戦法	전법
0x4F62E0	ﾙﾋﾞ	읽기
0x4F62E8	熟練	숙련
0x4F62F0	経験	경험
0x4F62F8	説明	설명
0x4F6300	威力	위력
0x4F6308	消費	소비
0x4F6310	表示	표시
0x4F6318	歩兵	보병
0x4F6320	騎兵	기병
0x4F6328	弩兵	노병
0x4F6330	船	선
0x4F6338	軽歩	경보병
0x4F6340	重歩	중보병
0x4F6348	蛮兵	만병
0x4F6350	軽騎	경기병
0x4F6358	重騎	중기병
0x4F6360	山騎	산기
0x4F6368	連弩	연노
0x4F6370	象兵	상병
0x4F6378	城門	성문
0x4F6380	城壁	성벽
0x4F6388	衛兵	위병
0x4F6390	街道	가도
0x4F6398	平地	평지
0x4F63A0	荒地	황야
0x4F63A8	草地	초지
0x4F63B0	森林	삼림
0x4F63B8	湿地	습지
0x4F63C0	山	산
0x4F63C8	浅瀬	여울
0x4F63D0	川	천
0x4F63D8	湖	호
0x4F63E0	城	성
0x4F63E8	砦	채
0x4F63F0	成功率	성공률
0x4F63F8	失敗威力	실패 위력
0x4F6408	成功威力	성공 위력
0x4F64D0	兵士%d%%	병사%d%%
0x4F6590	命令武将：%s	명령무장:%s
0x4F65D0	%s提案書	%s 제안서
0x4F65E0	承諾	승낙
0x4F65E8	拒否	거부
0x4F6680	番号	번호
0x4F6688	援軍	원군
0x4F6690	金	금
0x4F6698	兵糧	병량
0x4F66A0	兵士	병사
0x4F66A8	代表	대표
0x4F66B0	友好	우호
0x4F66B8	武将	무장
0x4F66C0	所在	소재
0x4F66C8	勢力	세력
0x4F66D0	太守	태수
0x4F66D8	州	주
0x4F6760	番号	번호
0x4F6768	人物番号	인물 번호
0x4F6778	人物名	인물명
0x4F6780	所属	소속
0x4F6788	所属名	소속명
0x4F6790	捕獲数	포획수
0x4F6798	被捕獲数	피포획수
0x4F67A8	戦争勝利	전쟁 승리
0x4F67B8	戦争敗北	전쟁 패배
0x4F67C8	仇敵打倒	구적 타도
0x4F67D8	人材登用	인재 등용
0x4F67E8	放浪軍結成	방랑군 결성
0x4F67F8	都督昇進	도독 승진
0x4F6808	太守昇進	태수 승진
0x4F6818	軍師昇進	군사 승진
0x4F6828	対象武将	대상무장
0x4F6838	都市攻略数	도시 공략수
0x4F6848	登用期間	등용 기간
0x4F6858	所持金	소지금
0x4F6ED0	今後ＣＤから読み込みます	앞으로 CD에서 읽어들입니다
0x4F71F0	以下の武将が	다음 무장이 
0x4F7200	へ移りました\n	에 갔습니다\n
0x4F7210	、	, 
0x4F7220	以下の武将の身分が一般になりました\n	다음 무장의 신분이 일반이 되었습니다\n
0x4F7248	%sの軍師を選択	%s 군사 선택
0x4F7258	＋%d	＋%d
0x4F7260	－%d	－%d
0x4F7268	都督	도독
0x4F7270	太守	태수
0x4F7278	軍師	군사
0x4F7300	なし	없음
0x4F7340	実行できる武将がおりません	실행할 수 있는 무장이 없습니다
0x4F7368	連合作戦	연합 작전
0x4F7378	第一援軍：%s	제1 원군:%s
0x4F7390	第一援軍：%s軍%s	제1 원군:%s군%s
0x4F73A8	第二援軍：%s	제2 원군:%s
0x4F73C0	第二援軍：%s軍%s	제2 원군:%s군%s
0x4F7448	商才	상재
0x4F7450	なし	없음
0x4F7458	－%d	－%d
0x4F7460	大雪	대설
0x4F7468	台風	태풍
0x4F7470	洪水	홍수
0x4F7478	金%d	금%d
0x4F7480	兵糧%d	병량%d
0x4F7488	　	
0x4F7490	兵士%d	병사%d
0x4F74A0	金	금
0x4F74A8	兵糧	병량
0x4F74B0	・兵糧	・병량
0x4F74B8	兵士	병사
0x4F74C0	・兵士	・병사
0x4F74F0	自勢力	자세력
0x4F74F8	自軍団	자군단
0x4F7500	＋%d	＋%d
0x4F7508	－%d	－%d
0x4F7510	破壊	파괴
0x4F7518	扇動	선동
0x4F7520	離間	이간
0x4F7528	埋伏	매복
0x4F7530	内通	내통
0x4F7538	登用	등용
0x4F7540	勧告	권고
0x4F75B0	＋  頁切替	＋  쪽전환
0x4F75D0	農村	농촌
0x4F75D8	市場	시장
0x4F75E0	屯所	둔소
0x4F75E8	工房	공방
0x4F75F0	城門	성문
0x4F75F8	兵舎	병영
0x4F7600	武力	무력
0x4F7608	知力	지력
0x4F7610	政治	정치
0x4F7618	魅力	매력
0x4F7620	君主	군주
0x4F7628	都督	도독
0x4F7630	太守	태수
0x4F7638	頭領	두령
0x4F7640	－－	－－
0x4F7648	特技	특기
0x4F7650	猛者	맹자
0x4F7658	智嚢	지낭
0x4F7660	治略	치략
0x4F7668	人徳	인덕
0x4F7670	医術	의술
0x4F7678	天文	천문
0x4F7680	耕作	경작
0x4F7688	商才	상재
0x4F7690	築城	축성
0x4F7698	警備	경비
0x4F76A0	発明	발명
0x4F76A8	威風	위풍
0x4F76B0	弁舌	변설
0x4F76B8	反計	반계
0x4F76C0	挑発	도발
0x4F76C8	混乱	혼란
0x4F76D0	虚報	허보
0x4F76D8	歩兵	보병
0x4F76E0	騎兵	기병
0x4F76E8	弩兵	노병
0x4F76F0	水軍	수군
0x4F76F8	偵察	정찰
0x4F7700	全能	전능
0x4F7708	神眼	신안
0x4F7710	鬼謀	귀모
0x4F7718	神算	신산
0x4F7720	委任	위임
0x4F7728	戦争重視	전쟁중시
0x4F7738	内政重視	내정중시
0x4F7748	輸送重視	수송중시
0x4F7758	州制覇	주제패
0x4F7760	勢力打倒	세력타도
0x4F7770	開発重視	개발 중시
0x4F7780	商業重視	상업 중시
0x4F7790	技術重視	기술 중시
0x4F77A0	防御重視	방어 중시
0x4F77B0	なし	없음
0x4F77B8	目標	목표
0x4F77C0	特徴	특징
0x4F77C8	金	금
0x4F77D0	兵糧	병량
0x4F77D8	兵士	병사
0x4F77E0	都市	도시
0x4F77E8	武将	무장
0x4F77F0	人口	인구
0x4F77F8	友好	우호
0x4F7800	対象都市	대상 도시
0x4F7810	開発	개발
0x4F7818	商業	상업
0x4F7820	技術	기술
0x4F7828	防御	방어
0x4F7830	勢力	세력
0x4F7838	軍団	군단
0x4F7840	賊	적
0x4F7848	賊兵	적병
0x4F7850	連合残月	연합잔월
0x4F7860	同盟残月	동맹잔월
0x4F7870	治安	치안
0x4F7878	諜報残月	첩보잔월
0x4F7888	実行武将	실행무장
0x4F7898	徴兵	징병
0x4F78A0	移動先	이동지
0x4F78A8	前線	전선
0x4F78B0	身分	신분
0x4F78B8	所在	소재
0x4F78C0	購入兵糧	구입 병량
0x4F78D0	売却兵糧	매각 병량
0x4F78E0	買相場	매입가
0x4F78E8	売相場	매각가
0x4F78F0	賛同武将予想	찬동 무장 예상
0x4F7900	盟主勢力	맹주세력
0x4F7910	標的勢力	표적세력
0x4F7920	勧誘勢力	권유 세력
0x4F7930	対象勢力	대상 세력
0x4F7940	贈呈内容	증정 내용
0x4F7950	要求内容	요구 내용
0x4F7960	期間	기간
0x4F7968	対象武将	대상무장
0x4F7978	忠誠	충성
0x4F7980	アイテム	아이템
0x4F7990	種類	종류
0x4F7998	保有量	보유량
0x4F79A0	俸禄	봉록
0x4F79A8	対象軍団	대상 군단
0x4F79B8	方針	방침
0x4F79C0	攻込先	공격처
0x4F79C8	開発目標	개발목표
0x4F79D8	商業目標	상업목표
0x4F79E8	技術目標	기술목표
0x4F79F8	防御目標	방어목표
0x4F7A08	輸送元	수송원
0x4F7A10	輸送先	수송처
0x4F7A18	輸送金	수송금
0x4F7A20	現役軍師	현직 군사
0x4F7A30	現役太守	현직 태수
0x4F7A40	待遇	대우
0x4F7A48	支度金	준비금
0x4F7A50	出陣元	출진원
0x4F7A58	援軍	원군
0x4F7A60	編成	편성
0x4F7A68	連合作戦	연합 작전
0x4F7A78	攻撃	공격
0x4F7A80	守備	수비
0x4F7A88	正規	정규
0x4F7A90	増援	증원
0x4F7A98	応援	응원
0x4F7AA0	編成金	편성금
0x4F7AA8	兵糧負担	병량 부담
0x4F7AB8	街道	가도
0x4F7AC0	関	관
0x4F7AC8	兵科	병과
0x4F7AD0	兵器	병기
0x4F7AD8	退却先	퇴각지
0x4F7AE0	出陣編成	출진 편성
0x4F7AF0	総大将	총대장
0x4F7AF8	参軍	참군
0x4F7B00	解散	해산
0x4F7B08	軍団設定	군단 설정
0x4F7B18	都市方針選択	도시 방침 선택
0x4F7B28	軍団方針選択	군단 방침 선택
0x4F7B38	内政方針選択	내정 방침 선택
0x4F7B48	重点項目	중점 항목
0x4F7B58	現在	현재
0x4F7B60	残量	잔량
0x4F7B68	納入金	납입금
0x4F7B70	引出金	인출금
0x4F7B78	入金	입금
0x4F7B80	出金	출금
0x4F7B88	所持金	소지금
0x4F7B90	都市金	도시금
0x4F7B98	勢力金	세력금
0x4F7BA0	協力武将	협력무장
0x4F7BB0	親密	친밀
0x4F7BB8	買値	구매가
0x4F7BC0	戦法	전법
0x4F7BC8	経験	경험
0x4F7BD0	名声	명성
0x4F7BD8	能力	능력
0x4F7BE0	戦法伝授	전법 전수
0x4F7BF0	仕事決定	업무 결정
0x4F7C00	最適命令	최적 명령
0x4F7C10	個別命令	개별 명령
0x4F7C20	解任	해임
0x4F7C28	提案	제안
0x4F7C30	命令	명령
0x4F7C38	意欲	의욕
0x4F7C40	開墾重視	개간 중시
0x4F7C50	補修重視	보수 중시
0x4F7C60	治安重視	치안 중시
0x4F7C70	仕事選択	업무 선택
0x4F7C80	仕事	업무
0x4F7C88	開墾	개간
0x4F7C90	補修	보수
0x4F7C98	民心	민심
0x4F7CA0	仕事提案	업무 제안
0x4F7CB0	達成	달성
0x4F7CB8	登用	등용
0x4F7CC0	解放	석방
0x4F7CC8	処断	처단
0x4F7CD0	承諾	승낙
0x4F7CD8	拒否	거부
0x4F7CE0	年齢	연령
0x4F7CE8	功績	공적
0x4F7CF0	仕官許可	사관 허가
0x4F7D00	捕虜処遇	포로 처우
0x4F7D10	出陣部隊編成	출진부대 편성
0x4F7D20	起案武将	기안 무장
0x4F7D30	軍団選択	군단선택
0x4F7D40	標準	표준
0x4F7D48	編成金０	편성금 0
0x4F7D58	間接重視	간접 중시
0x4F7D68	騎兵重視	기병 중시
0x4F7D78	水軍重視	수군 중시
0x4F7D88	攻城重視	공성 중시
0x4F7D98	最適編成	최적 편성
0x4F7DA8	個別編成	개별 편성
0x4F7DB8	提案重視	제안 중시
0x4F7DC8	残提案者	남은 제안자
0x4F7ED8	開発	개발
0x4F7EE0	商業	상업
0x4F7EE8	技術	기술
0x4F7EF0	防御	방어
0x4F7EF8	・	・
0x4F7F00	兵糧%d	병량%d
0x4F7F08	兵士%d	병사%d
0x4F7F10	金%d	금%d
0x4F7F18	\n　　　　　	\n
0x4F7F28	、	,
0x4F7FB0	参加勢力：	참가 세력:
0x4F7FD0	＋%d	＋%d
0x4F7FD8	%sと%s	%s, %s
0x4F8040	他%d名	외%d명
0x4F8048	、	,
0x4F80A8	実行	실행
0x4F80B0	中止	중지
0x4F8120	未	미
0x4F8128	？？	??
0x4F81E8	軍団	군단
0x4F81F0	都市	도시
0x4F81F8	編成	편성
0x4F8200	配属	배속
0x4F8208	異動	이동
0x4F8210	登用	등용
0x4F8218	授与	수여
0x4F8220	没収	몰수
0x4F8228	太守	태수
0x4F8230	軍師	군사
0x4F8238	解雇	해고
0x4F8240	輸送	수송
0x4F8248	出陣	출진
0x4F8250	購入	구입
0x4F8258	売却	매각
0x4F8260	徴兵	징병
0x4F8268	反乱	반란
0x4F8270	旗揚	거병
0x4F8278	放浪	방랑
0x4F8280	転地	이전
0x4F8288	贈呈	증정
0x4F8290	要求	요구
0x4F8298	勧告	권고
0x4F82A0	同盟	동맹
0x4F82A8	破棄	파기
0x4F82B0	連合	연합
0x4F82B8	脱退	탈퇴
0x4F82C0	加盟	가맹
0x4F82C8	諜報	첩보
0x4F82D0	離間	이간
0x4F82D8	破壊	파괴
0x4F82E0	扇動	선동
0x4F82E8	内通	내통
0x4F82F0	埋伏	매복
0x4F82F8	売買	매매
0x4F8300	外交	외교
0x4F8308	作敵	이간
0x4F8310	流言	유언
0x4F8318	引抜	포섭
0x4F8320	待機	대기
0x4F8330	※%sコマンドが実行できません	※%s 커맨드 실행 불가
0x4F8370	ゲーム進行制御	게임 진행 제어
0x4F8380	勢力戦略	세력 전략
0x4F8390	放浪軍戦略	방랑군 전략
0x4F83A0	都市戦略	도시 전략
0x4F83B0	武将戦略	무장 전략
0x4F83C0	君主武将戦略	군주 무장 전략
0x4F83D0	都督武将戦略	도독 무장 전략
0x4F83E0	太守武将戦略	태수 무장 전략
0x4F83F0	軍師武将戦略	군사 무장 전략
0x4F8400	一般武将戦略	일반 무장 전략
0x4F8410	頭領武将戦略	두령 무장 전략
0x4F8420	同志武将戦略	동지 무장 전략
0x4F8430	ユーザー武将戦略	유저 무장 전략
0x4F8488	開墾	개간
0x4F8490	見聞	견문
0x4F8498	商業	상업
0x4F84A0	買う	구매
0x4F84A8	売る	판매
0x4F84B0	補修	보수
0x4F84B8	訪問	방문
0x4F84C0	略奪	약탈
0x4F84C8	転居	이주
0x4F84D0	技術	기술
0x4F84D8	治安	치안
0x4F84E0	討伐	토벌
0x4F84E8	訓練	훈련
0x4F84F0	会話	대화
0x4F84F8	寄贈	기증
0x4F8500	悪言	악언
0x4F8508	納入	납입
0x4F8510	引出	인출
0x4F8518	仕官	사관
0x4F8520	推挙	천거
0x4F8528	募兵	모병
0x4F8530	入金	입금
0x4F8538	出金	출금
0x4F8540	鍛練	단련
0x4F8548	宴会	연회
0x4F8550	下野	하야
0x4F8558	発起	발기
0x4F8560	城門	성문
0x4F8568	農村	농촌
0x4F8570	宮城	궁성
0x4F8578	兵舎	병영
0x4F8580	酒家	주점
0x4F8588	飯店	반점
0x4F8590	屯所	둔소
0x4F8598	工房	공방
0x4F85A0	市場	시장
0x4F85A8	自宅	자택
0x4F85B0	町民	주민
0x4F8680	虚報	허보
0x4F8688	なし	없음
0x4F8690	築城	축성
0x4F8698	挑発	도발
0x4F86A0	弁舌	변설
0x4F86A8	混乱	혼란
0x4F86B0	神眼	신안
0x4F86B8	偵察	정찰
0x4F87D8	、	,
0x4F8910	%s内容選択	%s 내용 선택
0x4F8990	悪言	악언
0x4F8A88	買う	구매
0x4F8CC0	必ず退却成功	퇴각 성공 확정
0x4F8D60	宴会	연회
0x4F8E40	発起	발기
0x4F8EC0	訪問	방문
0x4F8F48	会話	대화
0x4F9040	%s民心	%s민심
0x4F9260	寄贈	기증
0x4F9360	－	－
0x4F9368	＋	＋
0x4F93A0	 － 	－
0x4F9570	略奪	약탈
0x4F95E8	売る	판매
0x4F96B0	%s民心	%s민심
0x4F9800	%sに仕官します	%s에 사관합니다
0x4F9888	推挙	천거
0x4F9A90	転居	이주
0x4F9AF0	盗賊	도적
0x4F9AF8	山賊	산적
0x4F9B00	大山賊	대산적
0x4F9B50	、	,
0x4F9C40	＋%d	＋%d
0x4F9C48	金%d、兵糧%d	금%d, 병량%d
0x4F9C58	金%d	금%d
0x4F9C60	兵糧%d	병량%d
0x4F9C68	－%d	－%d
0x4F9C90	[b所持していたアイテム	[b소지하고 있던 아이템
0x4F9CB0	[1b%s[bの[2b%s[bは\n[1b%s[bのものになりました	[1b%s[b의 [2b%s[b,\n[1b%s[b의 것이 되었습니다
0x4F9D48	蒋	장
0x4F9D50	ｼｮｳ	장
0x4F9D58	愈	유
0x4F9D68	孟	맹
0x4F9D70	ﾓｳ	맹
0x4F9D78	童	동
0x4F9D80	ﾄｳ	동
0x4F9D88	祁	기
0x4F9D98	馮	풍
0x4F9DA0	ﾎｳ	풍
0x4F9DA8	謝	사
0x4F9DB0	ｼｬ	사
0x4F9DB8	張	장
0x4F9DC0	ﾁｮｳ	장
0x4F9DC8	蘇	소
0x4F9DD8	左	좌
0x4F9DE8	陳	진
0x4F9DF0	ﾁﾝ	진
0x4F9DF8	田	전
0x4F9E00	ﾃﾞﾝ	전
0x4F9E08	鄭	정
0x4F9E10	ﾃｲ	정
0x4F9E18	長孫	장손
0x4F9E20	ﾁｮｳｿﾝ	장손
0x4F9E28	歐陽	구양
0x4F9E30	ｵｳﾖｳ	구양
0x4F9E38	江	강
0x4F9E40	ｺｳ	강
0x4F9E48	車	거
0x4F9E50	霍	곽
0x4F9E58	ｶｸ	곽
0x4F9E60	伍	오
0x4F9E68	ｺﾞ	오
0x4F9E70	梁	양
0x4F9E78	ﾘｮｳ	양
0x4F9E80	昭	소
0x4F9E88	任	임
0x4F9E90	ﾆﾝ	임
0x4F9E98	不韋	불위
0x4F9EA0	ﾌｲ	불위
0x4F9EA8	耽	탐
0x4F9EB0	ﾀﾝ	탐
0x4F9EB8	昇	승
0x4F9EC0	琳	림
0x4F9EC8	ﾘﾝ	림
0x4F9ED0	正	정
0x4F9ED8	ｾｲ	정
0x4F9EE0	成	성
0x4F9EE8	僉	첨
0x4F9EF0	ｾﾝ	첨
0x4F9EF8	之推	지추
0x4F9F00	ｼｽｲ	지추
0x4F9F08	路	로
0x4F9F18	永慶	영경
0x4F9F20	ｴｲｹｲ	영경
0x4F9F28	沛	패
0x4F9F30	ﾊｲ	패
0x4F9F38	無忌	무기
0x4F9F40	ﾑｷ	무기
0x4F9F48	鋒	봉
0x4F9F50	華	화
0x4F9F60	忠	충
0x4F9F68	ﾁｭｳ	충
0x4F9F70	超	초
0x4F9F78	紀	기
0x4F9F80	伯	백
0x4F9F88	ﾊｸ	백
0x4F9F90	顏	안
0x4F9F98	ｶﾞﾝ	안
0x4F9FA0	韋	위
0x4F9FB0	安	안
0x4F9FB8	ｱﾝ	안
0x4F9FC0	徐	서
0x4F9FC8	ｼﾞｮ	서
0x4F9FD0	施	시
0x4F9FE0	范	범
0x4F9FE8	ﾊﾝ	범
0x4F9FF0	ｼﾞﾝ	인
0x4F9FF8	呉	오
0x4FA000	王	왕
0x4FA008	ｵｳ	왕
0x4FA010	呂	여
0x4FA018	ﾘｮ	여
0x4FA020	李	이
0x4FA030	狄	적
0x4FA038	ｷｭｳ	구
0x4FA040	慕容	모용
0x4FA048	ﾎﾞﾖｳ	모용
0x4FA050	沈	심
0x4FA058	鳳	봉
0x4FA060	武	무
0x4FA068	ﾌﾞ	무
0x4FA070	許	허
0x4FA078	ｷｮ	허
0x4FA080	屈	굴
0x4FA088	ｸﾂ	굴
0x4FA090	洪	홍
0x4FA098	侯	후
0x4FA0A0	如玉	여옥
0x4FA0A8	ｷｮｷﾞｮｸ	여옥
0x4FA0B0	淑	숙
0x4FA0B8	ｼｭｸ	숙
0x4FA0C0	甄	견
0x4FA0C8	ｼﾝ	견
0x4FA0D0	玉蓮	옥련
0x4FA0D8	ｷﾞｮｸﾚﾝ	옥련
0x4FA0E0	珍	진
0x4FA0E8	芝	지
0x4FA0F8	秋香	추향
0x4FA100	ｼｭｳｺｳ	추향
0x4FA108	思涵	사함
0x4FA110	ｼｶﾝ	사함
0x4FA118	菲	비
0x4FA120	ﾋﾞ	비
0x4FA128	嫺	한
0x4FA130	ﾋﾞﾝ	빈
0x4FA138	媚娘	미랑
0x4FA140	ｺｼﾞｮｳ	미랑
0x4FA148	婉	완
0x4FA150	ｴﾝ	완
0x4FA158	之妍	지연
0x4FA160	ｼｹﾝ	지연
0x4FA168	娜	나
0x4FA178	娥	아
0x4FA180	ｶﾞ	아
0x4FA188	又玲	우령
0x4FA190	ﾕｳﾚｲ	우령
0x4FA1A0	若蘭	약란
0x4FA1A8	ｼﾞｬｸﾗﾝ	약란
0x4FA1B0	梅芳	매방
0x4FA1B8	ﾊﾞｲﾎｳ	매방
0x4FA1C0	珠	주
0x4FA1C8	ｼｭ	주
0x4FA318	、	,
0x4FA358	狼	낭
0x4FA360	虎	호
0x4FA368	熊	웅
0x4FA370	大熊猫	대웅묘
0x4FA4D0	[b所持していたアイテム	[b소지하고 있던 아이템
0x4FA4F0	[1b%s[bの[2b%s[bは\n[1b%s[bのものになりました	[1b%s[b의 [2b%s[b,\n[1b%s[b의 것이 되었습니다
0x4FA580	提案	제안
0x4FA5C8	軍団	군단
0x4FA5D0	都市	도시
0x4FA5D8	編成	편성
0x4FA5E0	配属	배속
0x4FA5E8	異動	이동
0x4FA5F0	登用	등용
0x4FA5F8	授与	수여
0x4FA600	没収	몰수
0x4FA608	太守	태수
0x4FA610	軍師	군사
0x4FA618	解雇	해고
0x4FA620	輸送	수송
0x4FA628	出陣	출진
0x4FA630	購入	구입
0x4FA638	売却	매각
0x4FA640	徴兵	징병
0x4FA648	反乱	반란
0x4FA650	旗揚	거병
0x4FA658	放浪	방랑
0x4FA660	転地	이전
0x4FA668	贈呈	증정
0x4FA670	要求	요구
0x4FA678	勧告	권고
0x4FA680	同盟	동맹
0x4FA688	破棄	파기
0x4FA690	連合	연합
0x4FA698	加盟	가맹
0x4FA6A0	脱退	탈퇴
0x4FA6A8	離間	이간
0x4FA6B0	破壊	파괴
0x4FA6B8	扇動	선동
0x4FA6C0	内通	내통
0x4FA6C8	埋伏	매복
0x4FA6D0	方針	방침
0x4FA6D8	人事	인사
0x4FA6E0	軍事	군사
0x4FA6E8	外交	외교
0x4FA6F0	計略	계략
0x4FA6F8	諜報	첩보
0x4FA708	また、	또한,
0x4FA710	、	,
0x4FA718	、他%d勢力	, 다른 %d 세력
0x4FA7D8	・	・
0x4FA880	授与	수여
0x4FA938	配属	배속
0x4FA9B0	解雇	해고
0x4FAA50	異動	이동
0x4FAAE0	軍師	군사
0x4FAB90	配属	배속
0x4FAB98	太守	태수
0x4FAC20	必ず退却成功	퇴각 성공 확정
0x4FAD60	登用	등용
0x4FAE30	購入	구입
0x4FAF10	徴兵	징병
0x4FB188	%s側%s軍	%s측 %s군
0x4FB198	応戦	응전
0x4FB1A0	放棄	포기
0x4FB1E0	出陣	출진
0x4FB2B0	総大将	총대장
0x4FB2B8	参軍	참군
0x4FB2C0	決定	결정
0x4FB2C8	%s側%s軍	%s측 %s군
0x4FB310	ﾀｰﾝ	턴
0x4FB358	出陣	출진
0x4FB5A0	売却	매각
0x4FB630	退却先	퇴각지
0x4FB6F0	転地	이전
0x4FB850	輸送	수송
0x4FB900	%-4s 前線 %s	%-4s 전선 %s
0x4FB910	都市	도시
0x4FBB00	決定	결정
0x4FBBB0	州制覇・%s	주 제패 - %s
0x4FBBC0	勢力打倒・%s	세력 타도 - %s
0x4FBBD0	軍団	군단
0x4FBFB0	編成	편성
0x4FBFB8	決定	결정
0x4FC090	加盟	가맹
0x4FC098	金	금
0x4FC0A0	兵糧	병량
0x4FC0A8	兵士	병사
0x4FC0B0	ｱｲﾃﾑ	아이템
0x4FC0B8	なし	없음
0x4FC1E0	同盟	동맹
0x4FC2C0	破棄	파기
0x4FC380	脱退	탈퇴
0x4FC388	金	금
0x4FC390	兵糧	병량
0x4FC398	兵士	병사
0x4FC3A0	ｱｲﾃﾑ	아이템
0x4FC4B0	贈呈	증정
0x4FC4B8	金	금
0x4FC4C0	兵糧	병량
0x4FC4C8	兵士	병사
0x4FC4D0	ｱｲﾃﾑ	아이템
0x4FC5E0	要求	요구
0x4FC6C0	勧告	권고
0x4FC7A0	連合	연합
0x4FC7E0	檄	격문
0x4FC8C0	諜報	첩보
0x4FC990	破壊	파괴
0x4FCA90	埋伏	매복
0x4FCB90	内通	내통
0x4FCC80	離間	이간
0x4FCD60	扇動	선동
0x4FCE78	都市武将	도시 무장
0x4FCE88	武将	무장
0x4FCE90	都市	도시
0x4FCE98	勢力	세력
0x4FCEA0	軍団	군단
0x4FCEA8	官爵	관작
0x4FCEB0	災害	재해
0x4FCEB8	情報一覧	정보 일람
0x4FCEC8	セーブ	세이브
0x4FCED0	ロード	로드
0x4FCED8	環境設定	환경 설정
0x4FCEE8	武将編集	무장 편집
0x4FCEF8	都市編集	도시 편집
0x4FCF08	年表	연표
0x4FCF10	ゲーム終了	게임 종료
0x4FCF50	仕官	사관
0x4FCF58	納入	납입
0x4FCF60	引出	인출
0x4FCF68	開墾	개간
0x4FCF70	商業	상업
0x4FCF78	買う	구매
0x4FCF80	売る	판매
0x4FCF88	治安	치안
0x4FCF90	討伐	토벌
0x4FCF98	技術	기술
0x4FCFA0	訓練	훈련
0x4FCFA8	募兵	모병
0x4FCFB0	入金	입금
0x4FCFB8	出金	출금
0x4FCFC0	略奪	약탈
0x4FCFC8	補修	보수
0x4FCFD0	訪問	방문
0x4FCFD8	転居	이주
0x4FCFE0	鍛練	단련
0x4FCFE8	宴会	연회
0x4FCFF0	悪言	악언
0x4FCFF8	下野	하야
0x4FD000	発起	발기
0x4FD008	推挙	천거
0x4FD010	見聞	견문
0x4FD018	会話	대화
0x4FD020	寄贈	기증
0x4FD028	老人	노인
0x4FD030	男性	남성
0x4FD038	女性	여성
0x4FD040	金持	부자
0x4FD048	子供	아이
0x4FD050	乱暴	난폭
0x4FD058	旅人	나그네
0x4FD060	農民	농민
0x4FD068	肉屋	푸줏간
0x4FD070	魚屋	어물전
0x4FD078	万屋	잡화상
0x4FD080	工夫	인부
0x4FD088	衛兵	위병
0x4FD090	師範	사범
0x4FD098	鍛冶	대장간
0x4FD0A0	商人	상인
0x4FD0A8	行商	행상
0x4FD0B0	酒娘	주모
0x4FD0B8	飯娘	찬모
0x4FD0C0	恋人	연인
0x4FD0C8	小間	하녀
0x4FD0D0	小玉	소옥
0x4FD0D8	嫁	신부
0x4FD0E0	旦那	서방
0x4FD0E8	釣人	낚시꾼
0x4FD0F0	息子	아들
0x4FD0F8	娘	딸
0x4FD100	犬	개
0x4FD108	高札	게시판
0x4FD110	泥棒	도둑
0x4FD118	酔払	취객
0x4FD120	民	백성
0x4FD128	男女	남녀
0x4FD130	軍団	군단
0x4FD138	都市	도시
0x4FD140	編成	편성
0x4FD148	配属	배속
0x4FD150	異動	이동
0x4FD158	登用	등용
0x4FD160	授与	수여
0x4FD168	没収	몰수
0x4FD170	太守	태수
0x4FD178	軍師	군사
0x4FD180	解雇	해고
0x4FD188	輸送	수송
0x4FD190	出陣	출진
0x4FD198	購入	구입
0x4FD1A0	売却	매각
0x4FD1A8	徴兵	징병
0x4FD1B0	反乱	반란
0x4FD1B8	旗揚	거병
0x4FD1C0	放浪	방랑
0x4FD1C8	転地	이전
0x4FD1D0	贈呈	증정
0x4FD1D8	要求	요구
0x4FD1E0	同盟	동맹
0x4FD1E8	破棄	파기
0x4FD1F0	勧告	권고
0x4FD1F8	連合	연합
0x4FD200	脱退	탈퇴
0x4FD208	加盟	가맹
0x4FD210	離間	이간
0x4FD218	破壊	파괴
0x4FD220	扇動	선동
0x4FD228	内通	내통
0x4FD230	埋伏	매복
0x4FD238	諜報	첩보
0x4FD248	＋%d	＋%d
0x4FD250	－%d	－%d
0x4FD3A0	解除	해제
0x4FD3A8	決定	결정
0x4FD3B8	兵士	병사
0x4FD3F8	最大	최대
0x4FD400	兵科	병과
0x4FD448	出陣	출진
0x4FD450	兵器	병기
0x4FD570	春	춘
0x4FD578	夏	하
0x4FD580	秋	추
0x4FD588	冬	동
0x4FD598	%3d年%2d月%s	%3d년 %2d월%s
0x4FD680	勢力	세력
0x4FD688	軍団	군단
0x4FD690	太守	태수
0x4FD698	軍師	군사
0x4FD6A0	開発	개발
0x4FD6A8	商業	상업
0x4FD6B0	技術	기술
0x4FD6B8	防御	방어
0x4FD6C0	治安	치안
0x4FD6C8	金	금
0x4FD6D0	兵糧	병량
0x4FD6D8	兵士	병사
0x4FD6E0	人口	인구
0x4FD6E8	規模	규모
0x4FD6F0	武将	무장
0x4FD6F8	在野	재야
0x4FD700	放浪軍	방랑군
0x4FD708	商人	상인
0x4FD710	災害	재해
0x4FD718	仕事	업무
0x4FD720	目標	목표
0x4FD728	軍	군
0x4FD730	都市武将	도시 무장
0x4FD740	都市	도시
0x4FD7F8	春	춘
0x4FD800	夏	하
0x4FD808	秋	추
0x4FD810	冬	동
0x4FD818	%3d年%2d月%s	%3d년 %2d월%s
0x4FDF08	登録	등록
0x4FDF10	新規登録	신규 등록
0x4FDF20	内容変更	내용 변경
0x4FDF30	武将削除	무장 삭제
0x4FDF40	血縁設定	혈연 설정
0x4FDF50	血縁解除	혈연 해제
0x4FDF60	親友設定	친우 설정
0x4FDF70	親友解除	친우 해제
0x4FDF80	保存する	저장
0x4FDFA0	登録数 %3d/%3d	등록수 %3d/%3d
0x4FE000	%sを削除します\nよろしいですか？	%s 무장을\n삭제하시겠습니까?
0x4FE020	親にできる武将が存在しません	부모로 지정할 무장이 없습니다
0x4FE040	%sを%sの親に設定します\nよろしいですか？	%s 무장을 %s의 부모로\n설정하시겠습니까?
0x4FE070	%sの親をいなくします\nよろしいですか？	%s의 부모 설정을\n해제하시겠습니까?
0x4FE0A0	%sらの親をいなくします\nよろしいですか？	%s 등의 부모 설정을\n해제하시겠습니까?
0x4FE0D0	%sを%sと親友にします\nよろしいですか？	%s 무장과 %s 무장을\n친우로 하시겠습니까?
0x4FE100	%sの親友をなくします\nよろしいですか？	%s의 친우 설정을\n해제하시겠습니까?
0x4FE130	%sらの親友をなくします\nよろしいですか？	%s 등의 친우 설정을\n해제하시겠습니까?
0x4FE158	袁遺	원유
0x4FE160	李儒	이유
0x4FE168	鍾	종
0x4FE170	程普	정보
0x4FE178	許靖	허정
0x4FE180	鮑信	포신
0x4FE188	厳顔	엄안
0x4FE190	公孫	공손
0x4FE198	袁紹	원소
0x4FE1A0	陳宮	진궁
0x4FE1A8	曹操	조조
0x4FE1B0	孫堅	손견
0x4FE1B8	馬騰	마등
0x4FE1C0	呂布	여포
0x4FE1C8	夏侯惇	하후돈
0x4FE1D0	荀攸	순유
0x4FE1D8	高順	고순
0x4FE1E0	侯成	후성
0x4FE1E8	于禁	우금
0x4FE1F0	楽進	악진
0x4FE1F8	顔良	안량
0x4FE200	典韋	전위
0x4FE208	張遼	장료
0x4FE210	劉備	유비
0x4FE218	関羽	관우
0x4FE220	田豊	전풍
0x4FE228	夏侯淵	하후연
0x4FE230	甘寧	감녕
0x4FE238	虞翻	우번
0x4FE240	周倉	주창
0x4FE248	孫乾	손건
0x4FE250	糜竺	미축
0x4FE258	呉懿	오의
0x4FE260	太史慈	태사자
0x4FE268	張	장
0x4FE270	張飛	장비
0x4FE278	曹仁	조인
0x4FE280	趙雲	조운
0x4FE288	徐晃	서황
0x4FE290	曹洪	조홍
0x4FE298	郭嘉	곽가
0x4FE2A0	許	허
0x4FE2A8	王甫	왕보
0x4FE2B0	徳	덕
0x4FE2B8	李厳	이엄
0x4FE2C0	魯粛	노숙
0x4FE2C8	袁譚	원담
0x4FE2D0	王累	왕루
0x4FE2D8	諸葛瑾	제갈근
0x4FE2E0	李典	이전
0x4FE2E8	魏延	위연
0x4FE2F0	孫策	손책
0x4FE2F8	周瑜	주유
0x4FE300	馬超	마초
0x4FE308	朱桓	주환
0x4FE310	徐盛	서성
0x4FE318	顧雍	고옹
0x4FE320	呂蒙	여몽
0x4FE328	司馬懿	사마의
0x4FE330	統	통
0x4FE338	徐庶	서서
0x4FE340	孫礼	손례
0x4FE348	諸葛亮	제갈량
0x4FE350	木鹿大王	목록대왕
0x4FE360	朱然	주연
0x4FE368	孫権	손권
0x4FE370	馬岱	마대
0x4FE378	陸遜	육손
0x4FE380	孫翊	손익
0x4FE388	劉	유
0x4FE390	夏侯尚	하후상
0x4FE398	曹真	조진
0x4FE3A0	兀突骨	올돌골
0x4FE3A8	劉巴	유파
0x4FE3B0	関平	관평
0x4FE3B8	曹丕	조비
0x4FE3C0	蒋	장
0x4FE3C8	張翼	장익
0x4FE3D0	諸葛均	제갈균
0x4FE3D8	凌統	능통
0x4FE3E0	曹彰	조창
0x4FE3E8	馬謖	마속
0x4FE3F0	陳式	진식
0x4FE3F8	冷苞	냉포
0x4FE400	王平	왕평
0x4FE408	曹植	조식
0x4FE410	費	비
0x4FE418	劉封	유봉
0x4FE420	高翔	고상
0x4FE428	呂凱	여개
0x4FE430	王双	왕쌍
0x4FE438	向寵	상총
0x4FE440	顎煥	악환
0x4FE448	楽	악
0x4FE450	孫桓	손환
0x4FE458	艾	애
0x4FE460	張苞	장포
0x4FE468	陸凱	육개
0x4FE470	関興	관흥
0x4FE478	桓範	환범
0x4FE480	昭	소
0x4FE488	関索	관색
0x4FE490	夏侯楙	하후무
0x4FE498	周	주
0x4FE4A0	夏侯覇	하후패
0x4FE4A8	姜維	강유
0x4FE4B0	諸葛恪	제갈각
0x4FE4B8	滕胤	등윤
0x4FE4C0	夏侯威	하후위
0x4FE4C8	曹叡	조예
0x4FE4D0	公孫淵	공손연
0x4FE4D8	傳僉	부첨
0x4FE4E0	王濬	왕준
0x4FE4E8	諸葛誕	제갈탄
0x4FE4F0	曹爽	조상
0x4FE4F8	劉禅	유선
0x4FE500	夏侯玄	하후현
0x4FE508	司馬師	사마사
0x4FE510	趙統	조통
0x4FE518	孫登	손등
0x4FE520	趙広	조광
0x4FE528	陳泰	진태
0x4FE530	尹大目	윤대목
0x4FE538	司馬昭	사마소
0x4FE540	曹訓	조훈
0x4FE548	劉理	유리
0x4FE550	王渾	왕혼
0x4FE558	許儀	허의
0x4FE560	石苞	석포
0x4FE568	句安	구안
0x4FE570	師纂	사찬
0x4FE578	劉丞	유승
0x4FE580	呉綱	오강
0x4FE588	蒋斌	장빈
0x4FE590	王	왕
0x4FE598	賈充	가충
0x4FE5A0	関統	관통
0x4FE5A8	田続	전속
0x4FE5B0	関彝	관이
0x4FE5B8	孫峻	손준
0x4FE5C0	衛	위
0x4FE5C8	楊欣	양흔
0x4FE5D0	馬	마
0x4FE5D8	羊	양
0x4FE5E0	杜預	두예
0x4FE5E8	文鴦	문앙
0x4FE5F0	薛瑩	설영
0x4FE5F8	孫異	손이
0x4FE600	孫和	손화
0x4FE608	濮陽興	복양흥
0x4FE610	鍾会	종회
0x4FE618	張布	장포
0x4FE620	黄皓	황호
0x4FE628	陸抗	육항
0x4FE630	諸葛瞻	제갈첨
0x4FE638	司馬	사마
0x4FE640	滕脩	등수
0x4FE648	党均	당균
0x4FE650	全	전
0x4FE658	忠	충
0x4FE660	孫	손
0x4FE668	全紀	전기
0x4FE670	曹芳	조방
0x4FE678	張華	장화
0x4FE680	周旨	주지
0x4FE688	陳寿	진수
0x4FE690	王戎	왕융
0x4FE698	伍延	오연
0x4FE6A0	吾彦	오언
0x4FE6A8	孫休	손휴
0x4FE6B0	司馬炎	사마염
0x4FE6B8	張悌	장제
0x4FE6C0	荀愷	순개
0x4FE6C8	陶濬	도준
0x4FE6D0	劉	유
0x4FE6D8	丘建	구건
0x4FE6E0	万	만
0x4FE6E8	岑昏	잠혼
0x4FE6F0	曹髦	조모
0x4FE6F8	孫晧	손호
0x4FE700	孫亮	손량
0x4FE708	張象	장상
0x4FE710	諸葛尚	제갈상
0x4FE718	曹奐	조환
0x4FE720	胡淵	호연
0x4FE728	司馬攸	사마유
0x4FE730	陸景	육경
0x4FE740	黄巾の乱	황건의 난
0x4FE750	反董卓連合	반동탁연합
0x4FE760	官渡の戦い	관도대전
0x4FE770	赤壁の戦い	적벽대전
0x4FE780	夷陵の戦い	이릉대전
0x4FE790	五丈原の戦い	오장원대전
0x4FE800	年	년
0x4FE808	歳	세
0x4FE810	年生まれ	년생
0x4FE820	年からゲームに登場します	년부터 게임에 등장합니다
0x4FE840	同年に生まれた武将	같은 해에 태어난 무장
0x4FE868	－10年	－10년
0x4FE878	＋10年	＋10년
0x4FE888	－1年	－1년
0x4FE890	＋1年	＋1년
0x4FE898	生年入力	생년 입력
0x4FE948	顔選択	얼굴
0x4FEA30	あいうえおかきくけこさしすせそたちつてとなにぬねのはひふへほまみむめもや　ゆ　よらりるれろわ	가거고구그나너노누느다더도두드라러로루르마머모무므바버보부브사서소수스아어오우으자저조주즈이
0x4FEA90	あいうえおかきくけこさしすせそたちつてとなにぬねのはひふへほまみむめもや　ゆ　よらりるれろわをん　　がぎぐげござじずぜぞだぢづでどばびぶべぼぱぴぷぺぽぁぃぅぇぉゃゅょっ	가거고구그기개나너노누느니내다더도두드디대라러로루르리래마머모무므미매바버보부브비배사서소수스시새아어오우으이애자저조주즈지재차처초추츠치채카커코쿠크키캐타터토투트티태
0x4FEB40	アイウエオカキクケコサシスセソタチツテトナニヌネノハヒフヘホマミムメモヤ　ユ　ヨラリルレロワヲンー＝ガギグゲゴザジズゼゾダヂヅデドバビブベボパピプペポァィゥェォャュョッヴ	가거고구그기개나너노누느니내다더도두드디대라러로루르리래마머모무므미매바버보부브비배사서소수스시새아어오우으이애자저조주즈지재차처초추츠치채카커코쿠크키캐타터토투트티태하
0x4FEBF0	漢字	한자
0x4FEBF8	かな	히라
0x4FEC00	カナ	가타
0x4FEC08	その他	기타
0x4FEC10	削除	삭제
0x4FEC18	決定	결정
0x4FEC20	中止	중지
0x4FEC38	姓	성
0x4FEC40	名	명
0x4FEC48	字	자
0x4FEC50	ﾙﾋﾞ	읽기
0x4FEC58	名前入力	이름 입력
0x4FEC68	阿会	아회
0x4FEC70	ｱｶｲ	아회
0x4FEC78	韋	위
0x4FEC88	伊	이
0x4FEC90	尹	윤
0x4FEC98	ｲﾝ	윤
0x4FECA0	于	우
0x4FECB0	雲	운
0x4FECB8	ｳﾝ	운
0x4FECC0	衛	위
0x4FECC8	ｴｲ	위
0x4FECD0	越	월
0x4FECD8	ｴﾂ	월
0x4FECE0	袁	원
0x4FECE8	ｴﾝ	원
0x4FECF0	閻	염
0x4FECF8	於	어
0x4FED08	王	왕
0x4FED10	ｵｳ	왕
0x4FED18	区	구
0x4FED20	歐陽	구양
0x4FED28	ｵｳﾖｳ	구양
0x4FED30	何	하
0x4FED40	軻	가
0x4FED48	華	화
0x4FED50	賈	가
0x4FED58	賀	하
0x4FED60	ｶﾞ	가
0x4FED68	雅	아
0x4FED78	ｶｲ	괴
0x4FED80	俄何	아하
0x4FED88	ｶﾞｶ	아하
0x4FED90	郭	곽
0x4FED98	ｶｸ	곽
0x4FEDA0	霍	곽
0x4FEDB0	鄂	악
0x4FEDB8	ｶﾞｸ	악
0x4FEDC0	楽	악
0x4FEDC8	夏侯	하후
0x4FEDD0	ｶｺｳ	하후
0x4FEDD8	関	관
0x4FEDE0	ｶﾝ	관
0x4FEDE8	管	관
0x4FEDF0	韓	한
0x4FEDF8	甘	감
0x4FEE00	桓	환
0x4FEE08	簡	간
0x4FEE18	顔	안
0x4FEE20	ｶﾞﾝ	안
0x4FEE28	丘	구
0x4FEE30	ｶﾝｷｭｳ	관구
0x4FEE38	戯	희
0x4FEE48	紀	기
0x4FEE50	祁	기
0x4FEE58	魏	위
0x4FEE60	ｷﾞ	위
0x4FEE68	麹	국
0x4FEE70	ｷｸ	국
0x4FEE78	丘	구
0x4FEE80	ｷｭｳ	구
0x4FEE88	牛	우
0x4FEE90	ｷﾞｭｳ	우
0x4FEE98	許	허
0x4FEEA0	ｷｮ	허
0x4FEEA8	姜	강
0x4FEEB0	ｷｮｳ	강
0x4FEEB8	鞏	공
0x4FEEC0	橋	교
0x4FEED0	金	금
0x4FEED8	ｷﾝ	금
0x4FEEE0	金環	금환
0x4FEEE8	ｷﾝｶﾝ	금환
0x4FEEF0	虞	우
0x4FEEF8	ｸﾞ	우
0x4FEF08	ｹｲ	계
0x4FEF10	郤	극
0x4FEF18	ｹﾞｷ	극
0x4FEF20	牽	견
0x4FEF28	ｹﾝ	견
0x4FEF30	厳	엄
0x4FEF38	ｹﾞﾝ	엄
0x4FEF40	胡	호
0x4FEF50	呼	호
0x4FEF58	顧	고
0x4FEF60	呉	오
0x4FEF68	ｺﾞ	오
0x4FEF70	吾	오
0x4FEF78	伍	오
0x4FEF80	黄	황
0x4FEF88	ｺｳ	황
0x4FEF90	高	고
0x4FEF98	耿	경
0x4FEFA0	侯	후
0x4FEFA8	孔	공
0x4FEFB0	句	구
0x4FEFB8	江	강
0x4FEFC0	公孫	공손
0x4FEFC8	ｺｳｿﾝ	공손
0x4FEFD0	皇甫	황보
0x4FEFD8	ｺｳﾎ	황보
0x4FEFE0	兀	올
0x4FEFE8	ｺﾞﾂ	올
0x4FEFF0	左	좌
0x4FF000	崔	최
0x4FF008	ｻｲ	최
0x4FF010	蔡	채
0x4FF020	ｻｸ	채
0x4FF028	師	사
0x4FF038	施	시
0x4FF040	士孫	사손
0x4FF048	ｼｿﾝ	사손
0x4FF050	司馬	사마
0x4FF058	ｼﾊﾞ	사마
0x4FF060	謝	사
0x4FF068	ｼｬ	사
0x4FF070	車	거
0x4FF078	沙	사
0x4FF080	朱	주
0x4FF088	ｼｭ	주
0x4FF090	周	주
0x4FF098	ｼｭｳ	주
0x4FF0A0	州	주
0x4FF0A8	祝	축
0x4FF0B0	ｼｭｸ	축
0x4FF0B8	荀	순
0x4FF0C0	ｼﾞｭﾝ	순
0x4FF0C8	淳于	순우
0x4FF0D0	ｼﾞｭﾝｳ	순우
0x4FF0D8	徐	서
0x4FF0E0	ｼﾞｮ	서
0x4FF0E8	蒋	장
0x4FF0F0	ｼｮｳ	장
0x4FF0F8	鍾	종
0x4FF100	向	향
0x4FF108	邵	소
0x4FF118	諸葛	제갈
0x4FF120	ｼｮｶﾂ	제갈
0x4FF128	沈	심
0x4FF130	ｼﾝ	심
0x4FF138	申	신
0x4FF140	岑	잠
0x4FF148	審	심
0x4FF150	辛	신
0x4FF158	秦	진
0x4FF160	翠	취
0x4FF168	ｽｲ	취
0x4FF178	鄒	추
0x4FF180	ｽｳ	추
0x4FF188	成	성
0x4FF190	ｾｲ	성
0x4FF198	石	석
0x4FF1A0	ｾｷ	석
0x4FF1A8	薛	설
0x4FF1B0	ｾﾂ	설
0x4FF1B8	全	전
0x4FF1C0	ｾﾞﾝ	전
0x4FF1C8	単	선
0x4FF1D0	沮	저
0x4FF1E0	蘇	소
0x4FF1E8	曹	조
0x4FF1F0	ｿｳ	조
0x4FF1F8	宋	송
0x4FF200	臧	장
0x4FF208	ｿﾞｳ	장
0x4FF210	孫	손
0x4FF218	ｿﾝ	손
0x4FF220	戴	대
0x4FF228	ﾀｲ	대
0x4FF230	太史	태사
0x4FF238	ﾀｲｼ	태사
0x4FF240	帯来	대래
0x4FF248	ﾀｲﾗｲ	대래
0x4FF250	卓	탁
0x4FF258	ﾀｸ	탁
0x4FF260	朶思	타사
0x4FF268	ﾀﾞｼ	타사
0x4FF270	譚	담
0x4FF278	ﾀﾝ	담
0x4FF280	張	장
0x4FF288	ﾁｮｳ	장
0x4FF290	趙	조
0x4FF298	長孫	장손
0x4FF2A0	ﾁｮｳｿﾝ	장손
0x4FF2A8	陳	진
0x4FF2B0	ﾁﾝ	진
0x4FF2B8	程	정
0x4FF2C0	ﾃｲ	정
0x4FF2C8	丁	정
0x4FF2D0	鄭	정
0x4FF2D8	禰	예
0x4FF2E0	ﾃﾞｲ	예
0x4FF2E8	徹	철
0x4FF2F0	ﾃﾂ	철
0x4FF2F8	典	전
0x4FF300	ﾃﾝ	전
0x4FF308	田	전
0x4FF310	ﾃﾞﾝ	전
0x4FF318	杜	두
0x4FF320	ﾄﾞ	두
0x4FF328	滕	등
0x4FF330	ﾄｳ	등
0x4FF338	董	동
0x4FF340	陶	도
0x4FF348	唐	당
0x4FF350	党	당
0x4FF358	童	동
0x4FF370	馬	마
0x4FF378	ﾊﾞ	마
0x4FF380	裴	배
0x4FF388	ﾊｲ	배
0x4FF390	樊	번
0x4FF398	ﾊﾝ	번
0x4FF3A0	潘	반
0x4FF3A8	万	만
0x4FF3B0	ﾊﾞﾝ	만
0x4FF3B8	費	비
0x4FF3C8	卑	비
0x4FF3D0	糜	미
0x4FF3D8	ﾋﾞ	미
0x4FF3E0	傅	부
0x4FF3F0	武	무
0x4FF3F8	ﾌﾞ	무
0x4FF400	馮	풍
0x4FF408	ﾌｳ	풍
0x4FF410	伏	복
0x4FF418	ﾌｸ	복
0x4FF420	傅士	부사
0x4FF428	ﾌｼ	부사
0x4FF430	文	문
0x4FF438	ﾌﾞﾝ	문
0x4FF440	辺	변
0x4FF448	ﾍﾝ	변
0x4FF450	卞	변
0x4FF458	ﾍﾞﾝ	변
0x4FF460	歩	보
0x4FF470	逢	봉
0x4FF478	ﾎｳ	봉
0x4FF480	鮑	포
0x4FF488	法	법
0x4FF490	方	방
0x4FF4A0	忙	망
0x4FF4A8	ﾎﾞｳ	망
0x4FF4B0	穆	목
0x4FF4B8	ﾎﾞｸ	목
0x4FF4C0	北宮	북궁
0x4FF4C8	ﾎｸｷｭｳ	북궁
0x4FF4D0	濮陽	복양
0x4FF4D8	ﾎﾞｸﾖｳ	복양
0x4FF4E0	木鹿	목록
0x4FF4E8	ﾎﾞｸﾛｸ	목록
0x4FF4F0	満	만
0x4FF4F8	ﾏﾝ	만
0x4FF500	迷当	미당
0x4FF508	ﾒｲﾄｳ	미당
0x4FF510	毛	모
0x4FF518	ﾓｳ	모
0x4FF520	孟	맹
0x4FF528	兪	유
0x4FF538	愈	유
0x4FF540	楊	양
0x4FF548	ﾖｳ	양
0x4FF550	雍	옹
0x4FF558	羊	양
0x4FF560	雷	뇌
0x4FF568	ﾗｲ	뇌
0x4FF570	駱	낙
0x4FF578	ﾗｸ	낙
0x4FF580	李	이
0x4FF590	陸	육
0x4FF598	ﾘｸ	육
0x4FF5A0	劉	유
0x4FF5A8	ﾘｭｳ	유
0x4FF5B0	留	유
0x4FF5B8	呂	여
0x4FF5C0	ﾘｮ	여
0x4FF5C8	廖	요
0x4FF5D0	ﾘｮｳ	양
0x4FF5D8	梁	양
0x4FF5E0	凌	능
0x4FF5E8	倫	윤
0x4FF5F0	ﾘﾝ	임
0x4FF5F8	林	임
0x4FF600	冷	냉
0x4FF608	ﾚｲ	영
0x4FF610	魯	노
0x4FF620	盧	노
0x4FF628	楼	누
0x4FF630	ﾛｳ	누
0x4FF638	晏	안
0x4FF640	ｱﾝ	안
0x4FF648	安	안
0x4FF650	遺	유
0x4FF658	威	위
0x4FF660	彝	이
0x4FF668	維	유
0x4FF670	懿	의
0x4FF678	異	이
0x4FF690	ｲｸ	욱
0x4FF6A0	胤	윤
0x4FF6A8	允	윤
0x4FF6B0	宇	우
0x4FF6B8	羽	우
0x4FF6C0	栄	영
0x4FF6C8	瑩	영
0x4FF6D0	叡	예
0x4FF6D8	英	영
0x4FF6E0	嬰	영
0x4FF6E8	永	영
0x4FF6F0	奕	혁
0x4FF6F8	ｴｷ	혁
0x4FF700	懌	역
0x4FF708	悦	열
0x4FF710	淵	연
0x4FF718	延	연
0x4FF720	炎	염
0x4FF728	燕	연
0x4FF730	衍	연
0x4FF738	焉	언
0x4FF750	横	횡
0x4FF758	鴦	앙
0x4FF760	応	응
0x4FF768	恩	은
0x4FF770	ｵﾝ	온
0x4FF778	温	온
0x4FF780	嘉	가
0x4FF788	和	화
0x4FF790	化	화
0x4FF798	会	회
0x4FF7A0	楷	해
0x4FF7A8	懐	회
0x4FF7B0	恢	회
0x4FF7C8	亥	해
0x4FF7D0	ｶﾞｲ	개
0x4FF7D8	蓋	개
0x4FF7E0	艾	애
0x4FF7E8	凱	개
0x4FF7F0	愷	개
0x4FF800	覈	핵
0x4FF808	恪	각
0x4FF810	獲	획
0x4FF818	角	각
0x4FF828	煥	환
0x4FF830	幹	간
0x4FF838	奐	환
0x4FF840	完	완
0x4FF850	玩	완
0x4FF858	含	함
0x4FF860	煕	희
0x4FF868	基	기
0x4FF870	逵	규
0x4FF878	徽	휘
0x4FF880	既	기
0x4FF888	喜	희
0x4FF890	冀	기
0x4FF898	禧	희
0x4FF8B0	儀	의
0x4FF8B8	義	의
0x4FF8C0	宜	의
0x4FF8C8	羲	희
0x4FF8D8	吉	길
0x4FF8E0	ｷﾂ	길
0x4FF8E8	休	휴
0x4FF8F0	宮	궁
0x4FF8F8	球	구
0x4FF900	巨	거
0x4FF908	拠	거
0x4FF910	挙	거
0x4FF918	匡	광
0x4FF920	恭	공
0x4FF928	享	향
0x4FF930	矯	교
0x4FF938	勗	욱
0x4FF940	ｷｮｸ	욱
0x4FF948	嶷	의
0x4FF950	ｷﾞｮｸ	옥
0x4FF958	禁	금
0x4FF960	欽	흠
0x4FF968	瑾	근
0x4FF970	均	균
0x4FF978	鈞	균
0x4FF980	欣	흔
0x4FF998	銀	은
0x4FF9A0	ｷﾞﾝ	은
0x4FF9B8	勳	훈
0x4FF9C0	ｸﾝ	훈
0x4FF9C8	訓	훈
0x4FF9D0	羣	군
0x4FF9D8	ｸﾞﾝ	군
0x4FF9E0	経	경
0x4FF9E8	恵	혜
0x4FF9F0	瓊	경
0x4FF9F8	珪	규
0x4FFA00	景	경
0x4FFA08	厥	궐
0x4FFA10	ｹﾂ	궐
0x4FFA18	倹	검
0x4FFA20	権	권
0x4FFA28	憲	헌
0x4FFA30	堅	견
0x4FFA38	乾	건
0x4FFA40	騫	건
0x4FFA48	謙	겸
0x4FFA50	賢	현
0x4FFA58	建	건
0x4FFA60	虔	건
0x4FFA68	玄	현
0x4FFA70	彦	언
0x4FFA78	原	원
0x4FFA80	固	고
0x4FFA88	虎	호
0x4FFA98	伉	항
0x4FFAA0	浩	호
0x4FFAA8	興	흥
0x4FFAB0	貢	공
0x4FFAB8	綱	강
0x4FFAC0	皓	호
0x4FFAC8	康	강
0x4FFAD0	弘	홍
0x4FFAD8	晃	황
0x4FFAE0	昂	앙
0x4FFAE8	洪	홍
0x4FFAF0	紘	굉
0x4FFAF8	広	광
0x4FFB00	衡	형
0x4FFB08	抗	항
0x4FFB10	曠	광
0x4FFB20	渾	혼
0x4FFB28	ｺﾝ	혼
0x4FFB30	昏	혼
0x4FFB38	済	제
0x4FFB40	索	색
0x4FFB48	策	책
0x4FFB50	朔	삭
0x4FFB58	粲	찬
0x4FFB60	ｻﾝ	찬
0x4FFB68	讃	찬
0x4FFB70	賛	찬
0x4FFB78	纂	찬
0x4FFB88	志	지
0x4FFB90	旨	지
0x4FFB98	芝	지
0x4FFBA0	咨	자
0x4FFBA8	詩	시
0x4FFBB8	慈	자
0x4FFBC0	ｼﾞ	자
0x4FFBC8	竺	축
0x4FFBD0	ｼﾞｸ	축
0x4FFBD8	質	질
0x4FFBE0	ｼﾂ	질
0x4FFBF0	授	수
0x4FFBF8	ｼﾞｭ	수
0x4FFC00	儒	유
0x4FFC08	修	수
0x4FFC10	秀	수
0x4FFC18	繍	수
0x4FFC20	襲	습
0x4FFC28	習	습
0x4FFC30	醜	추
0x4FFC38	秋	추
0x4FFC40	緝	집
0x4FFC48	脩	수
0x4FFC50	寿	수
0x4FFC58	戎	융
0x4FFC60	ｼﾞｭｳ	융
0x4FFC68	柔	유
0x4FFC70	充	충
0x4FFC78	粛	숙
0x4FFC80	術	술
0x4FFC88	ｼﾞｭﾂ	술
0x4FFC90	濬	준
0x4FFC98	ｼｭﾝ	준
0x4FFCA0	峻	준
0x4FFCA8	儁	준
0x4FFCB8	順	순
0x4FFCC0	遵	준
0x4FFCC8	純	순
0x4FFCD0	循	순
0x4FFCD8	庶	서
0x4FFCE0	ｼｮ	서
0x4FFCE8	緒	서
0x4FFCF0	舒	서
0x4FFCF8	昭	소
0x4FFD00	賞	상
0x4FFD08	尚	상
0x4FFD10	紹	소
0x4FFD18	劭	소
0x4FFD20	翔	상
0x4FFD28	象	상
0x4FFD30	彰	창
0x4FFD38	韶	소
0x4FFD40	松	송
0x4FFD48	承	승
0x4FFD50	璋	장
0x4FFD58	渉	섭
0x4FFD60	昇	승
0x4FFD68	章	장
0x4FFD70	勝	승
0x4FFD78	丞	승
0x4FFD80	ｼﾞｮｳ	승
0x4FFD88	続	속
0x4FFD90	ｼｮｸ	식
0x4FFD98	植	식
0x4FFDA0	式	식
0x4FFDA8	謖	속
0x4FFDB0	進	진
0x4FFDB8	真	진
0x4FFDC0	震	진
0x4FFDC8	信	신
0x4FFDD8	仁	인
0x4FFDE0	ｼﾞﾝ	인
0x4FFDE8	任	임
0x4FFDF0	遂	수
0x4FFDF8	瑞	서
0x4FFE00	ｽﾞｲ	서
0x4FFE10	嵩	숭
0x4FFE18	斉	제
0x4FFE20	靖	정
0x4FFE28	正	정
0x4FFE30	旌	정
0x4FFE38	盛	성
0x4FFE40	性	성
0x4FFE48	静	정
0x4FFE50	政	정
0x4FFE58	星	성
0x4FFE68	籍	적
0x4FFE70	績	적
0x4FFE78	節	절
0x4FFE80	詮	전
0x4FFE88	ｾﾝ	선
0x4FFE90	暹	섬
0x4FFE98	旋	선
0x4FFEA0	瞻	첨
0x4FFEA8	僉	첨
0x4FFEB0	然	연
0x4FFEB8	禅	선
0x4FFEC0	祖	조
0x4FFEC8	祚	조
0x4FFED0	双	쌍
0x4FFED8	倉	창
0x4FFEE0	綜	종
0x4FFEE8	操	조
0x4FFEF0	爽	상
0x4FFF00	則	칙
0x4FFF08	ｿｸ	칙
0x4FFF10	ｿﾞｸ	속
0x4FFF18	巽	손
0x4FFF20	遜	손
0x4FFF28	佗	타
0x4FFF30	ﾀﾞ	타
0x4FFF38	泰	태
0x4FFF40	岱	대
0x4FFF48	沢	택
0x4FFF50	達	달
0x4FFF58	ﾀﾂ	달
0x4FFF60	丹	단
0x4FFF68	誕	탄
0x4FFF70	耽	탐
0x4FFF78	端	단
0x4FFF80	治	치
0x4FFF98	ﾁｮ	저
0x4FFFA0	忠	충
0x4FFFA8	ﾁｭｳ	충
0x4FFFB0	中	중
0x4FFFB8	冑	주
0x4FFFC0	疇	주
0x4FFFC8	稠	조
0x4FFFD0	仲	중
0x4FFFD8	沖	충
0x4FFFE8	寵	총
0x4FFFF0	昶	창
0x4FFFF8	超	초
0x500000	朝	조
0x500008	直	직
0x500010	ﾁｮｸ	직
0x500020	定	정
0x500028	悌	제
0x500030	鉄	철
0x500038	図	도
0x500048	都	도
0x500050	度	도
0x500058	統	통
0x500060	当	당
0x500068	登	등
0x500070	到	도
0x500078	騰	등
0x500088	銅	동
0x500090	ﾄﾞｳ	동
0x500098	徳	덕
0x5000A0	ﾄｸ	덕
0x5000A8	特	특
0x5000B0	惇	돈
0x5000B8	ﾄﾝ	돈
0x5000C0	頓	돈
0x5000C8	喃	남
0x5000D0	ﾅﾝ	남
0x5000D8	南	남
0x5000E0	寧	녕
0x5000E8	ﾈｲ	녕
0x5000F0	覇	패
0x500100	巴	파
0x500108	沛	패
0x500110	配	배
0x500118	柏	백
0x500120	ﾊｸ	백
0x500128	薄	박
0x500138	ﾊﾞｸ	박
0x500140	範	범
0x500148	班	반
0x500150	丕	비
0x500158	飛	비
0x500160	泌	비
0x500168	備	비
0x500178	ﾋﾟ	비
0x500180	豹	표
0x500188	ﾋｮｳ	표
0x500190	彪	표
0x500198	表	표
0x5001A0	評	평
0x5001A8	斌	빈
0x5001B0	ﾋﾝ	빈
0x5001B8	彬	빈
0x5001C0	旻	민
0x5001C8	ﾋﾞﾝ	민
0x5001D0	孚	부
0x5001D8	布	포
0x5001E0	普	보
0x5001E8	阜	부
0x5001F0	馥	복
0x500200	奮	분
0x500208	ﾌﾝ	분
0x500210	平	평
0x500218	ﾍｲ	평
0x500220	秉	병
0x500228	聘	빙
0x500230	辟	벽
0x500238	ﾍｷ	벽
0x500240	圃	포
0x500248	甫	보
0x500250	輔	보
0x500258	魴	방
0x500260	褒	포
0x500268	苞	포
0x500270	芳	방
0x500278	奉	봉
0x500280	鋒	봉
0x500288	豊	풍
0x500290	封	봉
0x500298	宝	보
0x5002A0	鳳	봉
0x5002A8	楙	무
0x5002B0	瑁	모
0x5002B8	望	망
0x5002C0	髦	모
0x5002C8	翻	번
0x5002D0	ﾎﾝ	번
0x5002D8	茂	무
0x5002E8	蒙	몽
0x5002F0	黙	묵
0x5002F8	ﾓｸ	묵
0x500300	瑜	유
0x500308	雄	웅
0x500310	ﾕｳ	웅
0x500318	攸	유
0x500320	融	융
0x500328	熊	웅
0x500330	優	우
0x500338	輿	여
0x500348	預	예
0x500350	与	여
0x500358	燿	요
0x500360	膺	응
0x500368	曄	엽
0x500370	耀	요
0x500378	揚	양
0x500380	容	용
0x500398	弋	익
0x5003A0	ﾖｸ	익
0x5003A8	翊	익
0x5003B0	翼	익
0x5003B8	覧	남
0x5003C0	ﾗﾝ	남
0x5003C8	蘭	난
0x5003D0	闌	난
0x5003D8	理	이
0x5003E0	立	입
0x5003E8	ﾘﾂ	입
0x5003F0	略	약
0x5003F8	ﾘｬｸ	약
0x500400	隆	융
0x500408	良	양
0x500410	亮	양
0x500418	遼	요
0x500420	陵	능
0x500428	諒	양
0x500438	琳	임
0x500440	累	누
0x500448	ﾙｲ	누
0x500450	霊	영
0x500458	礼	예
0x500460	烈	열
0x500468	ﾚﾂ	열
0x500470	輅	노
0x500478	朗	낭
0x500480	淮	회
0x500488	ﾜｲ	회
0x500490	娃	왜
0x500498	ｱｲ	애
0x5004A0	愛	애
0x5004A8	媛	원
0x5004B0	桜	앵
0x5004B8	花	화
0x5004C0	娥	아
0x5004C8	環	환
0x5004D0	葵	규
0x5004D8	綺	기
0x5004E0	菊	국
0x5004E8	嬌	교
0x5004F0	香	향
0x5004F8	玉	옥
0x500500	桂	계
0x500508	絹	견
0x500510	絢	현
0x500518	妍	연
0x500520	娟	연
0x500528	紅	홍
0x500530	彩	채
0x500538	嬢	양
0x500540	嬋	선
0x500548	茜	천
0x500550	藤	등
0x500558	梅	매
0x500560	ﾊﾞｲ	매
0x500568	璧	벽
0x500570	妙	묘
0x500578	ﾐｮｳ	묘
0x500580	藍	남
0x500588	綾	릉
0x500590	麗	여
0x500598	玲	영
0x5005A0	蓮	연
0x5005A8	ﾚﾝ	연
0x5005B0	命名を配偶者に任せます\nよろしいですか？	작명을 배우자에게\n맡기시겠습니까?
0x5005E0	名前の入力を中止します\nよろしいですか？	이름 입력을\n중지하시겠습니까?
0x500620	姓名を入力してください	성명을 입력해 주십시오
0x500640	登録武将に\n同じ名前の武将が存在します	등록무장 중에\n같은 이름의 무장이 있습니다
0x500708	名前	이름
0x500710	性別	성별
0x500718	顔	얼굴
0x500720	生年	생년
0x500728	内面	내면
0x500730	能力	능력
0x500738	スキル	스킬
0x500740	決定	결정
0x500748	中止	중지
0x500788	新武将登録	신무장 등록
0x500798	男性	남성
0x5007A0	女性	여성
0x5007B8	姓	성
0x5007C0	名	명
0x5007C8	字	자
0x5007D0	ルビ	읽기
0x5007D8	 性別	 성별
0x5007E0	 生年	 생년
0x5007E8	  志	지향
0x5007F0	 性格	 성격
0x5007F8	タイプ	타입
0x500800	武力	무력
0x500808	知力	지력
0x500810	政治	정치
0x500818	魅力	매력
0x500820	特技	특기
0x500828	戦法	전법
0x500830	初	초
0x500838	弐	이
0x500840	参	삼
0x500848	四	사
0x500850	五	오
0x500858	極	극
0x500860	姓名を入力してください	성명을 입력해 주십시오
0x500880	史実武将に\n同じ名前の武将が存在します	사실무장 중에\n같은 이름의 무장이 있습니다
0x5008B0	登録武将に\n同じ名前の武将が存在します	등록무장 중에\n같은 이름의 무장이 있습니다
0x5008E0	内容を変更しても\nよろしいですか？	내용을 변경해도\n괜찮으시겠습니까?
0x500938	孔	공
0x500940	丘	구
0x500948	仲尼	중니
0x500950	ｺｳｷｭｳ	공구
0x500958	張	장
0x500960	儀	의
0x500970	ﾁｮｳｷﾞ	장의
0x500978	藺	인
0x500980	相如	상여
0x500988	ﾘﾝｼｮｳｼﾞｮ	인상여
0x500998	楽	악
0x5009A0	毅	의
0x5009A8	ｶﾞｸｷ	악의
0x5009B0	白	백
0x5009B8	起	기
0x5009C0	ﾊｸｷ	백기
0x5009C8	李	이
0x5009D0	斯	사
0x5009D8	ﾘｼ	이사
0x5009E0	王	왕
0x5009E8	翦	전
0x5009F0	ｵｳｾﾝ	왕전
0x5009F8	范	범
0x500A00	増	증
0x500A08	ﾊﾝｿﾞｳ	범증
0x500A10	劉	유
0x500A18	邦	방
0x500A20	ﾘｭｳﾎｳ	유방
0x500A28	英	영
0x500A30	布	포
0x500A38	ｴｲﾌ	영포
0x500A40	韓	한
0x500A48	信	신
0x500A50	ｶﾝｼﾝ	한신
0x500A58	項	항
0x500A60	籍	적
0x500A68	羽	우
0x500A70	ｺｳｾｷ	항적
0x500A78	良	양
0x500A80	子房	자방
0x500A88	ﾁｮｳﾘｮｳ	장량
0x500A90	霍	곽
0x500A98	去病	거병
0x500AA0	ｶｸｷｮﾍｲ	곽거병
0x500AA8	孫	손
0x500AB0	濱	빈
0x500AB8	ｿﾝﾋﾟﾝ	손빈
0x500AC8	政	정
0x500AD0	ｴｲｾｲ	위청
0x500AD8	陳	진
0x500AE0	慶之	경지
0x500AE8	子雲	자운
0x500AF0	ﾁﾝｹｲｼ	진경지
0x500AF8	楊	양
0x500B00	大眼	대안
0x500B08	ﾖｳﾀｲｶﾞﾝ	양대안
0x500B10	高	고
0x500B18	長恭	장공
0x500B20	ｺｳﾁｮｳｷｮｳ	고장공
0x500B30	勣	적
0x500B38	ﾘｾｷ	이적
0x500B40	岳	악
0x500B48	飛	비
0x500B50	鵬拳	붕권
0x500B58	ｶﾞｸﾋ	악비
0x500B60	覇権	패권
0x500B68	大義	대의
0x500B70	中庸	중용
0x500B78	出世	출세
0x500B80	私欲	사욕
0x500B88	豪胆	호담
0x500B90	猪突	저돌
0x500B98	温和	온화
0x500BA0	冷静	냉정
0x500BA8	臆病	소심
0x500BB0	武力	무력
0x500BB8	知力	지력
0x500BC0	政治	정치
0x500BC8	魅力	매력
0x500BD0	将軍	장군
0x500BD8	提督	제독
0x500BE0	軍師	군사
0x500BE8	万能	만능
0x500BF0	平凡	평범
0x500C38	志	지
0x500C40	性格	성격
0x500C48	タイプ	타입
0x500C50	決定	결정
0x500C58	中止	중지
0x500C60	覇権	패권
0x500C68	大義	대의
0x500C70	中庸	중용
0x500C78	出世	출세
0x500C80	私欲	사욕
0x500C88	豪胆	호담
0x500C90	猪突	저돌
0x500C98	温和	온화
0x500CA0	冷静	냉정
0x500CA8	臆病	소심
0x500CB0	武力	무력
0x500CB8	知力	지력
0x500CC0	政治	정치
0x500CC8	魅力	매력
0x500CD0	将軍	장군
0x500CD8	提督	제독
0x500CE0	軍師	군사
0x500CE8	万能	만능
0x500CF0	平凡	평범
0x500D08	内面設定	내면 설정
0x500D20	能力と特技・戦法が初期化されます\nよろしいですか？	능력과 특기・전법이 초기화됩니다\n진행하시겠습니까?
0x500D60	特技・戦法が初期化されます\nよろしいですか？	특기・전법이 초기화됩니다\n진행하시겠습니까?
0x5011E8	ムービーを再生	동영상 재생
0x501438	特技	특기
0x501440	戦法	전법
0x501448	決定	결정
0x501450	中止	중지
0x501468	スキル設定	스킬 설정
0x501500	新しくゲームを始める	새 게임 시작
0x501518	お勧めシナリオ	추천 시나리오
0x501530	データをロードする	데이터 로드
0x501548	新武将登録	신무장 등록
0x501560	アイテムコレクション	아이템 컬렉션
0x501580	イベントコレクション	이벤트 컬렉션
0x501598	武将編集	무장 편집
0x5015B0	戦術キャンペーン	전술 캠페인
0x5015C8	データ引き継ぎ	데이터 인계
0x501680	"PlayStation BB Unit"にインストールします	"PlayStation BB Unit"에 설치합니다
0x501758	全員登場	전원 등장
0x501768	一部登場	일부 등장
0x501778	登場せず	등장 없음
0x501788	初級	초급
0x501790	上級	상급
0x5017A0	史実	사실
0x5017A8	仮想	가상
0x5017B8	短い	짧게
0x5017C0	長い	길게
0x5017C8	ステレオ	스테레오
0x5017D8	モノラル	모노럴
0x5017E8	ＯＮ	ＯＮ
0x5017F0	ＯＦＦ	ＯＦＦ
0x5017F8	登録武将	등록무장
0x501808	難易度	난이도
0x501810	モード	모드
0x501818	文字	문자
0x501820	ＢＧＭ	ＢＧＭ
0x501828	振動	진동
0x501830	操作説明	조작 설명
0x501840	決定	결정
0x501848	中止	중지
0x501850	登録武将は	등록무장은
0x501860	ゲームの難易度は	게임 난이도는
0x501880	武将の性格や相性、人脈は	무장의 성격, 상성, 인맥은
0x5018A0	メッセージの表示時間は	메시지 표시 시간은
0x5018B8	ＢＧＭの再生は	ＢＧＭ 재생은
0x5018C8	振動機能は	진동 기능은
0x5018E0	操作説明の表示は	조작 설명 표시는
0x501900	以下はゲーム中でも変更可能	아래는 게임 중에도 변경 가능
0x501950	三國志Ⅷのアイテム・イベントコレクション\nゲームクリア履歴のデータを読み込みますか？	삼국지8의 아이템・이벤트 컬렉션\n게임 클리어 이력 데이터를 읽어들이겠습니까?
0x5019B0	データを読み込みました\n引き継ぎ先のメモリーカード(PS2)を\nスロット１に用意してください	데이터를 읽어들였습니다\n인계할 메모리카드(PS2)를\n슬롯 1에 준비해 주십시오
0x501A10	三國志Ⅷの新武将データを読み込みますか？	삼국지 8의 신무장 데이터를 읽어들이겠습니까?
0x501BB0	黄巾の乱と揺らぐ漢朝\n        184年～188年	황건의 난과 흔들리는 한조\n        184년~188년
0x501BE0	姦臣董卓と群雄割拠\n        189年～192年	간신 동탁과 군웅할거\n        189년~192년
0x501C10	曹操と呂布\n        193年～198年	조조와 여포\n        193년~198년
0x501C30	官渡の戦いと華北の統一\n        199年～206年	관도대전과 화북 통일\n        199년~206년
0x501C60	赤壁の戦いと劉備の飛躍\n        207年～213年	적벽대전과 유비의 비약\n        207년~213년
0x501C90	漢中荊州攻防戦\n        214年～219年	한중 형주 공방전\n        214년~219년
0x501CC0	劉備の死と南征\n        220年～226年	유비의 죽음과 남정\n        220년~226년
0x501CF0	諸葛亮の北伐\n        227年～234年	제갈량의 북벌\n        227년~234년
0x501D20	蜀その後\n        241年～264年	그 후의 촉\n        241년~264년
0x501D40	英雄集結\n               271年	영웅 집결\n               271년
0x501E38	武力	무력
0x501E40	知力	지력
0x501E48	政治	정치
0x501E50	魅力	매력
0x501E58	変更	변경
0x501E60	決定	결정
0x501E68	中止	중지
0x501E70	ボーナス	보너스
0x501E80	能力設定	능력 설정
0x502098	前の時代	이전 시대
0x5020A8	次の時代	다음 시대
0x5020B8	%3d年%2d月	%3d년 %2d월
0x5020C8	担当	담당
0x5020D0	初期	초기
0x5020D8	曹操挙兵	조조 거병
0x5020E8	官渡の戦い	관도대전
0x5020F8	赤壁の戦い	적벽대전
0x502108	荊州攻防戦	형주 공방전
0x502118	第一次北伐	제1차 북벌
0x502130	桃園の誓い	도원결의
0x502140	夷陵前哨戦	이릉 전초전
0x502150	小覇王出陣	소패왕 출진
0x502160	反董卓連合	반동탁연합
0x502170	州攻防戦	주 공방전
0x502180	渭水復讐戦	위수 복수전
0x502190	夷陵の戦い	이릉대전
0x5021A0	南蛮制圧	남만 제압
0x502228	武将選択	무장 선택
0x502238	新勢力作成	새 세력 생성
0x502248	武将配置	무장 배치
0x502258	決定	결정
0x502260	中止	중지
0x5022C8	新勢力	신세력
0x5022D0	初期	초기
0x5022F8	君主	군주
0x502300	本拠	본거
0x502308	一般	일반
0x502310	状態	상태
0x502318	削除	삭제
0x502320	決定	결정
0x502328	中止	중지
0x502338	頭領	두령
0x502340	同志	동지
0x502350	勢力が変更されています\nよろしいですか?	세력이 변경되었습니다\n진행하시겠습니까?
0x502380	この勢力を削除して\n戻ってもよろしいですか?	이 세력을 삭제하고\n돌아가시겠습니까?
0x5023B0	現在の都市は中立ではありません。\n都市を変更してよろしいですか？	현재 도시는 중립이 아닙니다.\n도시를 변경하시겠습니까?
0x502450	決定	결정
0x502458	中止	중지
0x502478	身分	신분
0x502480	史実	사실
0x502488	勢力	세력
0x502490	放浪軍	방랑군
0x502498	都市	도시
0x5024A0	登録	등록
0x5024A8	選択中	선택중
0x5024B0	君主	군주
0x5024B8	都督	도독
0x5024C0	太守	태수
0x5024C8	軍師	군사
0x5024D0	一般	일반
0x5024D8	頭領	두령
0x5024E0	同志	동지
0x5024E8	在野	재야
0x5024F0	変更を破棄してもよろしいですか？	변경을 파기하겠습니까?
0x502578	曹操と魏	조조와 위
0x502588	劉備と蜀	유비와 촉
0x502598	孫家と呉	손가와 오
0x5025A8	名合戦集	명전투 모음
0x502628	決定	결정
0x502630	中止	중지
0x502638	勢力	세력
0x502640	所在	소재
0x502648	身分	신분
0x502650	武力	무력
0x502658	知力	지력
0x502660	政治	정치
0x502668	魅力	매력
0x502750	%d%d.？？？？？	%d%d.?????
0x502768	収集	수집
0x502780	イベントコレクション	이벤트 컬렉션
0x502808	名馬	명마
0x502810	武具	무구
0x502818	地図	지도
0x502820	医書	의서
0x502828	奇書	기서
0x502830	兵書	병서
0x502838	経書	경서
0x502840	史書	사서
0x502848	論文	논문
0x502850	玉璽	옥새
0x502858	宝物	보물
0x502860	装飾	장식
0x502870	収集	수집
0x502880	アイテムコレクション	아이템 컬렉션
0x502930	%d%d.？？？？？	%d%d.?????
0x502940	？？？？？	?????
0x5029A8	配置	배치
0x5029B0	初期	초기
0x5029B8	在野配置	재야 배치
0x5029C8	一般配置	일반 배치
0x5029D8	同志配置	동지 배치
0x5029E8	配置解除	배치 해제
0x5029F8	決定	결정
0x502A00	中止	중지
0x502A20	在野として配置された武将	재야로 배치된 무장
0x502A40	人	인
0x502A50	一般として配置された武将	일반으로 배치된 무장
0x502A70	同志として配置された武将	동지로 배치된 무장
0x502A90	配置可能な武将	배치 가능 무장
0x502AA0	未配置の武将	미배치 무장
0x502AC0	データを変更しても\nよろしいですか?	데이터를 변경해도\n괜찮으시겠습니까?
0x502AF0	データは変更されませんが\nよろしいですか?	데이터는 변경되지 않습니다만\n괜찮으시겠습니까?
0x502B88	新勢力１	신세력1
0x502B98	新勢力２	신세력2
0x502BA8	新勢力３	신세력3
0x502BB8	新勢力４	신세력4
0x502BC8	新勢力５	신세력5
0x502BD8	新勢力６	신세력6
0x502BE8	新勢力７	신세력7
0x502BF8	新勢力８	신세력8
0x502C08	決定	결정
0x502C10	中止	중지
0x502C38	本拠	본거
0x502C40	武将	무장
0x502C58	放浪軍	방랑군
0x502C70	データが変更されています\n破棄してもよろしいですか?	데이터가 변경되었습니다\n파기해도 괜찮으시겠습니까?
0x502D18	全員登場	전원 등장
0x502D28	一部登場	일부 등장
0x502D38	登場せず	등장 없음
0x502D48	初級	초급
0x502D50	上級	상급
0x502D60	史実	사실
0x502D68	仮想	가상
0x502D78	速い	빠름
0x502D80	遅い	느림
0x502D88	ステレオ	스테레오
0x502D98	モノラル	모노럴
0x502DA8	 ＯＮ	 ＯＮ
0x502DB0	ＯＦＦ	ＯＦＦ
0x502DB8	決定	결정
0x502DC0	中止	중지
0x502DC8	シナリオ	시나리오
0x502DD8	%3d年%2d月	%3d년 %2d월
0x502DE8	担当武将	담당무장
0x502DF8	登録武将	등록무장
0x502E08	 難易度	 난이도
0x502E10	 モード	 모드
0x502ED8	インストール	설치
0x502EF0	アンインストール	설치 해제
0x502F50	全史実武将のデータを初期化します\nよろしいですか？	모든 사실무장 데이터를 초기화합니다\n진행하시겠습니까?
0x502FF8	武将編集	무장 편집
0x503008	全初期化	전체 초기화
0x503018	保存する	저장
0x503040	武将のデータを編集します	무장 데이터를 편집합니다
0x503060	全史実武将に対する編集を取り消し、初期化します	모든 사실무장의 편집을 취소하고 초기화합니다
0x503090	編集したデータをメモリーカード(PS2)に保存します	편집한 데이터를 메모리 카드(PS2)에 저장합니다
0x5030C8	登録	등록
0x503108	内面	내면
0x503110	能力	능력
0x503118	スキル	스킬
0x503120	初期値	초기값
0x503128	決定	결정
0x503130	中止	중지
0x503160	編集を取り消して\n武将の能力を初期化します\nよろしいですか？	편집을 취소하고\n무장의 능력을 초기화합니다\n진행하시겠습니까?
0x5031B8	武将編集	무장 편집
0x5031C8	男性	남성
0x5031D0	女性	여성
0x5031F0	姓	성
0x5031F8	名	명
0x503200	字	자
0x503208	ルビ	읽기
0x503210	 性別	 성별
0x503218	 生年	 생년
0x503220	 寿命	 수명
0x503228	 有名	 유명
0x503230	タイプ	타입
0x503238	武力	무력
0x503240	知力	지력
0x503248	政治	정치
0x503250	魅力	매력
0x503258	特技	특기
0x503260	相性	상성
0x503268	義理	의리
0x503270	野望	야망
0x503278	冷静	냉정
0x503280	勇猛	용맹
0x503288	戦法	전법
0x503290	初	초
0x503298	弐	이
0x5032A0	参	삼
0x5032A8	四	사
0x5032B0	五	오
0x5032B8	極	극
0x5032C0	内容が変更されています\n変更を確定しますが\nよろしいですか？	내용이 변경되었습니다\n변경을 확정합니다만\n괜찮으시겠습니까?
0x503300	内容が変更されています\n変更を破棄しますが\nよろしいですか？	내용이 변경되었습니다\n변경을 파기합니다\n괜찮으시겠습니까?
0x503340	編集内容を確定します	편집 내용을 확정합니다
0x503360	編集を中止します	편집을 중지합니다
0x503398	武力	무력
0x5033A0	知力	지력
0x5033A8	政治	정치
0x5033B0	魅力	매력
0x5033B8	将軍	장군
0x5033C0	軍師	군사
0x5033C8	万能	만능
0x5033D0	平凡	평범
0x503438	寿命	수명
0x503440	有名	유명
0x503448	相性	상성
0x503450	義理	의리
0x503458	野望	야망
0x503460	冷静	냉정
0x503468	勇猛	용맹
0x503470	タイプ	타입
0x503478	得意分野	특기 분야
0x503488	武力	무력
0x503490	知力	지력
0x503498	政治	정치
0x5034A0	魅力	매력
0x5034A8	将軍	장군
0x5034B0	軍師	군사
0x5034B8	万能	만능
0x5034C0	平凡	평범
0x5034C8	打撃	타격
0x5034D0	射撃	사격
0x5034D8	奇襲	기습
0x5034E0	計略	계략
0x5034E8	決定	결정
0x5034F0	中止	중지
0x5034F8	内面設定	내면 설정
0x5038E8	担当武将	담당무장
0x5038F8	環境設定	환경 설정
0x503908	開戦	개전
0x503910	戻る	뒤로
0x503918	%d年%2d月 %s	%d년 %2d월 %s
0x503928	済	제
0x503930	未	미
0x5039C0	主人公にする武将の選択	주인공으로 할 무장 선택
0x503A80	曹操、隴を望んで\n西へと軍を進める	조조, 농을 바라보며\n서쪽으로 진군한다
0x503AB0	諸葛亮、先帝の遺を\n継ぎ北伐を決意す	제갈량, 선제의 유지를\n이어 북벌을 결의한다
0x503AE0	陸遜、謀を以て\n荊州を得んとする	육손, 계책으로\n형주를 노린다
0x503B00	軍神舞い降りて\n名高き合戦、今蘇る	군신이 강림하여\n이름난 전투가 되살아난다
0x503B90	陽平関の戦い	양평관 전투
0x503BA0	定軍山の戦い	정군산 전투
0x503BB0	葭萌関の戦い	가맹관 전투
0x503BC0	漢水の戦い	한수 전투
0x503BD0	剣閣の戦い	검각 전투
0x503BE0	長安の戦い	장안 전투
0x503BF0	天蕩山の戦い	천탕산 전투
0x503C00	成都の戦い	성도 전투
0x503C10	鳳鳴山の戦い	봉명산 전투
0x503C20	天水の戦い	천수 전투
0x503C30	祁山の戦い	기산 전투
0x503C40	漢中退却戦	한중 퇴각전
0x503C50	街亭の戦い	가정 전투
0x503C60	五丈原の戦い	오장원대전
0x503C70	荊州電撃戦	형주 전격전
0x503C80	上庸の戦い	상용 전투
0x503C90	麦城の戦い	맥성 전투
0x503CA0	西陵の戦い	서릉 전투
0x503CB0	夷陵の戦い	이릉대전
0x503CC0	江陵の戦い	강릉 전투
0x503CD0	白帝城の戦い	백제성 전투
0x503CE0	樊城の戦い	번성 전투
0x503CF0	虎牢関の戦い	호뢰관 전투
0x503D00	官渡の戦い	관도대전
0x503D10	長坂の戦い	장판 전투
0x503D20	赤壁の戦い	적벽대전
0x503D30	合肥の戦い	합비 전투
0x503D40	武力	무력
0x503D48	知力	지력
0x503D50	政治	정치
0x503D58	魅力	매력
0x503D80	？	?
0x503E78	置・除	배치, 해제
0x503E88	決定	결정
0x503E90	中止	중지
0x503E98	%sの戦い	%s 전투
0x504218	番号	번호
0x504220	部隊	부대
0x504228	所属	소속
0x504230	体力	체력
0x504238	兵士	병사
0x504240	負傷	부상
0x504248	兵科	병과
0x504250	士気	사기
0x504258	状態	상태
0x504260	戦法Ｐ	전법P
0x504268	ﾙﾋﾞ	읽기
0x504270	役	역할
0x504278	勢力	세력
0x504280	軍団	군단
0x504288	所在	소재
0x504290	兵器	병기
0x504298	行動	행동
0x5042A0	場所	장소
0x5042A8	武力	무력
0x5042B0	知力	지력
0x5042B8	政治	정치
0x5042C0	魅力	매력
0x5042C8	健康	건강
0x5042D0	戦功	전공
0x5042D8	突撃	돌격
0x5042E0	乱撃	난격
0x5042E8	撹乱	교란
0x5042F0	奇襲	기습
0x5042F8	槍衾	창벽
0x504300	車懸	차현
0x504308	火矢	화시
0x504310	斉射	제사
0x504318	乱射	난사
0x504320	矢嵐	화살비
0x504328	激流	격류
0x504330	烈火	열화
0x504338	落石	낙석
0x504340	妖術	요술
0x504348	攻城	공성
0x504350	地形	지형
0x504358	内通	내통
0x504360	埋伏	매복
0x504368	猛者	맹자
0x504370	智嚢	지낭
0x504378	治略	치략
0x504380	人徳	인덕
0x504388	耕作	경작
0x504390	商才	상재
0x504398	築城	축성
0x5043A0	警備	경비
0x5043A8	発明	발명
0x5043B0	威風	위풍
0x5043B8	天文	천문
0x5043C0	医術	의술
0x5043C8	弁舌	변설
0x5043D0	反計	반계
0x5043D8	挑発	도발
0x5043E0	混乱	혼란
0x5043E8	虚報	허보
0x5043F0	歩兵	보병
0x5043F8	騎兵	기병
0x504400	弩兵	노병
0x504408	水軍	수군
0x504410	偵察	정찰
0x504418	？？	??
0x504420	武力経験	무력경험
0x504430	知力経験	지력경험
0x504440	政治経験	정치경험
0x504450	魅力経験	매력경험
0x504460	攻撃力	공격력
0x504468	防御力	방어력
0x504470	字	자
0x504478	委任	위임
0x504480	指示	지시
0x504488	身分	신분
0x504490	軽歩	경보병
0x504498	重歩	중보병
0x5044A0	蛮兵	만병
0x5044A8	軽騎	경기병
0x5044B0	重騎	중기병
0x5044B8	山騎	산기
0x5044C0	連弩	연노
0x5044C8	象兵	상병
0x5044D0	井闌	정란
0x5044D8	投石	투석
0x5044E0	衝車	충차
0x5044E8	蒙衝	몽충
0x5044F0	楼船	누선
0x5044F8	城兵	성병
0x504500	正常	정상
0x504508	足止	저지
0x504510	恐慌	공황
0x504518	一般	일반
0x504520	総大将	총대장
0x504528	参軍	참군
0x504530	未到着	미도착
0x504538	待機	대기
0x504540	戦線離脱	전선 이탈
0x504558	委任中	위임중
0x504560	指示中	지시중
0x504568	砦守備	채 수비
0x504570	城守備	성 수비
0x504578	拠点攻撃	거점 공격
0x504588	拠点守備	거점 수비
0x504598	砦攻撃	채 공격
0x5045A0	城攻撃	성 공격
0x5045A8	移動	이동
0x5047D8	守城	수성
0x5047E0	野戦	야전
0x504B28	城	성
0x504B30	攻撃拠点	공격 거점
0x504B78	部隊	부대
0x504B80	特技	특기
0x504B88	戦法	전법
0x504B90	列伝	열전
0x504B98	ｱｲﾃﾑ	아이템
0x504BA0	部隊情報	부대 정보
0x504BE0	行動	행동
0x504BE8	勢力	세력
0x504BF0	所在	소재
0x504BF8	健康	건강
0x504C00	体力	체력
0x504C08	能力	능력
0x504C10	武力	무력
0x504C18	知力	지력
0x504C20	政治	정치
0x504C28	魅力	매력
0x504C30	経験	경험
0x504C38	兵科	병과
0x504C40	兵器	병기
0x504C48	士気	사기
0x504C50	戦法Ｐ	전법P
0x504C58	兵士	병사
0x504C60	負傷	부상
0x504C68	戦功	전공
0x504C70	委任	위임
0x504C78	指示	지시
0x504C80	状態	상태
0x504C88	地形	지형
0x504E30	入城しますか？	입성하겠습니까?
0x504E40	出城しますか？	출성하겠습니까?
0x504E50	戦術情報	전술 정보
0x504E60	自軍部隊	자군 부대
0x504E70	全体	전체
0x504E78	策略	책략
0x504E80	部隊	부대
0x504E88	情報一覧	정보 일람
0x504E98	環境設定	환경 설정
0x504EA8	ゲーム終了	게임 종료
0x504EE0	対象部隊を選択	대상 부대 선택
0x504FD8	設定	설정
0x504FE0	対象部隊を選択	대상 부대 선택
0x505010	退却先となる都市を選択	퇴각할 도시를 선택
0x505078	攻撃側正規軍	공격측 정규군
0x505088	守備側正規軍	수비측 정규군
0x505098	攻撃側援軍	공격측 원군
0x5050A8	守備側援軍	수비측 원군
0x5050B8	連合軍	연합군
0x505110	士気の低下により\n兵士が脱走している部隊が\nいるようです	사기 저하로 인해\n병사가 탈주하는 부대가\n있는 듯합니다
0x5051E0	　	
0x5051F0	%s%s%s　武%3d　体%3d	%s%s%s 무%3d 체%3d
0x5052E8	雨	비
0x5052F0	豪雨	호우
0x505300	進言	진언
0x505310	進言させる武将を選択	진언할 무장 선택
0x505328	設定	설정
0x5054E8	通常	통상
0x5054F0	迎撃	요격
0x5055F8	番号	번호
0x505600	策略	책략
0x505608	効果	효과
0x505610	適用	적용
0x505618	回数	횟수
0x505620	説明	설명
0x505628	特技	특기
0x505630	軍議Ｐ	군의P
0x505638	崩壁	붕벽
0x505640	地穴	지혈
0x505648	偽報	위보
0x505650	扇動	선동
0x505658	徴兵	징병
0x505660	堅牢	견뢰
0x505668	同討	동토
0x505670	抜道	샛길
0x505678	連環	연환
0x505680	鼓舞	고무
0x505688	風変	풍변
0x505690	天変	천변
0x505698	幻術	환술
0x5056A0	落雷	낙뢰
0x5056A8	城防御低下	성방어 저하
0x5056B8	攻撃力上昇	공격력 상승
0x5056C8	士気低下	사기 저하
0x5056D8	士気低下等	사기 저하 등
0x5056E8	城兵数増加	성병수 증가
0x5056F8	防御力強化	방어력 강화
0x505708	敵兵数減少	적병수 감소
0x505718	砦部隊帰城	채부대 귀성
0x505728	水上足止	수상 저지
0x505738	士気上昇	사기 상승
0x505748	風向変化	풍향 변화
0x505758	天候変化	날씨 변화
0x505768	敵混乱	적혼란
0x505770	部隊攻撃	부대 공격
0x505780	城	성
0x505788	敵軍	적군
0x505790	自軍	아군
0x505798	天候	날씨
0x5057A0	全軍	전군
0x5057E0	・	・
0x5058D0	所持していたアイテム	소지했던 아이템
0x5058F0	戦功第一 %s%s 戦功 %*s\n戦功第二 %s%s 戦功 %*s\n戦功第三 %s%s 戦功 %*s	전공 제1 %s%s 전공 %*s\n전공 제2 %s%s 전공 %*s\n전공 제3 %s%s 전공 %*s
0x505998	番号	번호
0x5059A0	地形	지형
0x5059A8	出陣	출진
0x5059B0	優先度	우선도
0x5059B8	無効	무효
0x5059C0	街道	가도
0x5059C8	平地	평지
0x5059D0	荒地	황야
0x5059D8	草地	초지
0x5059E0	森林	삼림
0x5059E8	湿地	습지
0x5059F0	山	산
0x5059F8	高山	고산
0x505A00	断崖	단애
0x505A08	浅瀬	여울
0x505A10	川	천
0x505A18	湖	호
0x505A20	城	성
0x505A28	砦	채
0x505A70	攻撃拠点	공격 거점
0x505A80	拠点	거점
0x505B48	通常	통상
0x505B50	強行	강행
0x505B58	攻撃	공격
0x505B60	射撃	사격
0x505BA8	委任解除	위임 해제
0x506320	番号	번호
0x506328	名前	이름
0x506330	火罠	불덫
0x506338	水罠	물덫
0x506340	岩罠	돌덫
0x506348	穴罠	굴덫
0x506350	毒罠	독덫
0x5063F0	攻撃側正規軍	공격측 정규군
0x506400	攻撃側増援軍	공격측 증원군
0x506410	攻撃側応援軍	공격측 응원군
0x506420	守備側正規軍	수비측 정규군
0x506430	守備側増援軍	수비측 증원군
0x506440	守備側応援軍	수비측 응원군
0x506450	速攻	속공
0x506458	通常	통상
0x506460	罠探	덫탐지
0x506468	出撃	출격
0x506470	迎撃	요격
0x506478	籠城	농성
0x506480	疾風	질풍
0x506488	堅陣	견진
0x506490	遠射	원사
0x506498	索敵	색적
0x5064A0	教唆	교사
0x5064A8	妙計	묘계
0x5064B0	竜船	용선
0x5064B8	罠壊	덫파괴
0x5064C0	堅壁	견벽
0x5064C8	白狼山	백랑산
0x5064D0	易京	역경
0x5064D8	白馬	백마
0x5064E0	官渡	관도
0x5064E8	壺関	호관
0x5064F0	定陶山	정도산
0x5064F8	虎牢関	호뢰관
0x506500	函谷関	함곡관
0x506508	潼関	동관
0x506510	街亭	가정
0x506518	武関	무관
0x506520	陳倉	진창
0x506528	祁山	기산
0x506530	狄道	적도
0x506538	合肥	합비
0x506540	濡須	유수
0x506548	赤壁	적벽
0x506550	博望坡	박망파
0x506558	西塞山	서새산
0x506560	夷陵	이릉
0x506568	陽平関	양평관
0x506570	剣閣	검각
0x506578	綿竹関	면죽관
0x506580	晴	맑음
0x506588	曇	흐림
0x506590	雨	비
0x506598	豪雨	호우
0x5065A0	雪	눈
0x5065B0	←	←
0x5065D0	→	→
0x5065E8	無	없음
0x506658	自軍部隊	자군 부대
0x506668	全体	전체
0x506670	策略	책략
0x506678	部隊	부대
0x506680	情報一覧	정보 일람
0x506690	環境設定	환경 설정
0x5066A0	ゲーム終了	게임 종료
0x5066C0	総大将・%s%s%sが\n戦線から離脱したため\n動揺が広がっています	총대장 %s%s%s의\n전선 이탈로\n동요가 퍼지고 있습니다
0x506780	戦法	전법
0x506790	実行する戦法を選択	실행할 전법 선택
0x5067E8	戦力	전력
0x5067F0	所属	소속
0x5067F8	状態	상태
0x506800	武将	무장
0x506808	特技１	특기1
0x506810	特技２	특기2
0x506818	特技３	특기3
0x506820	特技４	특기4
0x506828	戦法１	전법1
0x506830	戦法２	전법2
0x506838	戦法３	전법3
0x506840	戦法４	전법4
0x506848	部隊選択	부대 선택
0x506898	部隊一覧	부대 목록
0x5068A8	委任設定	위임 설정
0x5068F8	説明	설명
0x506900	策略選択	책략 선택
0x506958	設定	설정
0x506960	策略一覧	책략 목록
0x5069C8	策略	책략
0x5069D0	移動	이동
0x5069D8	攻撃	공격
0x5069E0	城攻	공성
0x5069E8	計戦	계략
0x5069F0	計略	계략
0x5069F8	組立	조립
0x506A00	解体	해체
0x506A08	入城	입성
0x506A10	出城	출성
0x506A18	退却	퇴각
0x506A20	委任	위임
0x506A28	待機	대기
0x506AA8	通常	통상
0x506AB0	一騎	일기
0x506AB8	射撃	사격
0x506AC0	戦法	전법
0x506AD0	攻撃	공격
0x506B18	通常	통상
0x506B20	射撃	사격
0x506B28	攻城	공성
0x506B30	城兵	성병
0x506B40	城攻	공성
0x506B88	寝返	배반
0x506B90	埋伏	매복
0x506B98	挑発	도발
0x506BA0	混乱	혼란
0x506BA8	大喝	호통
0x506BB0	沈静	진정
0x506BB8	消火	소화
0x506BC0	治癒	치유
0x506BD0	計略	계략
0x506C40	←	←
0x506C60	→	→
0x506C78	無風	무풍
0x506C88	風変	풍변
0x506CF8	晴	맑음
0x506D00	曇	흐림
0x506D08	雨	비
0x506D10	豪雨	호우
0x506D18	雪	눈
0x506D20	天変	천변
0x506DA8	戦況	전황
0x506DB0	戦術	전술
0x506DB8	罠	함정
0x506DC0	策略	책략
0x506DC8	進言	진언
0x506DD0	開戦	개전
0x506E38	敵指揮	적지휘
0x506E40	自援軍	아원군
0x506E48	敵援軍	적원군
0x506E50	戦場	전장
0x506E58	番号	번호
0x506E60	戦術	전술
0x506E68	説明	설명
0x506E70	必要特技	필요 특기
0x506EA8	・	・
0x506F28	説明	설명
0x506F30	特技	특기
0x506F38	戦術選択	전술 선택
0x506FF0	%sの戦い	%s 전투
0x507000	%s側%s	%s측%s
0x507008	｜%s軍	｜%s군
0x507178	委任	위임
0x5071B0	体力	체력
0x5071B8	兵士	병사
0x5071C0	士気	사기
0x5071C8	状態	상태
0x5071D0	解除	해제
0x5071D8	最大	최대
0x5071E0	決定	결정
0x507290	兵士	병사
0x507298	武力	무력
0x5072A0	知力	지력
0x5072A8	士気	사기
0x5072B0	体力	체력
0x5072B8	戦法Ｐ	전법P
0x5072C0	自軍部隊	자군 부대
0x5072D0	策略	책략
0x5072D8	部隊	부대
0x5072E0	全体	전체
0x507328	攻撃拠点	공격 거점
0x507338	城(%d)	성(%d)
0x507340	関(%d)	관(%d)
0x5073E0	全体情報	전체 정보
0x5073F0	攻撃側	공격측
0x5073F8	守備側	수비측
0x507400	勢力	세력
0x507408	総大将	총대장
0x507410	参軍	참군
0x507418	兵士	병사
0x507420	兵糧	병량
0x507428	部隊	부대
0x507430	援軍	원군
0x507438	%sの戦い	%s 전투
0x507448	残%2dターン	남은 %2d턴
0x507520	%3d年%2d月	%3d년 %2d월
0x507588	操作	조작
0x5075C8	頁切替	쪽전환
0x5077A8	就任	취임
0x5077B0	説明	설명
0x5077B8	官爵選択	관작 선택
0x507808	官爵一覧	관작 목록
0x507848	軍団	군단
0x507850	都市	도시
0x507858	武将	무장
0x507860	兵科	병과
0x507868	兵器	병기
0x507870	勢力情報	세력 정보
0x5078B0	官爵	관작
0x5078B8	国号	국호
0x5078C0	本拠	본거
0x5078C8	擁立	옹립
0x5078D0	技術Lv	기술Lv
0x5078D8	友好	우호
0x5078E0	金	금
0x5078E8	兵糧	병량
0x5078F0	兵士	병사
0x5078F8	人口	인구
0x507900	盟主勢力	맹주세력
0x507910	標的勢力	표적세력
0x507920	加盟勢力	가맹세력
0x507930	連合残月	연합잔월
0x507940	同盟残月	동맹잔월
0x507978	内政	내정
0x507980	状態	상태
0x507988	武将	무장
0x507990	都市情報	도시 정보
0x5079D0	州	주
0x5079D8	勢力	세력
0x5079E0	軍団	군단
0x5079E8	太守	태수
0x5079F0	軍師	군사
0x5079F8	在野	재야
0x507A00	金	금
0x507A08	兵糧	병량
0x507A10	兵士	병사
0x507A18	人口	인구
0x507A20	規模	규모
0x507A28	開発	개발
0x507A30	商業	상업
0x507A38	技術	기술
0x507A40	防御	방어
0x507A48	治安	치안
0x507A50	民心	민심
0x507A58	農村	농촌
0x507A60	市場	시장
0x507A68	工房	공방
0x507A70	城門	성문
0x507A78	屯所	둔소
0x507A80	兵舎	병영
0x507A88	方針	방침
0x507A90	収入	수입
0x507A98	支出	지출
0x507AA0	収支	수지
0x507AA8	商人	상인
0x507AB0	災害	재해
0x507AB8	放浪軍	방랑군
0x507AC0	対象	대상
0x507AC8	残月	남은달
0x507B28	都市	도시
0x507B30	武将	무장
0x507B38	軍団情報	군단 정보
0x507B70	勢力	세력
0x507B78	都督	도독
0x507B80	軍師	군사
0x507B88	本拠	본거
0x507B90	金	금
0x507B98	兵糧	병량
0x507BA0	兵士	병사
0x507BA8	人口	인구
0x507BB0	方針	방침
0x507BB8	対象	대상
0x507BC0	残都市	잔도시
0x507BF8	能力	능력
0x507C00	特技	특기
0x507C08	戦法	전법
0x507C10	状態	상태
0x507C18	目標	목표
0x507C20	人脈	인맥
0x507C28	列伝	열전
0x507C30	ｱｲﾃﾑ	아이템
0x507C38	武将情報	무장 정보
0x507C70	勢力	세력
0x507C78	軍団	군단
0x507C80	所在	소재
0x507C88	身分	신분
0x507C90	功績	공적
0x507C98	俸禄	봉록
0x507CA0	忠誠	충성
0x507CA8	仕官	사관
0x507CB0	実行	실행
0x507CB8	階級	계급
0x507CE0	官爵	관작
0x507CE8	武力	무력
0x507CF0	知力	지력
0x507CF8	政治	정치
0x507D00	魅力	매력
0x507D08	経験	경험
0x507D10	名声	명성
0x507D20	親密	친밀
0x507D30	健康	건강
0x507D38	年齢	연령
0x507D40	性別	성별
0x507D48	条件	조건
0x507D50	残月	남은달
0x507D58	仕事	업무
0x507D60	結婚	결혼
0x507D68	仇敵	구적
0x507D70	義兄弟	의형제
0x507D78	好敵手	호적수
0x507DB0	、他%3d名	, 외 %3d명
0x507DC0	、	,
0x507E28	特徴	특징
0x507E30	説明	설명
0x507E38	兵器選択	병기 선택
0x507E88	兵器一覧	병기 목록
0x507EC8	特徴	특징
0x507ED0	戦法１	전법1
0x507ED8	戦法２	전법2
0x507EE0	説明	설명
0x507EE8	兵科選択	병과 선택
0x507F38	兵科一覧	병과 목록
0x507F78	状態	상태
0x507F80	兵科１	병과1
0x507F88	兵科２	병과2
0x507F90	地形１	지형1
0x507F98	地形２	지형2
0x507FA0	説明	설명
0x507FA8	戦法選択	전법 선택
0x507FB8	戦法一覧	전법 목록
0x5080B8	？？	??
0x508168	初	초
0x508170	弐	이
0x508178	参	삼
0x508180	四	사
0x508188	五	오
0x508190	極	극
0x508198	未	미
0x5081C8	攻撃	공격
0x5081D0	特殊	특수
0x5081D8	逃亡	도망
0x5081E0	小技	약공
0x5081E8	大技	강공
0x5081F0	回復	회복
0x5081F8	愚弄	우롱
0x508200	威圧	위압
0x508208	温存	비축
0x508210	消費	소비
0x508218	堅守	견수
0x508220	反撃	반격
0x508228	全体	전체
0x508230	方針	방침
0x508238	気力	기력
0x508240	防御	방어
0x508248	決定	결정
0x5082E8	環境設定	환경 설정
0x5082F8	ゲーム終了	게임 종료
0x508438	資源	자원
0x508440	都市	도시
0x508448	州選択	주선택
0x508450	地図	지도
0x508458	州一覧	주목록
0x508488	特徴	특징
0x508490	説明	설명
0x508498	階級選択	계급 선택
0x5084A8	階級一覧	계급 목록
0x5084B8	九品官	9품관
0x5084C0	八品官	8품관
0x5084C8	七品官	7품관
0x5084D0	六品官	6품관
0x5084D8	五品官	5품관
0x5084E0	四品官	4품관
0x5084E8	三品官	3품관
0x5084F0	二品官	2품관
0x5084F8	一品官	1품관
0x508500	－－－	－－－
0x508508	番号	번호
0x508510	階級	계급
0x508518	説明	설명
0x508520	兵士上限	병사상한
0x508530	支度金	준비금
0x508538	必要功績	필요 공적
0x508548	俸禄	봉록
0x5085B8	状態	상태
0x5085C0	援軍選択	원군 선택
0x5085D0	地図	지도
0x5085D8	援軍一覧	원군 목록
0x508690	一覧	목록
0x508698	解除	해제
0x5086A0	決定	결정
0x5086C8	放浪軍	방랑군
0x5086D0	他%2d勢力	외 %2d세력
0x508718	勢力選択	세력선택
0x508728	勢力	세력
0x508730	友好	우호
0x508738	擁立	옹립
0x508740	金	금
0x508748	兵糧	병량
0x508750	兵士	병사
0x508798	勢力一覧	세력일람
0x5087D8	軍団選択	군단선택
0x5087E8	軍団	군단
0x5087F0	都督	도독
0x5087F8	本拠	본거
0x508800	方針	방침
0x508808	対象	대상
0x508810	金	금
0x508818	兵糧	병량
0x508820	兵士	병사
0x508868	軍団一覧	군단일람
0x5088A8	都市選択	도시선택
0x5088B8	都市	도시
0x5088C0	太守	태수
0x5088C8	勢力	세력
0x5088D0	金	금
0x5088D8	兵糧	병량
0x5088E0	兵士	병사
0x508928	都市一覧	도시일람
0x508C38	セーブ	세이브
0x508C40	ロード	로드
0x508D10	 はい 	 예 
0x508D20	いいえ	아니요
0x508DA0	閉じる	닫기
0x508E00	 はい 	 예 
0x508E10	いいえ	아니요
0x508EF0	三國志Ⅷ with パワーアップキット	삼국지 8 with 파워업 키트
0x508FE0	切替	전환
0x508FE8	※不明	※불명
0x508FF0	魏	위
0x508FF8	戦法	전법
0x509000	特技	특기
0x509008	戦法	전법
0x509010	特技	특기
0x509018	戦法	전법
0x509020	特技	특기
0x509028	戦法	전법
0x509030	特技	특기
0x5091C0	劉	유
0x5091C8	漢中王	한중왕
0x5091D0	漢	한
0x5091E0	秦	진
0x5091E8	劉	유
0x5091F0	呉	오
0x509200	魏	위
0x509218	漢	한
0x509220	曹操	조조
0x509228	曹操	조조
0x509230	孫権	손권
0x509238	秦	진
0x509240	呉	오
0x509248	劉	유
0x509250	漢	한
0x509258	成	성
0x509288	恋人	연인
0x509290	小玉	소옥
0x509298	嫁	가
0x5092A0	夫	남편
0x5092A8	釣人	낚시꾼
0x5092B0	息子	아들
0x5092B8	娘	딸
0x5092C0	犬	견
0x5092C8	高札	게시판
0x5092D0	男女	남녀
0x5092D8	番号	번호
0x5092E0	名前	이름
0x5092E8	説明	설명
0x5092F0	優先度	우선도
0x5092F8	位置	위치
0x509300	Ｘ	Ｘ
0x509308	Ｙ	Ｙ
0x509360	%sのうんちく	%s 지식
0x5093A0	文字	문자
0x5093A8	ＢＧＭ	ＢＧＭ
0x5093B0	振動	진동
0x5093B8	操作説明	조작 설명
0x5093C8	決定	결정
0x5093D0	中止	중지
0x5093D8	  短い	짧다
0x5093E0	  長い	길다
0x5093F0	ステレオ	스테레오
0x509400	モノラル	모노럴
0x509410	  ＯＮ	ＯＮ
0x509418	 ＯＦＦ	 ＯＦＦ
0x509420	環境設定	환경 설정
0x509888	援軍選択	원군 선택
0x509898	都市	도시
0x5098A0	太守	태수
0x5098A8	勢力	세력
0x5098B0	金	금
0x5098B8	兵糧	병량
0x5098C0	兵士	병사
0x5098F8	環境設定	환경 설정
0x509908	ゲーム終了	게임 종료
0x509A60	賊	적
0x509A68	疫病	역병
0x509A70	いなご	메뚜기
0x509A78	台風	태풍
0x509A80	洪水	홍수
0x509A88	大雪	대설
0x509A90	豊作	풍작
0x509A98	商人	상인
0x509AA0	後漢皇帝	후한 황제
0x509AC8	災害情報	재해 정보
0x509AE0	常駐商人	상주상인
0x509AF0	流浪商人	유랑 상인
0x509C50	"PlayStation BB Unit"にある\n三國志Ⅷ with パワーアップキットのゲームデータが\n読み込めません	"PlayStation BB Unit"에 있는\n삼국지 8 with 파워업키트의 게임 데이터를\n읽을 수 없습니다
0x509CB0	"PlayStation BB Unit"に付属の\n取扱説明書の指示に従って\n"PlayStation BB Unit"の修復を\n行ってください	"PlayStation BB Unit"에 딸린\n사용 설명서의 지시에 따라\n"PlayStation BB Unit"을 복구해\n주십시오
0x509D20	これ以降はＤＩＳＣから\n読み込みを行います	이후로는 ＤＩＳＣ에서\n읽어들입니다
0x509D50	"PlayStation BB Unit"にある\n三國志Ⅷ with パワーアップキットのゲームデータと\nＤＩＳＣのゲームデータの\nバージョンが一致しません	"PlayStation BB Unit"에 있는\n삼국지 8 with 파워업 키트의 게임 데이터와\nＤＩＳＣ의 게임 데이터의\n버전이 일치하지 않습니다
0x509DD0	一旦アンインストールしてから\nインストールをやり直してください	일단 설치 해제를 한 뒤\n설치를 다시 해 주십시오
0x509E10	"PlayStation BB Unit"が\n正しく接続されていません	"PlayStation BB Unit"이\n제대로 연결되어 있지 않습니다
0x509E50	"PlayStation BB Unit"が\nフォーマットされていません	"PlayStation BB Unit"이\n포맷되어 있지 않습니다
0x509E90	三國志Ⅷ with パワーアップキットのゲームデータが\nすでにインストールされています	삼국지 8 with 파워업 키트의 게임 데이터가\n이미 설치되어 있습니다
0x509EE0	"PlayStation BB Unit"にある\n三國志Ⅷ with パワーアップキットの\nゲームデータが読み込めません	"PlayStation BB Unit"에 있는\n삼국지 8 with 파워업키트의\n게임 데이터를 읽을 수 없습니다
0x509F40	"PlayStation BB Unit"の\n空き容量が不足しています\n三國志Ⅷ with パワーアップキットのゲームデータを\nインストールするには\n　[2b空き容量128MB以上\n[0bが必要です	"PlayStation BB Unit"의\n빈 용량이 부족합니다\n삼국지8 with 파워업키트의 게임 데이터를\n설치하려면\n　[2b빈 용량 128MB 이상\n[0b이 필요합니다
0x509FE0	"PlayStation BB Unit"に\n異常が見つかりました	"PlayStation BB Unit"에\n이상이 발견되었습니다
0x50A010	一旦不要なデータを削除してから\nインストールをやり直してください	일단 불필요한 데이터를 삭제한 뒤\n설치를 다시 해 주십시오
0x50A050	インストールに失敗しました	설치에 실패했습니다
0x50A070	三國志Ⅷ with パワーアップキットのゲームデータを\n"PlayStation BB Unit"にインストールします\nよろしいですか？	삼국지 8 with 파워업키트의 게임 데이터를\n"PlayStation BB Unit"에 설치합니다\n진행하시겠습니까?
0x50A0E0	インストールを中止しました	설치를 중지했습니다
0x50A100	三國志Ⅷ with パワーアップキットの\nゲームデータをインストールしています\n電源を切ったり、\n"PlayStation BB Unit"を抜いたり\nしないでください\n\n%2d％終了　　　　　　　　中断	삼국지 8 with 파워업 키트의\n게임 데이터를 설치하고 있습니다\n전원을 끄거나\n"PlayStation BB Unit"을 뽑거나\n하지 마십시오\n\n%2d％완료　　　　　　　　중단
0x50A1B0	インストールが完了しました	설치가 완료되었습니다
0x50A1D0	三國志Ⅷ with パワーアップキットのゲームデータを\n"PlayStation BB Unit"からアンインストールします\nよろしいですか？	삼국지 8 with 파워업키트의 게임 데이터를\n"PlayStation BB Unit"에서 제거합니다\n진행하시겠습니까?
0x50A250	アンインストールを中止しました	설치 해제를 중지했습니다
0x50A270	三國志Ⅷ with パワーアップキットの\nゲームデータをアンインストールしています	삼국지8 with 파워업키트의\n게임 데이터를 제거하고 있습니다
0x50A2C0	アンインストールが完了しました	설치 해제가 완료되었습니다
0x50A2E0	三國志Ⅷ with パワーアップキットの\nゲームデータがインストールされていません	삼국지8 with 파워업키트의\n게임 데이터가 설치되어 있지 않습니다
0x50A330	三國志Ⅷ with パワーアップキットのゲームデータの\nインストールを中断します\nよろしいですか？	삼국지 8 with 파워업 키트의 게임 데이터\n설치를 중단합니다\n진행하시겠습니까?
0x50A390	インストールを中断しました	설치를 중단했습니다
0x50A3B0	三國志Ⅷ with パワーアップキットのゲームデータの\nインストールを続行しますか？	삼국지8 with 파워업키트의 게임 데이터의\n설치를 계속하시겠습니까?
0x50A4B8	州選択	주선택
0x50A4C0	州	주
0x50A4C8	金	금
0x50A4D0	兵糧	병량
0x50A4D8	兵士	병사
0x50A8E0	三国志８ｗｉｔｈパワーアップキット	삼국지8ｗｉｔｈ파워업키트
0x50A930	メモリーカード(PS2)	메모리카드(PS2)
0x50A950	ポケットステーション	포켓스테이션
0x50A970	MEMORY CARD 差込口%sの%sは\nフォーマットされていません	MEMORY CARD 슬롯%s의 %s\n포맷되어 있지 않습니다
0x50A9B0	フォーマットしますか？	포맷하겠습니까?
0x50A9D0	フォーマットに失敗しました	포맷에 실패했습니다
0x50A9F0	MEMORY CARD 差込口%sの%sを\nﾌｫｰﾏｯﾄ中です。%sを抜いたり、\n電源を切ったり、リセットをしないでください	MEMORY CARD 슬롯%s의 %s\n포맷 중입니다. %s 카드를 뽑거나,\n전원을 끄거나, 리셋하지 마십시오
0x50AA60	MEMORY CARD 差込口%sの%sに\nセーブ中です。%sを抜いたり、\n電源を切ったり、リセットをしないでください	MEMORY CARD 슬롯%s의 %s에\n세이브 중입니다. %s을(를) 뽑거나\n전원을 끄거나 리셋하지 마십시오
0x50AAD0	MEMORY CARD 差込口%sの%sから\nロード中です。%sを抜いたり、\n電源を切ったり、リセットをしないでください	MEMORY CARD 슬롯%s의 %s에서\n로드 중입니다. %s을(를) 뽑거나\n전원을 끄거나 리셋하지 마십시오
0x50AB40	MEMORY CARD 差込口%sの%sを\nチェック中です。%sを抜いたり、\n電源を切ったり、リセットをしないでください	MEMORY CARD 슬롯%s의 %s을(를)\n확인 중입니다. %s을(를) 뽑거나\n전원을 끄거나 리셋하지 마십시오
0x50ABB0	空き容量が不足しています	빈 용량이 부족합니다
0x50ABD0	%sが\nMEMORY CARD 差込口%sに差されていません	%s\nMEMORY CARD 슬롯%s에 꽂혀 있지 않습니다
0x50AC00	%sが差されていません	%s 삽입되어 있지 않습니다
0x50AC20	%sが認識できませんでした	%s 인식할 수 없었습니다
0x50AC40	セーブするにはMEMORY CARD 差込口１に\n%s[2b空き容量%4dKB以上\n[0bが必要です	세이브하려면 MEMORY CARD 삽입구 1에\n%s[2b빈 용량 %4dKB 이상\n[0b이 필요합니다
0x50AC90	セーブするにはMEMORY CARD 差込口１に\n・%s 　[2b%4dKB\n[0b・%s　[2b%4dKB[0bが必要です	세이브하려면 MEMORY CARD 삽입구 1에\n・%s 　[2b%4dKB\n[0b・%s　[2b%4dKB[0b이 필요합니다
0x50ACF0	MEMORY CARD 差込口%sから%sが\n抜かれました	MEMORY CARD 슬롯%s에서 %s\n제거되었습니다
0x50AD20	MEMORY CARD 差込口%sから%sが\n抜かれたためセーブを中断しました	MEMORY CARD 슬롯%s에서 %s\n제거되어 세이브를 중단했습니다
0x50AD60	MEMORY CARD 差込口%sから%sが\n抜かれたためロードを中断しました	MEMORY CARD 슬롯%s에서 %s\n제거되어 로드를 중단했습니다
0x50ADA0	MEMORY CARD 差込口%sから%sが\n抜かれたためフォーマットを中断しました	MEMORY CARD 슬롯%s에서 %s\n제거되어 포맷을 중단했습니다
0x50ADF0	MEMORY CARD 差込口%sの%sには\nデータがありません	MEMORY CARD 슬롯%s의 %s에는\n데이터가 없습니다
0x50AE20	セーブに失敗しました	세이브에 실패했습니다
0x50AE40	ロードに失敗しました	로드에 실패했습니다
0x50AE60	セーブするデータを選んでください	세이브할 데이터를 선택해 주십시오
0x50AE90	ロードするデータを選んでください	로드할 데이터를 선택해 주십시오
0x50AEC0	セーブが終了しました	세이브가 종료되었습니다
0x50AEE0	ロードが終了しました	로드가 종료되었습니다
0x50AF00	%sを続けますか？	%s 계속하겠습니까?
0x50AF20	このゲームはセーブしなくても遊ぶことが可能で\nすが、データをセーブするには	이 게임은 세이브하지 않아도 즐길 수 있으나\n데이터를 세이브하려면
0x50AF80	　　　　　　　　　　空き容量%3dKB以上	　　　　　　　　　　빈용량%3dKB 이상
0x50AFA8	が必要です\n	이 필요합니다\n
0x50AFC0	　・%s　　\n　・%s　　	　・%s　　\n　・%s　　
0x50AFE0	　　　　　　　　　　　　　　%3dKB以上\n　　　　　　　　　　　　　　%3dKB以上	　　　　　　　　　　　　　　%3dKB 이상\n　　　　　　　　　　　　　　%3dKB 이상
0x50B030	のどちらかが必要です\n	이 중 하나가 필요합니다\n
0x50B050	またMEMORY CARD 差込口１のみ対応しています\n	또한 MEMORY CARD 슬롯1만 지원합니다\n
0x50B080	このままではセーブできない可能\n性があります。このままで開始し\nますか？	이대로는 세이브할 수 없을지도\n모릅니다. 이대로 시작하시겠\n습니까?
0x50B0D0	すでにデータがありますが、\n上書きしてもよろしいですか？	이미 데이터가 있습니다만,\n덮어써도 괜찮으시겠습니까?
0x50B110	新武将のデータを更新します\nよろしいですか？	신무장 데이터를 갱신합니다\n진행하시겠습니까?
0x50B140	武将編集のデータを更新します\nよろしいですか？	무장 편집 데이터를 갱신합니다\n진행하시겠습니까?
0x50B170	MEMORY CARD 差込口%sの%sに\n共通データを作成しています。[1b時間がかかります\n[0b%sを抜いたり、\n電源を切ったり、リセットをしないでください	MEMORY CARD 삽입구%s의 %s에\n공통 데이터를 작성하고 있습니다.[1b시간이 걸립니다\n[0b%s 분리,\n전원 차단, 리셋을 하지 마십시오
0x50B200	セーブできますので、\nゲームを開始します	세이브할 수 있으므로\n게임을 시작합니다
0x50B230	登録した武将を使用するには%s\nに[2bセーブしなければなりません[0bが登録しますか？	등록한 무장을 사용하려면 %s에\n[2b세이브해야 합니다[0b. 등록하시겠습니까?
0x50B290	保存しないと\n[2b編集した内容が反映されません[0b\n新武将登録を終了しますか？	저장하지 않으면\n[2b편집 내용이 반영되지 않습니다[0b\n등록을 종료하시겠습니까?
0x50B2E0	セーブデータのバージョンが異なります\nセーブデータを削除してください(DEBUG)	세이브 데이터의 버전이 다릅니다\n세이브 데이터를 삭제해 주십시오(DEBUG)
0x50B330	このままではセーブできない\n可能性があります。このままで\n開始しますか？	이대로는 세이브할 수 없을\n가능성이 있습니다. 이대로\n시작하시겠습니까?
0x50B380	それは困りましたね…	그것 참 곤란하군요…
0x50B3A0	このままではセーブができぬが\nゲームを始めてもよいか？	이대로는 세이브를 할 수 없네만\n게임을 시작해도 되겠는가?
0x50B3E0	ようし！\n腕が鳴るわい	좋았어!\n팔이 근질거리는군
0x50B400	ではメモリーカード(PS2)を\n用意するしかあるまい\nわしは酒でも飲んで待っておる	그럼 메모리카드(PS2)를\n준비할 수밖에 없겠군\n나는 술이나 마시며 기다리겠네
0x50B450	このままでは\nセーブすることができぬ\nゲームを始めてもよいかな？	이대로는\n세이브할 수가 없네\n게임을 시작해도 되겠는가?
0x50B490	うむ\nよいぞ、よいぞ	음\n좋아, 좋아
0x50B4B0	困ったお方じゃ…	곤란한 분이로군…
0x50B4D0	このままでは\nセーブできませぬが\n始めてもよろしいかな？	이대로는\n세이브할 수 없사옵니다만\n시작해도 괜찮으신지요?
0x50B510	誠に賢明でいらっしゃる\n備えあれば憂いなし\nですからな	참으로 현명하십니다\n유비무환이라고\n하지 않습니까
0x50B550	それは困りましたな…	그것 참 곤란하구려…
0x50B570	このままでは\nセーブできぬが\n始めてもよろしいかな？	이대로는\n세이브할 수 없네만\n시작해도 괜찮겠는가?
0x50B5B0	なんと\n持っておったのだな\nでは始めるぞ	이런\n가지고 있었구먼\n그럼 시작하지
0x50B5E0	さようか\nでは始められぬのう	그런가\n그럼 시작할 수 없겠군
0x50B600	このままでは\nセーブできぬ\n始めてもよいのか？	이대로는\n세이브할 수 없다\n시작해도 되겠는가?
0x50B630	よし\nでは始めるぞ	좋다\n그럼 시작하겠다
0x50B650	さようか…\nではメモリーカード(PS2)が\n必要だな	그런가…\n그럼 메모리카드(PS2)가\n필요하겠군
0x50B680	このままでは\nセーブできぬぞ\n始めてもよいな？	이대로는\n세이브할 수 없다\n시작해도 괜찮은가?
0x50B6B0	おお、お持ちであったか\nでは始めよう	오오, 가지고 계셨는가\n그럼 시작하지
0x50B6E0	さようですか…\nでは私もここで\n待たせていただきましょう	그렇습니까…\n그럼 저도 여기서\n기다리도록 하겠습니다
0x50B720	このままゲームを始められても\nセーブはできませぬぞ\nそれでもよろしいかな？	이대로 게임을 시작하셔도\n세이브는 할 수 없사옵니다\n그래도 괜찮으시겠습니까?
0x50B770	おお\nいらぬ心配だったようですな\nでは始めましょう	오오\n괜한 걱정이었던 것 같군요\n그럼 시작합시다
0x50B7B0	さようか…\nそれは困りましたな	그런가…\n그것 참 곤란하구려
0x50B7D8	ロード	로드
0x50B808	セーブ	세이브
0x50B810	フォーマット	포맷
0x50B828	新武将セーブ	신무장 세이브
0x50B838	新武将ロード	신무장 로드
0x50B848	編集武将セーブ	편집무장 세이브
0x50B858	編集武将ロード	편집무장 로드
0x50B868	環境設定ロード	환경 설정 로드
0x50B880	アイテムコレクションロード	아이템 컬렉션 로드
0x50B8A0	イベントコレクションロード	이벤트 컬렉션 로드
0x50B8C0	ゲームクリア履歴ロード	게임 클리어 이력 로드
0x50B8E0	セーブ情報ロード	세이브 정보 로드
0x50B8F8	共通設定ロード	공통 설정 로드
0x50B910	アイテムコレクションセーブ	아이템 컬렉션 세이브
0x50B930	イベントコレクションセーブ	이벤트 컬렉션 세이브
0x50B950	ゲームクリア履歴セーブ	게임 클리어 이력 세이브
0x50B970	戦術キャンペーン履歴ロード	전술 캠페인 이력 로드
0x50B990	戦術キャンペーン履歴セーブ	전술 캠페인 이력 세이브
0x50B9B0	三國志Ⅷデータロード	삼국지 8 데이터 로드
0x50B9D0	三國志Ⅷ with パワーアップキットデータセーブ	삼국지 8 with 파워업 키트 데이터 세이브
0x50BA20	ここまでの内容をセーブしますか？	여기까지의 내용을 세이브하겠습니까?
0x50BA50	アイテムコレクションのデータが更新されています\nメモリーカード(PS2)に保存しますか？	아이템 컬렉션 데이터가 갱신되었습니다\n메모리카드(PS2)에 저장하시겠습니까?
0x50BAB0	イベントコレクションのデータが更新されています\nメモリーカード(PS2)に保存しますか？	이벤트 컬렉션 데이터가 갱신되었습니다\n메모리카드(PS2)에 저장하시겠습니까?
0x50BB10	ゲームクリア履歴のデータが更新されています\nメモリーカード(PS2)に保存しますか？	게임 클리어 이력 데이터가 갱신되었습니다\n메모리카드(PS2)에 저장하시겠습니까?
0x50BB60	戦術キャンペーン履歴を\nメモリーカード(PS2)にセーブします\nよろしいですか？	전술 캠페인 이력을\n메모리카드(PS2)에 세이브합니다\n진행하시겠습니까?
0x50BBB0	三國志Ⅷのアイテム・イベントコレクション\nゲームクリア履歴のデータを\nメモリーカード(PS2)に保存しますか？	삼국지8의 아이템・이벤트 컬렉션\n게임 클리어 이력의 데이터를\n메모리카드(PS2)에 저장하시겠습니까?
0x50BC18	夫	남편
0x50BC20	妻	처
0x50BC28	少女	소녀
0x50BC30	少年	소년
0x50BC80	特技「%s」	특기「%s」
0x50BC90	特技	특기
0x50BC98	戦法「%s」	전법「%s」
0x50BCA8	戦法	전법
0x50BCB0	資質なし　　　　	자질없음　　　　
0x50BCD0	人並み　　　　　	평범　　　　　　
0x50BCF0	心得あり　　　　	소양있음　　　　
0x50BD10	猛者　　　　　　	맹장　　　　　　
0x50BD30	剛の者　　　　　	강자　　　　　　
0x50BD50	一騎当千　　　　	일기당천　　　　
0x50BD70	天下無双　　　　	천하무쌍　　　　
0x50BD90	識者　　　　　　	식자　　　　　　
0x50BDB0	賢者　　　　　　	현자　　　　　　
0x50BDD0	変幻無窮の策士　	변환무궁의책사　
0x50BDF0	希世の天才　　　	희세의천재　　　
0x50BE10	策士　　　　　　	책사　　　　　　
0x50BE30	権謀術策の士　　	권모술책의사　　
0x50BE50	名君の政術　　　	명군의정술　　　
0x50BE70	神君の徳治　　　	신군의덕치　　　
0x50BE90	明星　　　　　　	샛별　　　　　　
0x50BEB0	稟姓の声望　　　	품성의성망　　　
0x50BED0	天資の徳望　　　	천자의덕망　　　
0x50BEF0	神の恩寵者　　　	신의은총자　　　
0x50BF10	　これ以上は無理　	　이 이상은 무리　
0x50BF30	　少しだけ伸びる　	　조금만 늘어남　
0x50BF50	　まだまだ伸びる　	　아직 더 늘어남　
0x50BF70	　大いに期待　　　	　크게 기대　　　
0x50BF98	武力	무력
0x50BFA0	知力	지력
0x50BFA8	政治	정치
0x50BFB0	魅力	매력
0x50BFB8	冷静	냉정
0x50BFC0	勇猛	용맹
0x50BFF8	息子	아들
0x50C000	娘	딸
0x50C008	都市	도시
0x50C6A8	%d年	%d년
0x50C6B0	%d年%d月	%d년 %d월
0x50C6E8	年表	연표
0x50C6F0	戻る	뒤로
0x50C6F8	、	,
0x50C700	。	.
0x50C710	%3d年  　　　 	%3d년
0x50C720	%3d年%2d月　　 	%3d년 %2d월
0x50C730	   　  　　　 	
0x50C748	頁切替	쪽전환
0x50C750	番号	번호
0x50C988	 金 	금
0x50C990	商人	상인
0x50C998	 決定 	결정
0x50C9A8	 中止 	중지
0x50C9B8	州	주
0x50C9C0	勢力	세력
0x50C9C8	太守	태수
0x50C9D0	武将	무장
0x50C9D8	軍団	군단
0x50C9E0	軍師	군사
0x50C9E8	在野	재야
0x50C9F0	内政	내정
0x50C9F8	民心	민심
0x50CA00	都市編集	도시 편집
0x50CA18	非常駐	비상주
0x50CA20	常駐	상주
0x50CA28	農耕	농경
0x50CA30	商業	상업
0x50CA38	技術	기술
0x50CA40	城塞	성새
0x50CA48	放牧	방목
0x50CA50	特徴	특징
0x50CA58	常駐	상주
0x50CA60	非常駐	비상주
0x50CAA8	武力	무력
0x50CAB0	知力	지력
0x50CAB8	政治	정치
0x50CAC0	魅力	매력
0x50CAC8	義理	의리
0x50CAD0	野望	야망
0x50CAD8	冷静	냉정
0x50CAE0	勇猛	용맹
0x50CAE8	相性	상성
0x50CAF0	寿命	수명
0x50CAF8	有名	유명
0x50CB00	功績	공적
0x50CB08	名声	명성
0x50CB10	悪名	악명
0x50CB18	忠誠	충성
0x50CB20	金	금
0x50CB98	 タイプ 	 타입 
0x50CBA8	得意分野	특기 분야
0x50CBB8	将軍	장군
0x50CBC0	軍師	군사
0x50CBC8	万能	만능
0x50CBD0	平凡	평범
0x50CBD8	打撃	타격
0x50CBE0	射撃	사격
0x50CBE8	奇襲	기습
0x50CBF0	計略	계략
0x50CBF8	数値	수치
0x50CC00	特技	특기
0x50CC08	戦法	전법
0x50CC10	成長傾向	성장 경향
0x50CC20	決定	결정
0x50CC28	中止	중지
0x50CC38	勢力	세력
0x50CC40	所在	소재
0x50CC48	身分	신분
0x50CC50	編集内容で決定します\nよろしいですか？	편집 내용으로 결정합니다\n진행하시겠습니까?
0x50CC80	編集を中止して元に戻しますが\nよろしいですか？	편집을 중지하고 되돌립니다\n진행하시겠습니까?
0x50CCD0	能力などの数値を編集します	능력 등의 수치를 편집합니다
0x50CCF0	特技を編集します	특기를 편집합니다
0x50CD10	戦法を編集します	전법을 편집합니다
0x50CD30	成長傾向を編集します	성장 경향을 편집합니다
0x50CD50	編集内容で決定します	편집 내용으로 결정합니다
0x50CD70	編集を中止します	편집을 중지합니다
0x50CD88	%sを変更します	%s 변경합니다
0x50CDA0	[2b%sは変更できません	[2b%s 변경은 불가합니다
0x50CDC0	%sレベルを変更します	%s 레벨을 변경합니다
0x50CDE0	タイプを変更します	타입을 변경합니다
0x50CE00	得意分野を変更します(複数可)	특기 분야 변경(복수 가능)
0x50D0B0	%s(%d～%d)	%s(%d~%d)
0x50D100	x＜週	x＜주
0x50D120	x＜週	x＜주
0x50D1D0	x＜週	x＜주
0x50D7C0	x＜集	x＜집
0x50D7E0	x＜集	x＜집
0x50D900	x＜集	x＜집
0x50DBA0	x＜集	x＜집
0x50DCC0	x＜集	x＜집
0x50DCE0	x＜集	x＜집
0x50EE30	x＜集	x＜집
0x513850	x＜従	x＜종
0x5138F0	x＜従	x＜종
0x513910	x＜戎	x＜융
0x513A20	x＜戎	x＜융
0x514C60	x＜柔	x＜유
